nome_arquivo,nome_pasta,tipo_arquivo,tamanho_bytes
gerar_dados_amazon_simulados.py,,.py,0,0
.DS_Store,stock_data,,6148,7
CSCO.csv,stock_data/S&P500,.csv,827590,7990
UAL.csv,stock_data/S&P500,.csv,382334,3964
TROW.csv,stock_data/S&P500,.csv,896891,8969
ISRG.csv,stock_data/S&P500,.csv,528731,5380
NVR.csv,stock_data/S&P500,.csv,642989,9129
TPR.csv,stock_data/S&P500,.csv,538935,5302
DVN.csv,stock_data/S&P500,.csv,892545,9084
CE.csv,stock_data/S&P500,.csv,418259,4226
MRO.csv,stock_data/S&P500,.csv,1506844,15061
BA.csv,stock_data/S&P500,.csv,1544690,15064
VRTX.csv,stock_data/S&P500,.csv,616117,7628
GILD.csv,stock_data/S&P500,.csv,769757,7502
NLSN.csv,stock_data/S&P500,.csv,270289,2711
EQIX.csv,stock_data/S&P500,.csv,533288,5341
TER.csv,stock_data/S&P500,.csv,1188482,12221
MDT.csv,stock_data/S&P500,.csv,1220614,12217
V.csv,stock_data/S&P500,.csv,350672,3432
QRVO.csv,stock_data/S&P500,.csv,159597,1722
A.csv,stock_data/S&P500,.csv,561678,5525
FOX.csv,stock_data/S&P500,.csv,66116,668
FLT.csv,stock_data/S&P500,.csv,255478,2740
MO.csv,stock_data/S&P500,.csv,1555679,15060
CTRA.csv,stock_data/S&P500,.csv,814581,7984
SWKS.csv,stock_data/S&P500,.csv,927330,9209
ENPH.csv,stock_data/S&P500,.csv,225177,2415
MCHP.csv,stock_data/S&P500,.csv,732566,7210
CDNS.csv,stock_data/S&P500,.csv,766245,8671
WLTW.csv,stock_data/S&P500,.csv,513725,5132
MSCI.csv,stock_data/S&P500,.csv,346370,3516
CHTR.csv,stock_data/S&P500,.csv,269567,2973
EIX.csv,stock_data/S&P500,.csv,1213120,12235
BBY.csv,stock_data/S&P500,.csv,946214,9207
WBA.csv,stock_data/S&P500,.csv,1051684,10499
LVS.csv,stock_data/S&P500,.csv,420902,4251
HCA.csv,stock_data/S&P500,.csv,265732,2682
AJG.csv,stock_data/S&P500,.csv,943668,9387
DTE.csv,stock_data/S&P500,.csv,1493656,15045
C.csv,stock_data/S&P500,.csv,1140417,11305
T.csv,stock_data/S&P500,.csv,977280,9567
CF.csv,stock_data/S&P500,.csv,415924,4086
DISH.csv,stock_data/S&P500,.csv,670514,6640
MGM.csv,stock_data/S&P500,.csv,830519,8236
HUM.csv,stock_data/S&P500,.csv,1011701,10046
CBOE.csv,stock_data/S&P500,.csv,279907,2868
CFG.csv,stock_data/S&P500,.csv,178794,1791
WU.csv,stock_data/S&P500,.csv,382914,3799
APH.csv,stock_data/S&P500,.csv,771024,7553
SYY.csv,stock_data/S&P500,.csv,1149014,11235
MSI.csv,stock_data/S&P500,.csv,1469788,15063
FCX.csv,stock_data/S&P500,.csv,675742,6628
ADM.csv,stock_data/S&P500,.csv,1051801,10499
OGN.csv,stock_data/S&P500,.csv,11680,120
LH.csv,stock_data/S&P500,.csv,695546,7959
PKI.csv,stock_data/S&P500,.csv,1198161,12281
LNT.csv,stock_data/S&P500,.csv,1164422,12118
BAC.csv,stock_data/S&P500,.csv,1205710,12244
LNC.csv,stock_data/S&P500,.csv,1040118,10499
PSX.csv,stock_data/S&P500,.csv,236136,2407
GPN.csv,stock_data/S&P500,.csv,530451,5234
PPG.csv,stock_data/S&P500,.csv,1052505,10499
TECH.csv,stock_data/S&P500,.csv,810893,8221
IRM.csv,stock_data/S&P500,.csv,656524,6482
IQV.csv,stock_data/S&P500,.csv,198768,2138
ESS.csv,stock_data/S&P500,.csv,678417,6903
HAL.csv,stock_data/S&P500,.csv,1266109,12465
STZ.csv,stock_data/S&P500,.csv,757290,7465
DXC.csv,stock_data/S&P500,.csv,1022091,10046
ADI.csv,stock_data/S&P500,.csv,1050630,10497
F.csv,stock_data/S&P500,.csv,1281642,12465
ADBE.csv,stock_data/S&P500,.csv,886402,8878
CPRT.csv,stock_data/S&P500,.csv,649347,6957
TDG.csv,stock_data/S&P500,.csv,386003,3938
TFX.csv,stock_data/S&P500,.csv,1020369,10491
ULTA.csv,stock_data/S&P500,.csv,338481,3531
ARE.csv,stock_data/S&P500,.csv,604400,6150
SYK.csv,stock_data/S&P500,.csv,1036201,10473
CB.csv,stock_data/S&P500,.csv,728877,7206
TSN.csv,stock_data/S&P500,.csv,1030014,10422
GNRC.csv,stock_data/S&P500,.csv,283563,2953
PEP.csv,stock_data/S&P500,.csv,1273632,12461
PEG.csv,stock_data/S&P500,.csv,1069879,10551
NOW.csv,stock_data/S&P500,.csv,215347,2352
LLY.csv,stock_data/S&P500,.csv,1265793,12463
COST.csv,stock_data/S&P500,.csv,899398,8904
REG.csv,stock_data/S&P500,.csv,689940,7050
NWS.csv,stock_data/S&P500,.csv,211353,2110
LOW.csv,stock_data/S&P500,.csv,1057430,10497
MDLZ.csv,stock_data/S&P500,.csv,515128,5131
BKNG.csv,stock_data/S&P500,.csv,504283,5687
ZBRA.csv,stock_data/S&P500,.csv,719740,7613
FMC.csv,stock_data/S&P500,.csv,1037850,10499
XEL.csv,stock_data/S&P500,.csv,1192504,12275
AIZ.csv,stock_data/S&P500,.csv,439896,4468
CERN.csv,stock_data/S&P500,.csv,878357,8746
MET.csv,stock_data/S&P500,.csv,552976,5430
FTV.csv,stock_data/S&P500,.csv,134674,1344
DLR.csv,stock_data/S&P500,.csv,423876,4283
XRAY.csv,stock_data/S&P500,.csv,841749,8476
FAST.csv,stock_data/S&P500,.csv,873268,8612
TJX.csv,stock_data/S&P500,.csv,887270,8659
SNA.csv,stock_data/S&P500,.csv,1186085,12219
MPC.csv,stock_data/S&P500,.csv,264277,2608
BR.csv,stock_data/S&P500,.csv,365059,3682
D.csv,stock_data/S&P500,.csv,1044128,10497
MRK.csv,stock_data/S&P500,.csv,1522401,15063
STX.csv,stock_data/S&P500,.csv,473013,4757
NOC.csv,stock_data/S&P500,.csv,1011282,10046
BXP.csv,stock_data/S&P500,.csv,606720,6136
KHC.csv,stock_data/S&P500,.csv,157782,1596
IPG.csv,stock_data/S&P500,.csv,1032951,10474
UNP.csv,stock_data/S&P500,.csv,1071376,10551
ALLE.csv,stock_data/S&P500,.csv,196091,2004
ABBV.csv,stock_data/S&P500,.csv,220024,2226
CDAY.csv,stock_data/S&P500,.csv,82018,888
ORCL.csv,stock_data/S&P500,.csv,930942,8986
ECL.csv,stock_data/S&P500,.csv,1188868,12240
ETR.csv,stock_data/S&P500,.csv,1229616,12464
EBAY.csv,stock_data/S&P500,.csv,595871,5816
SBUX.csv,stock_data/S&P500,.csv,757000,7394
PENN.csv,stock_data/S&P500,.csv,685545,6909
IR.csv,stock_data/S&P500,.csv,107036,1128
AMT.csv,stock_data/S&P500,.csv,591791,5961
INTU.csv,stock_data/S&P500,.csv,732142,7215
DPZ.csv,stock_data/S&P500,.csv,430891,4360
PAYC.csv,stock_data/S&P500,.csv,175532,1903
DRE.csv,stock_data/S&P500,.csv,894231,8968
CMA.csv,stock_data/S&P500,.csv,1017490,10458
IPGP.csv,stock_data/S&P500,.csv,346214,3748
PG.csv,stock_data/S&P500,.csv,1511522,15062
CAT.csv,stock_data/S&P500,.csv,1531493,15064
ODFL.csv,stock_data/S&P500,.csv,714814,7110
MCD.csv,stock_data/S&P500,.csv,1415151,13929
MNST.csv,stock_data/S&P500,.csv,856674,8650
AMZN.csv,stock_data/S&P500,.csv,547512,6159
INTC.csv,stock_data/S&P500,.csv,1092364,10498
PNR.csv,stock_data/S&P500,.csv,1207441,11955
GLW.csv,stock_data/S&P500,.csv,1023426,10045
BDX.csv,stock_data/S&P500,.csv,1204155,12282
KMI.csv,stock_data/S&P500,.csv,273297,2700
PWR.csv,stock_data/S&P500,.csv,604251,5971
APTV.csv,stock_data/S&P500,.csv,250186,2506
BBWI.csv,stock_data/S&P500,.csv,1002035,9983
DXCM.csv,stock_data/S&P500,.csv,383540,4169
EXR.csv,stock_data/S&P500,.csv,425086,4336
WELL.csv,stock_data/S&P500,.csv,981231,10167
HOLX.csv,stock_data/S&P500,.csv,651021,7979
EXPD.csv,stock_data/S&P500,.csv,925148,9297
GM.csv,stock_data/S&P500,.csv,276210,2758
TXN.csv,stock_data/S&P500,.csv,1280321,12465
VRSK.csv,stock_data/S&P500,.csv,298865,3040
SJM.csv,stock_data/S&P500,.csv,669651,6796
TMO.csv,stock_data/S&P500,.csv,1032025,10497
OXY.csv,stock_data/S&P500,.csv,1015357,10046
RL.csv,stock_data/S&P500,.csv,607637,6140
CCI.csv,stock_data/S&P500,.csv,579901,5842
MMM.csv,stock_data/S&P500,.csv,1327618,13077
MOS.csv,stock_data/S&P500,.csv,863839,8512
FTNT.csv,stock_data/S&P500,.csv,288934,3010
HSY.csv,stock_data/S&P500,.csv,1039215,10496
JNPR.csv,stock_data/S&P500,.csv,577014,5627
DHI.csv,stock_data/S&P500,.csv,751876,7408
ED.csv,stock_data/S&P500,.csv,1501557,15057
ES.csv,stock_data/S&P500,.csv,1163601,12255
ADSK.csv,stock_data/S&P500,.csv,912520,9162
GL.csv,stock_data/S&P500,.csv,1016830,10358
IP.csv,stock_data/S&P500,.csv,1500690,15064
EXPE.csv,stock_data/S&P500,.csv,415710,4101
KO.csv,stock_data/S&P500,.csv,1568394,15064
PCAR.csv,stock_data/S&P500,.csv,1041126,10479
WDC.csv,stock_data/S&P500,.csv,1060114,10827
LUMN.csv,stock_data/S&P500,.csv,1036051,10451
PYPL.csv,stock_data/S&P500,.csv,149580,1596
NEE.csv,stock_data/S&P500,.csv,1221337,12285
UPS.csv,stock_data/S&P500,.csv,546116,5531
LEG.csv,stock_data/S&P500,.csv,1033014,10478
EMR.csv,stock_data/S&P500,.csv,1266961,12463
MSFT.csv,stock_data/S&P500,.csv,932152,8985
ANSS.csv,stock_data/S&P500,.csv,554674,6386
CTAS.csv,stock_data/S&P500,.csv,941992,9593
BIO.csv,stock_data/S&P500,.csv,876327,10263
UDR.csv,stock_data/S&P500,.csv,964926,9810
CTLT.csv,stock_data/S&P500,.csv,172426,1829
WEC.csv,stock_data/S&P500,.csv,1039899,10498
AME.csv,stock_data/S&P500,.csv,952107,9400
IT.csv,stock_data/S&P500,.csv,674648,7072
DD.csv,stock_data/S&P500,.csv,1262629,12465
ACN.csv,stock_data/S&P500,.csv,509384,5106
VRSN.csv,stock_data/S&P500,.csv,599552,5980
EW.csv,stock_data/S&P500,.csv,531015,5437
CMG.csv,stock_data/S&P500,.csv,350605,3971
AWK.csv,stock_data/S&P500,.csv,336768,3408
COO.csv,stock_data/S&P500,.csv,974693,9773
SHW.csv,stock_data/S&P500,.csv,1048323,10499
HPQ.csv,stock_data/S&P500,.csv,1569289,15062
AMAT.csv,stock_data/S&P500,.csv,1072384,10492
CCL.csv,stock_data/S&P500,.csv,870474,8640
MLM.csv,stock_data/S&P500,.csv,686018,6977
AVY.csv,stock_data/S&P500,.csv,1191165,12266
AAP.csv,stock_data/S&P500,.csv,507648,5017
ATVI.csv,stock_data/S&P500,.csv,716087,7022
EVRG.csv,stock_data/S&P500,.csv,1173072,12241
EA.csv,stock_data/S&P500,.csv,819750,8094
DE.csv,stock_data/S&P500,.csv,1265785,12465
SPG.csv,stock_data/S&P500,.csv,708392,7023
AMD.csv,stock_data/S&P500,.csv,796476,10499
KLAC.csv,stock_data/S&P500,.csv,1012471,10304
NDAQ.csv,stock_data/S&P500,.csv,480067,4869
URI.csv,stock_data/S&P500,.csv,525375,6008
WHR.csv,stock_data/S&P500,.csv,1197384,12283
RTX.csv,stock_data/S&P500,.csv,1342311,13074
NXPI.csv,stock_data/S&P500,.csv,281077,2831
PNC.csv,stock_data/S&P500,.csv,1096099,11291
KMX.csv,stock_data/S&P500,.csv,550647,6229
WRK.csv,stock_data/S&P500,.csv,161798,1603
MTCH.csv,stock_data/S&P500,.csv,732785,7251
BIIB.csv,stock_data/S&P500,.csv,689075,7589
NVDA.csv,stock_data/S&P500,.csv,601169,5735
CHRW.csv,stock_data/S&P500,.csv,607749,6052
ROP.csv,stock_data/S&P500,.csv,751726,7486
IDXX.csv,stock_data/S&P500,.csv,628751,7651
EXC.csv,stock_data/S&P500,.csv,1218924,12236
HES.csv,stock_data/S&P500,.csv,1049001,10499
HD.csv,stock_data/S&P500,.csv,1036573,10090
ALB.csv,stock_data/S&P500,.csv,698216,6975
VLO.csv,stock_data/S&P500,.csv,1021148,10042
AON.csv,stock_data/S&P500,.csv,1038127,10446
ZTS.csv,stock_data/S&P500,.csv,219157,2205
FDX.csv,stock_data/S&P500,.csv,1108498,10987
DG.csv,stock_data/S&P500,.csv,298282,3013
TYL.csv,stock_data/S&P500,.csv,857358,10423
HIG.csv,stock_data/S&P500,.csv,659112,6516
CMS.csv,stock_data/S&P500,.csv,1162970,12270
CAG.csv,stock_data/S&P500,.csv,1048536,10498
INCY.csv,stock_data/S&P500,.csv,589833,7049
SCHW.csv,stock_data/S&P500,.csv,875506,8596
HSIC.csv,stock_data/S&P500,.csv,642720,6545
AZO.csv,stock_data/S&P500,.csv,610417,7708
AXP.csv,stock_data/S&P500,.csv,1255697,12359
HPE.csv,stock_data/S&P500,.csv,156503,1522
DFS.csv,stock_data/S&P500,.csv,359476,3624
SEE.csv,stock_data/S&P500,.csv,1038082,10499
HRL.csv,stock_data/S&P500,.csv,1027604,10451
SO.csv,stock_data/S&P500,.csv,1024016,10046
FRT.csv,stock_data/S&P500,.csv,1148526,11532
ZBH.csv,stock_data/S&P500,.csv,504104,5102
FRC.csv,stock_data/S&P500,.csv,269796,2744
CME.csv,stock_data/S&P500,.csv,480908,4760
XOM.csv,stock_data/S&P500,.csv,1521212,15062
AMP.csv,stock_data/S&P500,.csv,402608,4062
CVX.csv,stock_data/S&P500,.csv,1503663,15063
CMCSA.csv,stock_data/S&P500,.csv,1041662,10480
PNW.csv,stock_data/S&P500,.csv,1160728,12280
ICE.csv,stock_data/S&P500,.csv,407969,4018
CTXS.csv,stock_data/S&P500,.csv,661621,6521
BEN.csv,stock_data/S&P500,.csv,963588,9572
DISCK.csv,stock_data/S&P500,.csv,321633,3305
UHS.csv,stock_data/S&P500,.csv,998606,10164
BKR.csv,stock_data/S&P500,.csv,867563,8716
EMN.csv,stock_data/S&P500,.csv,710804,7023
SBAC.csv,stock_data/S&P500,.csv,557942,5634
ROK.csv,stock_data/S&P500,.csv,1012681,10046
PTC.csv,stock_data/S&P500,.csv,664294,8038
NRG.csv,stock_data/S&P500,.csv,460424,4512
NSC.csv,stock_data/S&P500,.csv,1006129,9941
NKE.csv,stock_data/S&P500,.csv,1062193,10317
FIS.csv,stock_data/S&P500,.csv,510588,5126
FANG.csv,stock_data/S&P500,.csv,223571,2279
VTR.csv,stock_data/S&P500,.csv,622153,6166
MAS.csv,stock_data/S&P500,.csv,1050853,10499
RF.csv,stock_data/S&P500,.csv,1021878,10448
ETSY.csv,stock_data/S&P500,.csv,154898,1651
AMCR.csv,stock_data/S&P500,.csv,115798,1199
TAP.csv,stock_data/S&P500,.csv,1135188,11675
MAR.csv,stock_data/S&P500,.csv,604184,5945
XYL.csv,stock_data/S&P500,.csv,249110,2531
CMI.csv,stock_data/S&P500,.csv,1193243,12281
FB.csv,stock_data/S&P500,.csv,226064,2381
MTD.csv,stock_data/S&P500,.csv,516118,6031
BF-B.csv,stock_data/S&P500,.csv,1039640,10498
NLOK.csv,stock_data/S&P500,.csv,829020,8155
KR.csv,stock_data/S&P500,.csv,1503542,15054
PLD.csv,stock_data/S&P500,.csv,596666,6026
IBM.csv,stock_data/S&P500,.csv,1529541,15062
USB.csv,stock_data/S&P500,.csv,1155705,11292
BSX.csv,stock_data/S&P500,.csv,626002,7421
LKQ.csv,stock_data/S&P500,.csv,435537,4552
FBHS.csv,stock_data/S&P500,.csv,251157,2550
LIN.csv,stock_data/S&P500,.csv,749685,7401
ITW.csv,stock_data/S&P500,.csv,1177057,12085
TWTR.csv,stock_data/S&P500,.csv,191721,2011
EOG.csv,stock_data/S&P500,.csv,812890,8084
PVH.csv,stock_data/S&P500,.csv,1022675,10469
KMB.csv,stock_data/S&P500,.csv,1046133,10499
PEAK.csv,stock_data/S&P500,.csv,922777,9187
SPGI.csv,stock_data/S&P500,.csv,1201590,12275
NEM.csv,stock_data/S&P500,.csv,1050570,10499
WFC.csv,stock_data/S&P500,.csv,1287185,12461
CTVA.csv,stock_data/S&P500,.csv,61369,617
EL.csv,stock_data/S&P500,.csv,663209,6535
GS.csv,stock_data/S&P500,.csv,564084,5664
GD.csv,stock_data/S&P500,.csv,1486564,15059
CNP.csv,stock_data/S&P500,.csv,1503007,15061
PM.csv,stock_data/S&P500,.csv,338507,3434
RE.csv,stock_data/S&P500,.csv,645659,6568
MCO.csv,stock_data/S&P500,.csv,685731,6798
CLX.csv,stock_data/S&P500,.csv,1206780,12279
CAH.csv,stock_data/S&P500,.csv,951553,9580
MPWR.csv,stock_data/S&P500,.csv,421624,4268
DGX.csv,stock_data/S&P500,.csv,630122,6262
AVB.csv,stock_data/S&P500,.csv,686181,6961
DIS.csv,stock_data/S&P500,.csv,1551967,15063
CBRE.csv,stock_data/S&P500,.csv,424890,4381
GE.csv,stock_data/S&P500,.csv,1534282,15063
HII.csv,stock_data/S&P500,.csv,264406,2674
LDOS.csv,stock_data/S&P500,.csv,382636,3788
ALL.csv,stock_data/S&P500,.csv,725706,7158
ETN.csv,stock_data/S&P500,.csv,1269081,12464
ALGN.csv,stock_data/S&P500,.csv,479199,5224
NFLX.csv,stock_data/S&P500,.csv,477004,4897
LEN.csv,stock_data/S&P500,.csv,1035228,10492
FITB.csv,stock_data/S&P500,.csv,1010986,10262
WST.csv,stock_data/S&P500,.csv,1020236,10479
GWW.csv,stock_data/S&P500,.csv,1188713,12263
NTRS.csv,stock_data/S&P500,.csv,1010054,10374
CVS.csv,stock_data/S&P500,.csv,1202539,12282
AOS.csv,stock_data/S&P500,.csv,958968,9498
FE.csv,stock_data/S&P500,.csv,602679,6035
ABC.csv,stock_data/S&P500,.csv,676993,6694
JPM.csv,stock_data/S&P500,.csv,1055127,10499
ABT.csv,stock_data/S&P500,.csv,1065971,10499
OMC.csv,stock_data/S&P500,.csv,1020536,10437
COF.csv,stock_data/S&P500,.csv,682616,6789
TSCO.csv,stock_data/S&P500,.csv,701214,6943
PH.csv,stock_data/S&P500,.csv,1037788,10497
HST.csv,stock_data/S&P500,.csv,1055988,10498
JBHT.csv,stock_data/S&P500,.csv,938783,9541
MRNA.csv,stock_data/S&P500,.csv,67971,732
TSLA.csv,stock_data/S&P500,.csv,276947,2858
ATO.csv,stock_data/S&P500,.csv,949709,9513
COP.csv,stock_data/S&P500,.csv,1021279,10045
DHR.csv,stock_data/S&P500,.csv,1067551,10741
CNC.csv,stock_data/S&P500,.csv,477392,5007
MCK.csv,stock_data/S&P500,.csv,688636,6793
TXT.csv,stock_data/S&P500,.csv,1199810,0
MTB.csv,stock_data/S&P500,.csv,1000621,10386
VTRS.csv,stock_data/S&P500,.csv,1034938,10473
DISCA.csv,stock_data/S&P500,.csv,405921,4110
AKAM.csv,stock_data/S&P500,.csv,503507,5539
ROL.csv,stock_data/S&P500,.csv,1047981,10495
RMD.csv,stock_data/S&P500,.csv,671349,6647
WRB.csv,stock_data/S&P500,.csv,1126050,11333
GOOGL.csv,stock_data/S&P500,.csv,414954,4333
BRO.csv,stock_data/S&P500,.csv,871653,8746
ANET.csv,stock_data/S&P500,.csv,169570,1867
PAYX.csv,stock_data/S&P500,.csv,959501,9610
ALK.csv,stock_data/S&P500,.csv,1040741,10489
DRI.csv,stock_data/S&P500,.csv,675703,6670
ILMN.csv,stock_data/S&P500,.csv,494652,5351
AAL.csv,stock_data/S&P500,.csv,402577,4054
XLNX.csv,stock_data/S&P500,.csv,804388,7911
MAA.csv,stock_data/S&P500,.csv,682305,6991
MMC.csv,stock_data/S&P500,.csv,1189736,12283
FOXA.csv,stock_data/S&P500,.csv,66515,669
POOL.csv,stock_data/S&P500,.csv,657868,6537
CZR.csv,stock_data/S&P500,.csv,163050,1793
FFIV.csv,stock_data/S&P500,.csv,517983,5642
VNO.csv,stock_data/S&P500,.csv,992964,10111
CINF.csv,stock_data/S&P500,.csv,1016374,10449
VMC.csv,stock_data/S&P500,.csv,1167059,12157
MKTX.csv,stock_data/S&P500,.csv,420439,4278
SRE.csv,stock_data/S&P500,.csv,581692,5877
LHX.csv,stock_data/S&P500,.csv,1012459,10045
ORLY.csv,stock_data/S&P500,.csv,599972,7175
IVZ.csv,stock_data/S&P500,.csv,666303,6593
RCL.csv,stock_data/S&P500,.csv,722891,7183
PXD.csv,stock_data/S&P500,.csv,606070,6100
SNPS.csv,stock_data/S&P500,.csv,620501,7479
GOOG.csv,stock_data/S&P500,.csv,416647,4333
SIVB.csv,stock_data/S&P500,.csv,721745,8465
YUM.csv,stock_data/S&P500,.csv,614560,6073
LYV.csv,stock_data/S&P500,.csv,374097,3994
PFE.csv,stock_data/S&P500,.csv,1296290,12461
AVGO.csv,stock_data/S&P500,.csv,308004,3083
DUK.csv,stock_data/S&P500,.csv,1050409,10499
REGN.csv,stock_data/S&P500,.csv,589900,7708
CL.csv,stock_data/S&P500,.csv,1239469,0
VFC.csv,stock_data/S&P500,.csv,1045898,10497
UA.csv,stock_data/S&P500,.csv,137892,1414
VZ.csv,stock_data/S&P500,.csv,975341,9567
JCI.csv,stock_data/S&P500,.csv,869774,8595
AMGN.csv,stock_data/S&P500,.csv,984699,9673
TEL.csv,stock_data/S&P500,.csv,359136,3624
JKHY.csv,stock_data/S&P500,.csv,879503,8800
ADP.csv,stock_data/S&P500,.csv,1057130,10499
STT.csv,stock_data/S&P500,.csv,1037249,10482
RSG.csv,stock_data/S&P500,.csv,592939,5875
IFF.csv,stock_data/S&P500,.csv,1166112,11824
ANTM.csv,stock_data/S&P500,.csv,509782,5038
GPS.csv,stock_data/S&P500,.csv,1053286,10498
BLL.csv,stock_data/S&P500,.csv,1206513,12199
CARR.csv,stock_data/S&P500,.csv,40881,411
TRMB.csv,stock_data/S&P500,.csv,721558,7884
QCOM.csv,stock_data/S&P500,.csv,772502,7529
LYB.csv,stock_data/S&P500,.csv,285266,2901
GIS.csv,stock_data/S&P500,.csv,1056077,10499
PHM.csv,stock_data/S&P500,.csv,1046816,10487
ROST.csv,stock_data/S&P500,.csv,935025,9133
LUV.csv,stock_data/S&P500,.csv,1077663,10550
LW.csv,stock_data/S&P500,.csv,122030,1253
MS.csv,stock_data/S&P500,.csv,736089,7228
CPB.csv,stock_data/S&P500,.csv,1198824,12279
OKE.csv,stock_data/S&P500,.csv,1035306,10358
BK.csv,stock_data/S&P500,.csv,1238761,12156
J.csv,stock_data/S&P500,.csv,1010277,10409
SYF.csv,stock_data/S&P500,.csv,183007,1829
CHD.csv,stock_data/S&P500,.csv,1026890,10286
HWM.csv,stock_data/S&P500,.csv,125989,1260
MHK.csv,stock_data/S&P500,.csv,654571,7452
TFC.csv,stock_data/S&P500,.csv,984025,10018
INFO.csv,stock_data/S&P500,.csv,183510,1858
DAL.csv,stock_data/S&P500,.csv,362419,3653
APA.csv,stock_data/S&P500,.csv,1076492,10710
K.csv,stock_data/S&P500,.csv,1199566,12278
AFL.csv,stock_data/S&P500,.csv,1062032,10486
CSX.csv,stock_data/S&P500,.csv,1072418,10338
NI.csv,stock_data/S&P500,.csv,1207503,12261
PFG.csv,stock_data/S&P500,.csv,500677,5043
NCLH.csv,stock_data/S&P500,.csv,209022,2214
ZION.csv,stock_data/S&P500,.csv,1010507,10381
RJF.csv,stock_data/S&P500,.csv,955462,9573
HBAN.csv,stock_data/S&P500,.csv,1020308,10436
UNH.csv,stock_data/S&P500,.csv,934050,9332
PRU.csv,stock_data/S&P500,.csv,494477,5007
GPC.csv,stock_data/S&P500,.csv,1042906,10499
FISV.csv,stock_data/S&P500,.csv,843143,8838
WMB.csv,stock_data/S&P500,.csv,1026146,10044
EQR.csv,stock_data/S&P500,.csv,716786,7109
PBCT.csv,stock_data/S&P500,.csv,849992,8395
KSU.csv,stock_data/S&P500,.csv,1030108,10498
DVA.csv,stock_data/S&P500,.csv,611139,6548
AIG.csv,stock_data/S&P500,.csv,1068277,10832
MA.csv,stock_data/S&P500,.csv,395327,3888
HBI.csv,stock_data/S&P500,.csv,387851,3817
HON.csv,stock_data/S&P500,.csv,1327456,13075
O.csv,stock_data/S&P500,.csv,686365,6810
NWSA.csv,stock_data/S&P500,.csv,212940,2110
TTWO.csv,stock_data/S&P500,.csv,615367,6165
AES.csv,stock_data/S&P500,.csv,775330,7648
SLB.csv,stock_data/S&P500,.csv,1015913,10045
TT.csv,stock_data/S&P500,.csv,1045925,10499
TGT.csv,stock_data/S&P500,.csv,1217401,12283
AAPL.csv,stock_data/S&P500,.csv,1095565,10311
MKC.csv,stock_data/S&P500,.csv,1178613,12153
OTIS.csv,stock_data/S&P500,.csv,40016,411
TDY.csv,stock_data/S&P500,.csv,495656,5522
WY.csv,stock_data/S&P500,.csv,1239465,12235
APD.csv,stock_data/S&P500,.csv,1050604,10499
GRMN.csv,stock_data/S&P500,.csv,531295,5258
AEE.csv,stock_data/S&P500,.csv,596879,5999
HLT.csv,stock_data/S&P500,.csv,198345,1987
DLTR.csv,stock_data/S&P500,.csv,646328,6714
STE.csv,stock_data/S&P500,.csv,748485,7413
HAS.csv,stock_data/S&P500,.csv,1037360,10442
TMUS.csv,stock_data/S&P500,.csv,365126,3663
WMT.csv,stock_data/S&P500,.csv,1273671,12385
NTAP.csv,stock_data/S&P500,.csv,664434,6533
KIM.csv,stock_data/S&P500,.csv,765101,7543
BAX.csv,stock_data/S&P500,.csv,1025415,10091
LMT.csv,stock_data/S&P500,.csv,1142335,11306
ABMD.csv,stock_data/S&P500,.csv,645793,8553
KEY.csv,stock_data/S&P500,.csv,870967,8567
KEYS.csv,stock_data/S&P500,.csv,165013,1773
BMY.csv,stock_data/S&P500,.csv,1278272,12465
PSA.csv,stock_data/S&P500,.csv,1011565,10282
WYNN.csv,stock_data/S&P500,.csv,472695,4789
RHI.csv,stock_data/S&P500,.csv,1001241,10235
EFX.csv,stock_data/S&P500,.csv,1037478,10475
NUE.csv,stock_data/S&P500,.csv,1049786,10499
PKG.csv,stock_data/S&P500,.csv,541417,5477
WAB.csv,stock_data/S&P500,.csv,662157,6643
CTSH.csv,stock_data/S&P500,.csv,597876,5883
SWK.csv,stock_data/S&P500,.csv,1035865,10498
CRL.csv,stock_data/S&P500,.csv,488716,5375
MU.csv,stock_data/S&P500,.csv,947133,9434
TRV.csv,stock_data/S&P500,.csv,1128297,11577
BRK-B.csv,stock_data/S&P500,.csv,606688,6416
L.csv,stock_data/S&P500,.csv,1034974,10499
AEP.csv,stock_data/S&P500,.csv,1490851,15063
CI.csv,stock_data/S&P500,.csv,1014710,9982
DOW.csv,stock_data/S&P500,.csv,65388,663
CDW.csv,stock_data/S&P500,.csv,207443,2104
JNJ.csv,stock_data/S&P500,.csv,1514928,15054
WM.csv,stock_data/S&P500,.csv,816375,8344
DOV.csv,stock_data/S&P500,.csv,1044732,10497
VIAC.csv,stock_data/S&P500,.csv,399354,4006
CRM.csv,stock_data/S&P500,.csv,415607,4373
PGR.csv,stock_data/S&P500,.csv,1047998,10429
WAT.csv,stock_data/S&P500,.csv,565798,6535
IEX.csv,stock_data/S&P500,.csv,817732,8162
BWA.csv,stock_data/S&P500,.csv,717903,7108
LRCX.csv,stock_data/S&P500,.csv,935959,9451
NWL.csv,stock_data/S&P500,.csv,1037640,10458
UAA.csv,stock_data/S&P500,.csv,384632,4016
BLK.csv,stock_data/S&P500,.csv,547166,5559
PPL.csv,stock_data/S&P500,.csv,1049935,10496
CSCO.csv,stock_data/Nasdaq 100,.csv,827656,7990
ISRG.csv,stock_data/Nasdaq 100,.csv,528731,5380
PDD.csv,stock_data/Nasdaq 100,.csv,76586,825
VRTX.csv,stock_data/Nasdaq 100,.csv,616117,7628
GILD.csv,stock_data/Nasdaq 100,.csv,769885,7502
FOX.csv,stock_data/Nasdaq 100,.csv,66145,668
SWKS.csv,stock_data/Nasdaq 100,.csv,927029,9209
MCHP.csv,stock_data/Nasdaq 100,.csv,732843,7210
CDNS.csv,stock_data/Nasdaq 100,.csv,766245,8671
CHTR.csv,stock_data/Nasdaq 100,.csv,269567,2973
KDP.csv,stock_data/Nasdaq 100,.csv,337995,3398
WBA.csv,stock_data/Nasdaq 100,.csv,1051980,10499
ADI.csv,stock_data/Nasdaq 100,.csv,1050776,10497
ADBE.csv,stock_data/Nasdaq 100,.csv,886468,8878
TCOM.csv,stock_data/Nasdaq 100,.csv,443499,4507
CPRT.csv,stock_data/Nasdaq 100,.csv,649347,6957
PEP.csv,stock_data/Nasdaq 100,.csv,1273251,12461
COST.csv,stock_data/Nasdaq 100,.csv,899187,8904
MDLZ.csv,stock_data/Nasdaq 100,.csv,515222,5131
BKNG.csv,stock_data/Nasdaq 100,.csv,504283,5687
XEL.csv,stock_data/Nasdaq 100,.csv,1192428,12275
WDAY.csv,stock_data/Nasdaq 100,.csv,210428,2279
CERN.csv,stock_data/Nasdaq 100,.csv,877838,8746
FAST.csv,stock_data/Nasdaq 100,.csv,873054,8612
KHC.csv,stock_data/Nasdaq 100,.csv,157731,1596
CHKP.csv,stock_data/Nasdaq 100,.csv,597641,6381
EBAY.csv,stock_data/Nasdaq 100,.csv,595777,5816
SBUX.csv,stock_data/Nasdaq 100,.csv,756872,7394
INTU.csv,stock_data/Nasdaq 100,.csv,732399,7215
MNST.csv,stock_data/Nasdaq 100,.csv,856674,8650
AMZN.csv,stock_data/Nasdaq 100,.csv,547512,6159
INTC.csv,stock_data/Nasdaq 100,.csv,1091895,10498
DOCU.csv,stock_data/Nasdaq 100,.csv,81344,887
DXCM.csv,stock_data/Nasdaq 100,.csv,383540,4169
TXN.csv,stock_data/Nasdaq 100,.csv,1280181,12465
VRSK.csv,stock_data/Nasdaq 100,.csv,298869,3040
MELI.csv,stock_data/Nasdaq 100,.csv,344725,3584
ADSK.csv,stock_data/Nasdaq 100,.csv,912319,9162
PCAR.csv,stock_data/Nasdaq 100,.csv,1040814,10479
PYPL.csv,stock_data/Nasdaq 100,.csv,149580,1596
BIDU.csv,stock_data/Nasdaq 100,.csv,391658,4090
MSFT.csv,stock_data/Nasdaq 100,.csv,932077,8985
ANSS.csv,stock_data/Nasdaq 100,.csv,554674,6386
CTAS.csv,stock_data/Nasdaq 100,.csv,941918,9593
OKTA.csv,stock_data/Nasdaq 100,.csv,106005,1152
NTES.csv,stock_data/Nasdaq 100,.csv,539989,5290
VRSN.csv,stock_data/Nasdaq 100,.csv,599570,5980
AMAT.csv,stock_data/Nasdaq 100,.csv,1072748,10492
ATVI.csv,stock_data/Nasdaq 100,.csv,716160,7022
EA.csv,stock_data/Nasdaq 100,.csv,819598,8094
AMD.csv,stock_data/Nasdaq 100,.csv,796476,10499
KLAC.csv,stock_data/Nasdaq 100,.csv,1012830,10304
NXPI.csv,stock_data/Nasdaq 100,.csv,281007,2831
MTCH.csv,stock_data/Nasdaq 100,.csv,732708,7251
BIIB.csv,stock_data/Nasdaq 100,.csv,689075,7589
NVDA.csv,stock_data/Nasdaq 100,.csv,601205,5735
IDXX.csv,stock_data/Nasdaq 100,.csv,628751,7651
EXC.csv,stock_data/Nasdaq 100,.csv,1218973,12236
INCY.csv,stock_data/Nasdaq 100,.csv,589833,7049
MRVL.csv,stock_data/Nasdaq 100,.csv,548996,5370
CMCSA.csv,stock_data/Nasdaq 100,.csv,1041656,10480
SIRI.csv,stock_data/Nasdaq 100,.csv,681062,6814
MAR.csv,stock_data/Nasdaq 100,.csv,604161,5945
FB.csv,stock_data/Nasdaq 100,.csv,226064,2381
SGEN.csv,stock_data/Nasdaq 100,.csv,476679,5197
LULU.csv,stock_data/Nasdaq 100,.csv,339491,3594
ALGN.csv,stock_data/Nasdaq 100,.csv,479199,5224
NFLX.csv,stock_data/Nasdaq 100,.csv,477004,4897
PTON.csv,stock_data/Nasdaq 100,.csv,49545,531
MRNA.csv,stock_data/Nasdaq 100,.csv,67971,732
TSLA.csv,stock_data/Nasdaq 100,.csv,276947,2858
GOOGL.csv,stock_data/Nasdaq 100,.csv,414954,4333
PAYX.csv,stock_data/Nasdaq 100,.csv,959927,9610
ILMN.csv,stock_data/Nasdaq 100,.csv,494652,5351
XLNX.csv,stock_data/Nasdaq 100,.csv,804537,7911
FOXA.csv,stock_data/Nasdaq 100,.csv,66484,669
CRWD.csv,stock_data/Nasdaq 100,.csv,54632,605
JD.csv,stock_data/Nasdaq 100,.csv,177000,1877
ORLY.csv,stock_data/Nasdaq 100,.csv,599972,7175
SNPS.csv,stock_data/Nasdaq 100,.csv,620501,7479
GOOG.csv,stock_data/Nasdaq 100,.csv,416647,4333
AVGO.csv,stock_data/Nasdaq 100,.csv,307895,3083
REGN.csv,stock_data/Nasdaq 100,.csv,589900,7708
AMGN.csv,stock_data/Nasdaq 100,.csv,984999,9673
ADP.csv,stock_data/Nasdaq 100,.csv,1057589,10499
QCOM.csv,stock_data/Nasdaq 100,.csv,772428,7529
ROST.csv,stock_data/Nasdaq 100,.csv,935114,9133
ZM.csv,stock_data/Nasdaq 100,.csv,56945,642
CSX.csv,stock_data/Nasdaq 100,.csv,1072632,10338
TEAM.csv,stock_data/Nasdaq 100,.csv,137850,1486
FISV.csv,stock_data/Nasdaq 100,.csv,843143,8838
HON.csv,stock_data/Nasdaq 100,.csv,1327326,13075
AAPL.csv,stock_data/Nasdaq 100,.csv,1095750,10311
DLTR.csv,stock_data/Nasdaq 100,.csv,646328,6714
TMUS.csv,stock_data/Nasdaq 100,.csv,365126,3663
SPLK.csv,stock_data/Nasdaq 100,.csv,223458,2402
CTSH.csv,stock_data/Nasdaq 100,.csv,597907,5883
MU.csv,stock_data/Nasdaq 100,.csv,947121,9434
AEP.csv,stock_data/Nasdaq 100,.csv,1491217,15063
CDW.csv,stock_data/Nasdaq 100,.csv,207508,2104
ASML.csv,stock_data/Nasdaq 100,.csv,679635,6708
LRCX.csv,stock_data/Nasdaq 100,.csv,936090,9451
CSCO.csv,stock_data/Dow Johns,.csv,827817,7990
BA.csv,stock_data/Dow Johns,.csv,1544603,15064
V.csv,stock_data/Dow Johns,.csv,350702,3432
WBA.csv,stock_data/Dow Johns,.csv,1051467,10499
MRK.csv,stock_data/Dow Johns,.csv,1522201,15063
PG.csv,stock_data/Dow Johns,.csv,1511666,15062
CAT.csv,stock_data/Dow Johns,.csv,1531279,15064
MCD.csv,stock_data/Dow Johns,.csv,1415353,13929
INTC.csv,stock_data/Dow Johns,.csv,1092090,10498
MMM.csv,stock_data/Dow Johns,.csv,1327868,13077
KO.csv,stock_data/Dow Johns,.csv,1568462,15064
MSFT.csv,stock_data/Dow Johns,.csv,931923,8985
HD.csv,stock_data/Dow Johns,.csv,1036762,10090
AXP.csv,stock_data/Dow Johns,.csv,1256613,12359
CVX.csv,stock_data/Dow Johns,.csv,1503334,15063
NKE.csv,stock_data/Dow Johns,.csv,1061963,10317
IBM.csv,stock_data/Dow Johns,.csv,1529610,15062
GS.csv,stock_data/Dow Johns,.csv,564356,5664
DIS.csv,stock_data/Dow Johns,.csv,1551724,15063
JPM.csv,stock_data/Dow Johns,.csv,1055393,10499
VZ.csv,stock_data/Dow Johns,.csv,975428,9567
AMGN.csv,stock_data/Dow Johns,.csv,984558,9673
UNH.csv,stock_data/Dow Johns,.csv,933976,9332
HON.csv,stock_data/Dow Johns,.csv,1327372,13075
AAPL.csv,stock_data/Dow Johns,.csv,1095199,10311
WMT.csv,stock_data/Dow Johns,.csv,1273253,12385
TRV.csv,stock_data/Dow Johns,.csv,1128427,11577
DOW.csv,stock_data/Dow Johns,.csv,65378,663
JNJ.csv,stock_data/Dow Johns,.csv,1515136,15054
CRM.csv,stock_data/Dow Johns,.csv,415607,4373
CSCO.csv,stock_data/Russell 3000,.csv,827903,7991
PRI.csv,stock_data/Russell 3000,.csv,287437,2920
GEF-B.csv,stock_data/Russell 3000,.csv,443322,4497
AIRC.csv,stock_data/Russell 3000,.csv,21783,224
HLNE.csv,stock_data/Russell 3000,.csv,114872,1180
HUBS.csv,stock_data/Russell 3000,.csv,160635,1781
SBGI.csv,stock_data/Russell 3000,.csv,666544,6651
UFCS.csv,stock_data/Russell 3000,.csv,853642,8769
SITC.csv,stock_data/Russell 3000,.csv,731328,7241
TLIS.csv,stock_data/Russell 3000,.csv,17088,184
TRNS.csv,stock_data/Russell 3000,.csv,596962,8531
AEIS.csv,stock_data/Russell 3000,.csv,644296,6536
UAL.csv,stock_data/Russell 3000,.csv,382436,3965
TROW.csv,stock_data/Russell 3000,.csv,896946,8970
ISRG.csv,stock_data/Russell 3000,.csv,528828,5381
EGP.csv,stock_data/Russell 3000,.csv,1103084,11625
EFC.csv,stock_data/Russell 3000,.csv,272614,2788
EEX.csv,stock_data/Russell 3000,.csv,110977,1139
NVR.csv,stock_data/Russell 3000,.csv,643019,9130
PLYM.csv,stock_data/Russell 3000,.csv,109998,1110
WOR.csv,stock_data/Russell 3000,.csv,1036526,10490
PRGO.csv,stock_data/Russell 3000,.csv,758115,7528
LECO.csv,stock_data/Russell 3000,.csv,692258,6945
ALTG.csv,stock_data/Russell 3000,.csv,51471,566
RPT.csv,stock_data/Russell 3000,.csv,817907,8200
VCYT.csv,stock_data/Russell 3000,.csv,186070,2018
BVH.csv,stock_data/Russell 3000,.csv,529675,5344
PLOW.csv,stock_data/Russell 3000,.csv,283560,2897
UTZ.csv,stock_data/Russell 3000,.csv,68024,693
UVE.csv,stock_data/Russell 3000,.csv,415101,4179
ORRF.csv,stock_data/Russell 3000,.csv,442365,4446
SIBN.csv,stock_data/Russell 3000,.csv,71675,768
NOG.csv,stock_data/Russell 3000,.csv,364585,3640
BXC.csv,stock_data/Russell 3000,.csv,387563,4253
SWIM.csv,stock_data/Russell 3000,.csv,12907,136
CHCO.csv,stock_data/Russell 3000,.csv,756192,7690
BBIO.csv,stock_data/Russell 3000,.csv,55319,595
TPR.csv,stock_data/Russell 3000,.csv,539097,5303
LOTZ.csv,stock_data/Russell 3000,.csv,50025,543
DVN.csv,stock_data/Russell 3000,.csv,892480,9085
MGEE.csv,stock_data/Russell 3000,.csv,999772,10406
AMSC.csv,stock_data/Russell 3000,.csv,581077,7531
XLRN.csv,stock_data/Russell 3000,.csv,189924,2047
LOVE.csv,stock_data/Russell 3000,.csv,77037,846
VIR.csv,stock_data/Russell 3000,.csv,47684,521
SVC.csv,stock_data/Russell 3000,.csv,652865,6600
HAFC.csv,stock_data/Russell 3000,.csv,631940,6339
BTAI.csv,stock_data/Russell 3000,.csv,82642,923
HMPT.csv,stock_data/Russell 3000,.csv,18677,194
CR.csv,stock_data/Russell 3000,.csv,1036982,10497
ADTN.csv,stock_data/Russell 3000,.csv,694813,6859
JNCE.csv,stock_data/Russell 3000,.csv,111253,1202
RLAY.csv,stock_data/Russell 3000,.csv,30198,330
OFLX.csv,stock_data/Russell 3000,.csv,395117,4076
DRRX.csv,stock_data/Russell 3000,.csv,487974,5309
BV.csv,stock_data/Russell 3000,.csv,79969,845
AM.csv,stock_data/Russell 3000,.csv,112270,1135
W.csv,stock_data/Russell 3000,.csv,165015,1786
CE.csv,stock_data/Russell 3000,.csv,418285,4227
MRO.csv,stock_data/Russell 3000,.csv,1507158,15062
HOV.csv,stock_data/Russell 3000,.csv,534399,9580
NBIX.csv,stock_data/Russell 3000,.csv,534343,6407
EVTC.csv,stock_data/Russell 3000,.csv,214306,2158
BA.csv,stock_data/Russell 3000,.csv,1544765,15065
VRTX.csv,stock_data/Russell 3000,.csv,616218,7629
AFG.csv,stock_data/Russell 3000,.csv,1037598,10498
SNR.csv,stock_data/Russell 3000,.csv,172357,1739
GILD.csv,stock_data/Russell 3000,.csv,769939,7503
DMS.csv,stock_data/Russell 3000,.csv,69330,759
WW.csv,stock_data/Russell 3000,.csv,488792,5027
MDB.csv,stock_data/Russell 3000,.csv,92766,1018
MGY.csv,stock_data/Russell 3000,.csv,101748,1027
SLM.csv,stock_data/Russell 3000,.csv,967752,9609
NLSN.csv,stock_data/Russell 3000,.csv,270213,2712
AMKR.csv,stock_data/Russell 3000,.csv,584025,5918
VPG.csv,stock_data/Russell 3000,.csv,263089,2855
THC.csv,stock_data/Russell 3000,.csv,1032587,10500
FCFS.csv,stock_data/Russell 3000,.csv,762576,7642
VRAY.csv,stock_data/Russell 3000,.csv,135880,1498
NPCE.csv,stock_data/Russell 3000,.csv,12505,137
MDU.csv,stock_data/Russell 3000,.csv,1184401,12204
TIG.csv,stock_data/Russell 3000,.csv,30617,330
TDW.csv,stock_data/Russell 3000,.csv,1006037,10498
CNXC.csv,stock_data/Russell 3000,.csv,23389,236
CFR.csv,stock_data/Russell 3000,.csv,1009083,10427
SCU.csv,stock_data/Russell 3000,.csv,349516,3518
DCO.csv,stock_data/Russell 3000,.csv,1085081,10995
ASLE.csv,stock_data/Russell 3000,.csv,54516,595
TVTY.csv,stock_data/Russell 3000,.csv,730853,7613
EQIX.csv,stock_data/Russell 3000,.csv,533386,5342
ZG.csv,stock_data/Russell 3000,.csv,251207,2592
HVT.csv,stock_data/Russell 3000,.csv,940675,9733
STMP.csv,stock_data/Russell 3000,.csv,547912,5607
MKL.csv,stock_data/Russell 3000,.csv,573119,8749
OSH.csv,stock_data/Russell 3000,.csv,28855,315
HUN.csv,stock_data/Russell 3000,.csv,421533,4211
PSTX.csv,stock_data/Russell 3000,.csv,30274,334
STON.csv,stock_data/Russell 3000,.csv,416853,4316
TVTX.csv,stock_data/Russell 3000,.csv,205582,2241
REPX.csv,stock_data/Russell 3000,.csv,559169,5746
TER.csv,stock_data/Russell 3000,.csv,1189192,12222
HARP.csv,stock_data/Russell 3000,.csv,63590,691
SMBK.csv,stock_data/Russell 3000,.csv,323250,3282
GPMT.csv,stock_data/Russell 3000,.csv,109330,1099
PODD.csv,stock_data/Russell 3000,.csv,339749,3646
MDT.csv,stock_data/Russell 3000,.csv,1220537,0
ATGE.csv,stock_data/Russell 3000,.csv,762191,7630
IPAR.csv,stock_data/Russell 3000,.csv,818677,8290
STAR.csv,stock_data/Russell 3000,.csv,758542,7558
AXSM.csv,stock_data/Russell 3000,.csv,133450,1500
CHX.csv,stock_data/Russell 3000,.csv,83612,888
BOOT.csv,stock_data/Russell 3000,.csv,164916,1766
MDC.csv,stock_data/Russell 3000,.csv,1050159,10376
UI.csv,stock_data/Russell 3000,.csv,249264,2531
AMSWA.csv,stock_data/Russell 3000,.csv,969216,9749
FORM.csv,stock_data/Russell 3000,.csv,425883,4633
FUV.csv,stock_data/Russell 3000,.csv,95374,1038
MEG.csv,stock_data/Russell 3000,.csv,29722,325
FTSI.csv,stock_data/Russell 3000,.csv,85100,946
V.csv,stock_data/Russell 3000,.csv,350839,3433
QRVO.csv,stock_data/Russell 3000,.csv,159682,1723
CIEN.csv,stock_data/Russell 3000,.csv,562892,6227
SXI.csv,stock_data/Russell 3000,.csv,1147584,12043
IRMD.csv,stock_data/Russell 3000,.csv,164516,1841
AL.csv,stock_data/Russell 3000,.csv,262038,2655
BW.csv,stock_data/Russell 3000,.csv,144255,1610
A.csv,stock_data/Russell 3000,.csv,561838,5526
REKR.csv,stock_data/Russell 3000,.csv,94280,1044
ADN.csv,stock_data/Russell 3000,.csv,56884,616
TALS.csv,stock_data/Russell 3000,.csv,11525,126
ATRS.csv,stock_data/Russell 3000,.csv,544411,6263
FOX.csv,stock_data/Russell 3000,.csv,66204,669
FLT.csv,stock_data/Russell 3000,.csv,255575,2741
MO.csv,stock_data/Russell 3000,.csv,1555547,15061
CSR.csv,stock_data/Russell 3000,.csv,592220,6011
HCC.csv,stock_data/Russell 3000,.csv,114183,1149
MCRI.csv,stock_data/Russell 3000,.csv,549861,6641
SGMO.csv,stock_data/Russell 3000,.csv,484287,5430
SWKS.csv,stock_data/Russell 3000,.csv,927346,9210
FRPT.csv,stock_data/Russell 3000,.csv,160288,1760
ZGNX.csv,stock_data/Russell 3000,.csv,260211,2756
RCKT.csv,stock_data/Russell 3000,.csv,159397,1692
WBT.csv,stock_data/Russell 3000,.csv,135011,1427
TBPH.csv,stock_data/Russell 3000,.csv,176710,1876
ENPH.csv,stock_data/Russell 3000,.csv,225273,2416
NCR.csv,stock_data/Russell 3000,.csv,624105,6267
ITCI.csv,stock_data/Russell 3000,.csv,184044,1972
KNSA.csv,stock_data/Russell 3000,.csv,80973,868
MHLD.csv,stock_data/Russell 3000,.csv,331268,3399
NOVA.csv,stock_data/Russell 3000,.csv,54223,576
APEI.csv,stock_data/Russell 3000,.csv,324056,3521
UTL.csv,stock_data/Russell 3000,.csv,831743,8535
UBA.csv,stock_data/Russell 3000,.csv,565617,5794
BPOP.csv,stock_data/Russell 3000,.csv,953806,9810
ICUI.csv,stock_data/Russell 3000,.csv,670714,7455
MCHP.csv,stock_data/Russell 3000,.csv,732617,7211
CDNS.csv,stock_data/Russell 3000,.csv,766331,8672
APPH.csv,stock_data/Russell 3000,.csv,32657,353
KRYS.csv,stock_data/Russell 3000,.csv,94104,1039
MTEM.csv,stock_data/Russell 3000,.csv,394090,4217
OLMA.csv,stock_data/Russell 3000,.csv,22035,241
ARDX.csv,stock_data/Russell 3000,.csv,168700,1859
PLTK.csv,stock_data/Russell 3000,.csv,18869,202
SPXC.csv,stock_data/Russell 3000,.csv,1041570,10498
CDAK.csv,stock_data/Russell 3000,.csv,24411,267
LIND.csv,stock_data/Russell 3000,.csv,170770,1855
LBC.csv,stock_data/Russell 3000,.csv,96073,983
FWONK.csv,stock_data/Russell 3000,.csv,179620,1847
PSN.csv,stock_data/Russell 3000,.csv,58128,630
FLNT.csv,stock_data/Russell 3000,.csv,285857,3359
LAZ.csv,stock_data/Russell 3000,.csv,411598,4155
WWW.csv,stock_data/Russell 3000,.csv,1048760,10497
ULH.csv,stock_data/Russell 3000,.csv,415146,4212
WLTW.csv,stock_data/Russell 3000,.csv,513767,5133
ABCB.csv,stock_data/Russell 3000,.csv,675800,6817
MSCI.csv,stock_data/Russell 3000,.csv,346543,3517
GPX.csv,stock_data/Russell 3000,.csv,1163836,12172
CHTR.csv,stock_data/Russell 3000,.csv,269644,2974
HUBG.csv,stock_data/Russell 3000,.csv,550248,6443
CORT.csv,stock_data/Russell 3000,.csv,407728,4422
MORF.csv,stock_data/Russell 3000,.csv,54487,595
EIX.csv,stock_data/Russell 3000,.csv,1213126,12236
KDP.csv,stock_data/Russell 3000,.csv,338017,3399
SGTX.csv,stock_data/Russell 3000,.csv,21195,231
CASH.csv,stock_data/Russell 3000,.csv,642789,6497
CWEN-A.csv,stock_data/Russell 3000,.csv,208236,2092
LBRT.csv,stock_data/Russell 3000,.csv,94176,961
LNDC.csv,stock_data/Russell 3000,.csv,524086,6445
TRMK.csv,stock_data/Russell 3000,.csv,936651,9572
CSLT.csv,stock_data/Russell 3000,.csv,176571,1926
REV.csv,stock_data/Russell 3000,.csv,631963,6466
BBY.csv,stock_data/Russell 3000,.csv,946279,9208
CVGW.csv,stock_data/Russell 3000,.csv,468398,4838
IEA.csv,stock_data/Russell 3000,.csv,107773,1179
EPZM.csv,stock_data/Russell 3000,.csv,195349,2124
NOVT.csv,stock_data/Russell 3000,.csv,512335,5693
PIPR.csv,stock_data/Russell 3000,.csv,438919,4492
PEGA.csv,stock_data/Russell 3000,.csv,639815,6368
OPEN.csv,stock_data/Russell 3000,.csv,32767,349
BZH.csv,stock_data/Russell 3000,.csv,678613,6965
SURF.csv,stock_data/Russell 3000,.csv,82499,894
CSTR.csv,stock_data/Russell 3000,.csv,126708,1289
CSWI.csv,stock_data/Russell 3000,.csv,149041,1536
RCII.csv,stock_data/Russell 3000,.csv,681043,6743
CCRN.csv,stock_data/Russell 3000,.csv,467318,5042
FLXN.csv,stock_data/Russell 3000,.csv,182517,1947
BYD.csv,stock_data/Russell 3000,.csv,695512,7064
WBA.csv,stock_data/Russell 3000,.csv,1051753,10500
SNEX.csv,stock_data/Russell 3000,.csv,540322,5991
SUPN.csv,stock_data/Russell 3000,.csv,220055,2395
CSTE.csv,stock_data/Russell 3000,.csv,238696,2422
LVS.csv,stock_data/Russell 3000,.csv,420972,4252
QTWO.csv,stock_data/Russell 3000,.csv,175615,1922
ODC.csv,stock_data/Russell 3000,.csv,907468,9448
ESGR.csv,stock_data/Russell 3000,.csv,570261,6123
TRN.csv,stock_data/Russell 3000,.csv,1189155,12232
DLTH.csv,stock_data/Russell 3000,.csv,140436,1499
DNOW.csv,stock_data/Russell 3000,.csv,177842,1880
HCA.csv,stock_data/Russell 3000,.csv,265775,2683
RBBN.csv,stock_data/Russell 3000,.csv,476809,5396
CPK.csv,stock_data/Russell 3000,.csv,914097,9440
AJG.csv,stock_data/Russell 3000,.csv,943601,9388
CRC.csv,stock_data/Russell 3000,.csv,23727,257
DTE.csv,stock_data/Russell 3000,.csv,1493324,15046
LSEA.csv,stock_data/Russell 3000,.csv,63820,700
AMRS.csv,stock_data/Russell 3000,.csv,249172,2796
ASXC.csv,stock_data/Russell 3000,.csv,464536,6539
MNMD.csv,stock_data/Russell 3000,.csv,103203,1053
VER.csv,stock_data/Russell 3000,.csv,265796,2557
AN.csv,stock_data/Russell 3000,.csv,770670,7922
FCN.csv,stock_data/Russell 3000,.csv,606873,6412
BSIG.csv,stock_data/Russell 3000,.csv,177079,1781
LAUR.csv,stock_data/Russell 3000,.csv,116545,1199
EDIT.csv,stock_data/Russell 3000,.csv,133952,1450
C.csv,stock_data/Russell 3000,.csv,1140237,11306
DGII.csv,stock_data/Russell 3000,.csv,644208,8082
GWRE.csv,stock_data/Russell 3000,.csv,229113,2462
FAF.csv,stock_data/Russell 3000,.csv,284202,2880
T.csv,stock_data/Russell 3000,.csv,977457,9568
VICR.csv,stock_data/Russell 3000,.csv,777880,7956
OIS.csv,stock_data/Russell 3000,.csv,504784,5217
CF.csv,stock_data/Russell 3000,.csv,416111,4087
STAG.csv,stock_data/Russell 3000,.csv,263808,2657
NKTX.csv,stock_data/Russell 3000,.csv,30911,334
DISH.csv,stock_data/Russell 3000,.csv,670464,6641
RGEN.csv,stock_data/Russell 3000,.csv,644748,8938
VSH.csv,stock_data/Russell 3000,.csv,1031069,10465
GLRE.csv,stock_data/Russell 3000,.csv,334165,3639
EOLS.csv,stock_data/Russell 3000,.csv,87202,942
DOX.csv,stock_data/Russell 3000,.csv,581916,5884
VG.csv,stock_data/Russell 3000,.csv,367737,3890
MGM.csv,stock_data/Russell 3000,.csv,830583,8237
TTCF.csv,stock_data/Russell 3000,.csv,66610,712
VITL.csv,stock_data/Russell 3000,.csv,29631,319
ATEX.csv,stock_data/Russell 3000,.csv,151806,1702
SMMF.csv,stock_data/Russell 3000,.csv,480334,4865
SAVA.csv,stock_data/Russell 3000,.csv,529319,5362
ZS.csv,stock_data/Russell 3000,.csv,83623,917
RIDE.csv,stock_data/Russell 3000,.csv,45644,492
ADNT.csv,stock_data/Russell 3000,.csv,123150,1272
IBRX.csv,stock_data/Russell 3000,.csv,147219,1581
XL.csv,stock_data/Russell 3000,.csv,45424,493
SMAR.csv,stock_data/Russell 3000,.csv,81785,888
VLDR.csv,stock_data/Russell 3000,.csv,66500,717
PCSB.csv,stock_data/Russell 3000,.csv,112607,1144
TDC.csv,stock_data/Russell 3000,.csv,335097,3550
MEIP.csv,stock_data/Russell 3000,.csv,400692,4498
JLL.csv,stock_data/Russell 3000,.csv,600439,6117
HTH.csv,stock_data/Russell 3000,.csv,440761,4460
UUUU.csv,stock_data/Russell 3000,.csv,256305,3568
HUM.csv,stock_data/Russell 3000,.csv,1012130,10047
CBOE.csv,stock_data/Russell 3000,.csv,280084,2869
CFG.csv,stock_data/Russell 3000,.csv,178944,1792
OSK.csv,stock_data/Russell 3000,.csv,897751,9088
VRNT.csv,stock_data/Russell 3000,.csv,485410,4903
REPL.csv,stock_data/Russell 3000,.csv,77199,830
ACIW.csv,stock_data/Russell 3000,.csv,632054,6722
SAH.csv,stock_data/Russell 3000,.csv,608876,6034
ETWO.csv,stock_data/Russell 3000,.csv,33064,352
FSLY.csv,stock_data/Russell 3000,.csv,57299,623
PSTL.csv,stock_data/Russell 3000,.csv,61680,625
DBI.csv,stock_data/Russell 3000,.csv,415935,4117
DAR.csv,stock_data/Russell 3000,.csv,558548,6284
ATKR.csv,stock_data/Russell 3000,.csv,127708,1361
CBAY.csv,stock_data/Russell 3000,.csv,173102,1879
OCGN.csv,stock_data/Russell 3000,.csv,154754,1743
DLB.csv,stock_data/Russell 3000,.csv,413422,4208
CLNN.csv,stock_data/Russell 3000,.csv,46661,513
WU.csv,stock_data/Russell 3000,.csv,383144,3800
MED.csv,stock_data/Russell 3000,.csv,647931,6576
APH.csv,stock_data/Russell 3000,.csv,771515,7554
ATEN.csv,stock_data/Russell 3000,.csv,177007,1921
ACET.csv,stock_data/Russell 3000,.csv,89250,951
ARW.csv,stock_data/Russell 3000,.csv,846864,10490
VRM.csv,stock_data/Russell 3000,.csv,32774,356
SYY.csv,stock_data/Russell 3000,.csv,1149462,11236
CG.csv,stock_data/Russell 3000,.csv,238509,2393
U.csv,stock_data/Russell 3000,.csv,25328,285
MSI.csv,stock_data/Russell 3000,.csv,1469636,15064
BC.csv,stock_data/Russell 3000,.csv,1013144,10046
CBTX.csv,stock_data/Russell 3000,.csv,98647,1004
AX.csv,stock_data/Russell 3000,.csv,390242,4180
FCX.csv,stock_data/Russell 3000,.csv,675975,6629
WASH.csv,stock_data/Russell 3000,.csv,757871,7700
HLX.csv,stock_data/Russell 3000,.csv,545991,6128
FBK.csv,stock_data/Russell 3000,.csv,125942,1293
B.csv,stock_data/Russell 3000,.csv,1026900,10441
PARR.csv,stock_data/Russell 3000,.csv,207005,2260
NPTN.csv,stock_data/Russell 3000,.csv,247193,2708
ADM.csv,stock_data/Russell 3000,.csv,1052049,10500
GWRS.csv,stock_data/Russell 3000,.csv,134457,1391
HAIN.csv,stock_data/Russell 3000,.csv,589387,6998
HSTM.csv,stock_data/Russell 3000,.csv,525904,5378
STXS.csv,stock_data/Russell 3000,.csv,417115,4338
AFCG.csv,stock_data/Russell 3000,.csv,15681,160
INSG.csv,stock_data/Russell 3000,.csv,493505,5271
VHC.csv,stock_data/Russell 3000,.csv,459810,4584
OGN.csv,stock_data/Russell 3000,.csv,11779,121
SABR.csv,stock_data/Russell 3000,.csv,189136,1902
SUM.csv,stock_data/Russell 3000,.csv,164711,1676
LH.csv,stock_data/Russell 3000,.csv,695580,7960
VKTX.csv,stock_data/Russell 3000,.csv,153184,1644
INSP.csv,stock_data/Russell 3000,.csv,81009,884
VINC.csv,stock_data/Russell 3000,.csv,31115,351
PEB.csv,stock_data/Russell 3000,.csv,298302,2997
COGT.csv,stock_data/Russell 3000,.csv,85245,908
GGG.csv,stock_data/Russell 3000,.csv,1018681,10154
ZEUS.csv,stock_data/Russell 3000,.csv,684236,6960
GEO.csv,stock_data/Russell 3000,.csv,694445,6868
VALU.csv,stock_data/Russell 3000,.csv,851636,9111
BLDR.csv,stock_data/Russell 3000,.csv,384418,4118
WAL.csv,stock_data/Russell 3000,.csv,403552,4115
KRNY.csv,stock_data/Russell 3000,.csv,418106,4204
NATR.csv,stock_data/Russell 3000,.csv,300789,3096
ALTR.csv,stock_data/Russell 3000,.csv,93474,1009
WIRE.csv,stock_data/Russell 3000,.csv,734448,7366
HEI-A.csv,stock_data/Russell 3000,.csv,592691,5919
WNC.csv,stock_data/Russell 3000,.csv,761618,7554
FGEN.csv,stock_data/Russell 3000,.csv,158963,1755
EQH.csv,stock_data/Russell 3000,.csv,87995,879
BTU.csv,stock_data/Russell 3000,.csv,113575,1157
WLK.csv,stock_data/Russell 3000,.csv,435281,4339
ZIOP.csv,stock_data/Russell 3000,.csv,366076,3991
NTCT.csv,stock_data/Russell 3000,.csv,496103,5595
ENSG.csv,stock_data/Russell 3000,.csv,352913,3521
PHR.csv,stock_data/Russell 3000,.csv,53961,581
PKI.csv,stock_data/Russell 3000,.csv,1197797,12282
LNT.csv,stock_data/Russell 3000,.csv,1165245,12119
CDLX.csv,stock_data/Russell 3000,.csv,86848,941
BAC.csv,stock_data/Russell 3000,.csv,1206382,12245
HBMD.csv,stock_data/Russell 3000,.csv,200764,2362
GOCO.csv,stock_data/Russell 3000,.csv,31145,331
KRUS.csv,stock_data/Russell 3000,.csv,52640,571
LNC.csv,stock_data/Russell 3000,.csv,1039951,10500
RXDX.csv,stock_data/Russell 3000,.csv,15288,165
RFL.csv,stock_data/Russell 3000,.csv,82374,910
BLD.csv,stock_data/Russell 3000,.csv,149112,1606
PQG.csv,stock_data/Russell 3000,.csv,43,1
FRGI.csv,stock_data/Russell 3000,.csv,221249,2398
PSX.csv,stock_data/Russell 3000,.csv,236222,2408
PPC.csv,stock_data/Russell 3000,.csv,851133,8520
WVE.csv,stock_data/Russell 3000,.csv,135728,1506
WTM.csv,stock_data/Russell 3000,.csv,871303,9080
BOH.csv,stock_data/Russell 3000,.csv,1028630,10433
PRK.csv,stock_data/Russell 3000,.csv,731712,7447
RHP.csv,stock_data/Russell 3000,.csv,759227,7565
KFY.csv,stock_data/Russell 3000,.csv,565451,5721
GPN.csv,stock_data/Russell 3000,.csv,530574,5235
BNL.csv,stock_data/Russell 3000,.csv,28455,286
FLMN.csv,stock_data/Russell 3000,.csv,90997,937
HUBB.csv,stock_data/Russell 3000,.csv,708665,6910
SRCL.csv,stock_data/Russell 3000,.csv,552545,6337
PPG.csv,stock_data/Russell 3000,.csv,1052541,10500
ONTF.csv,stock_data/Russell 3000,.csv,17395,191
WWE.csv,stock_data/Russell 3000,.csv,540603,5548
SITE.csv,stock_data/Russell 3000,.csv,128219,1381
RADI.csv,stock_data/Russell 3000,.csv,25019,274
FREE.csv,stock_data/Russell 3000,.csv,53451,579
NVCR.csv,stock_data/Russell 3000,.csv,138116,1535
MDCA.csv,stock_data/Russell 3000,.csv,43,1
TECH.csv,stock_data/Russell 3000,.csv,810989,8222
PGEN.csv,stock_data/Russell 3000,.csv,193862,2076
PRO.csv,stock_data/Russell 3000,.csv,334614,3596
WTI.csv,stock_data/Russell 3000,.csv,414276,4222
LYFT.csv,stock_data/Russell 3000,.csv,61679,657
IRM.csv,stock_data/Russell 3000,.csv,656869,6483
IQV.csv,stock_data/Russell 3000,.csv,198863,2139
NVT.csv,stock_data/Russell 3000,.csv,88831,891
RDUS.csv,stock_data/Russell 3000,.csv,173551,1868
BNGO.csv,stock_data/Russell 3000,.csv,74165,806
CDMO.csv,stock_data/Russell 3000,.csv,686293,6948
RAIN.csv,stock_data/Russell 3000,.csv,12688,136
RES.csv,stock_data/Russell 3000,.csv,907948,9013
LNG.csv,stock_data/Russell 3000,.csv,577622,6376
BCO.csv,stock_data/Russell 3000,.csv,640846,6506
BRBR.csv,stock_data/Russell 3000,.csv,48871,516
RSI.csv,stock_data/Russell 3000,.csv,34609,372
ESS.csv,stock_data/Russell 3000,.csv,678631,6904
GHL.csv,stock_data/Russell 3000,.csv,434558,4406
EBET.csv,stock_data/Russell 3000,.csv,12390,142
WMK.csv,stock_data/Russell 3000,.csv,1010374,10411
FLWS.csv,stock_data/Russell 3000,.csv,493806,5602
LZB.csv,stock_data/Russell 3000,.csv,1136812,11754
ALTA.csv,stock_data/Russell 3000,.csv,156385,1591
MSTR.csv,stock_data/Russell 3000,.csv,516895,5890
KRO.csv,stock_data/Russell 3000,.csv,450656,4508
NOV.csv,stock_data/Russell 3000,.csv,636105,6297
KRON.csv,stock_data/Russell 3000,.csv,25238,270
TNET.csv,stock_data/Russell 3000,.csv,178653,1917
VVNT.csv,stock_data/Russell 3000,.csv,76928,835
ANAB.csv,stock_data/Russell 3000,.csv,111977,1203
WBS.csv,stock_data/Russell 3000,.csv,872862,8686
MODN.csv,stock_data/Russell 3000,.csv,198931,2174
SKYW.csv,stock_data/Russell 3000,.csv,878977,8835
GTLS.csv,stock_data/Russell 3000,.csv,356541,3847
PLCE.csv,stock_data/Russell 3000,.csv,595442,6072
NAVI.csv,stock_data/Russell 3000,.csv,190467,1902
IHC.csv,stock_data/Russell 3000,.csv,836374,8693
HAL.csv,stock_data/Russell 3000,.csv,1266325,12466
STZ.csv,stock_data/Russell 3000,.csv,757373,7466
PTGX.csv,stock_data/Russell 3000,.csv,122210,1318
TPC.csv,stock_data/Russell 3000,.csv,1140960,11788
FLS.csv,stock_data/Russell 3000,.csv,1014146,10445
CNMD.csv,stock_data/Russell 3000,.csv,851816,8572
AIN.csv,stock_data/Russell 3000,.csv,861494,8592
BCAB.csv,stock_data/Russell 3000,.csv,20554,223
LL.csv,stock_data/Russell 3000,.csv,329144,3521
DNLI.csv,stock_data/Russell 3000,.csv,91802,983
SUI.csv,stock_data/Russell 3000,.csv,686888,7027
IIVI.csv,stock_data/Russell 3000,.csv,678914,8105
BFST.csv,stock_data/Russell 3000,.csv,87402,892
ATSG.csv,stock_data/Russell 3000,.csv,426366,4605
DXC.csv,stock_data/Russell 3000,.csv,1022322,10047
MSM.csv,stock_data/Russell 3000,.csv,652157,6517
BG.csv,stock_data/Russell 3000,.csv,500691,5097
RPRX.csv,stock_data/Russell 3000,.csv,34314,351
ASTE.csv,stock_data/Russell 3000,.csv,863316,8645
CC.csv,stock_data/Russell 3000,.csv,159772,1607
ATRC.csv,stock_data/Russell 3000,.csv,375839,4091
UEIC.csv,stock_data/Russell 3000,.csv,584309,7234
VLGEA.csv,stock_data/Russell 3000,.csv,706900,7221
AGR.csv,stock_data/Russell 3000,.csv,145118,1481
ADI.csv,stock_data/Russell 3000,.csv,1050672,10498
F.csv,stock_data/Russell 3000,.csv,1281847,12466
HOG.csv,stock_data/Russell 3000,.csv,898536,8906
ARD.csv,stock_data/Russell 3000,.csv,113831,1150
ADBE.csv,stock_data/Russell 3000,.csv,886712,8879
CYTK.csv,stock_data/Russell 3000,.csv,412743,4410
HMHC.csv,stock_data/Russell 3000,.csv,184936,2007
SMMT.csv,stock_data/Russell 3000,.csv,151487,1674
CHH.csv,stock_data/Russell 3000,.csv,631006,6306
THR.csv,stock_data/Russell 3000,.csv,248850,2644
RIGL.csv,stock_data/Russell 3000,.csv,492041,5266
CLAR.csv,stock_data/Russell 3000,.csv,581458,5889
AMEH.csv,stock_data/Russell 3000,.csv,169800,2024
FDMT.csv,stock_data/Russell 3000,.csv,20344,226
INFU.csv,stock_data/Russell 3000,.csv,285963,3199
SCS.csv,stock_data/Russell 3000,.csv,586228,5969
GRTS.csv,stock_data/Russell 3000,.csv,72091,781
DCI.csv,stock_data/Russell 3000,.csv,1035835,10460
JOE.csv,stock_data/Russell 3000,.csv,794873,7967
WTRG.csv,stock_data/Russell 3000,.csv,1031136,10463
CDK.csv,stock_data/Russell 3000,.csv,175890,1794
MIC.csv,stock_data/Russell 3000,.csv,425591,4251
STLD.csv,stock_data/Russell 3000,.csv,638768,6279
SAM.csv,stock_data/Russell 3000,.csv,529374,6533
LCUT.csv,stock_data/Russell 3000,.csv,733404,7404
UWMC.csv,stock_data/Russell 3000,.csv,36546,376
TTMI.csv,stock_data/Russell 3000,.csv,486528,5312
NGMS.csv,stock_data/Russell 3000,.csv,22068,241
SAVE.csv,stock_data/Russell 3000,.csv,245285,2629
SMCI.csv,stock_data/Russell 3000,.csv,337397,3678
CPRT.csv,stock_data/Russell 3000,.csv,649446,6958
KAMN.csv,stock_data/Russell 3000,.csv,1003730,10466
SCOR.csv,stock_data/Russell 3000,.csv,335313,3616
TDG.csv,stock_data/Russell 3000,.csv,386126,3939
CFB.csv,stock_data/Russell 3000,.csv,51850,561
TCMD.csv,stock_data/Russell 3000,.csv,123016,1328
TFX.csv,stock_data/Russell 3000,.csv,1019995,10492
XPO.csv,stock_data/Russell 3000,.csv,446758,4546
LQDT.csv,stock_data/Russell 3000,.csv,361342,3951
THS.csv,stock_data/Russell 3000,.csv,382534,4118
JW-A.csv,stock_data/Russell 3000,.csv,923959,9430
TK.csv,stock_data/Russell 3000,.csv,661960,6618
ARR.csv,stock_data/Russell 3000,.csv,349270,3445
TCBK.csv,stock_data/Russell 3000,.csv,687576,6912
CIM.csv,stock_data/Russell 3000,.csv,353550,3508
QNST.csv,stock_data/Russell 3000,.csv,274800,2954
ULTA.csv,stock_data/Russell 3000,.csv,338566,3532
GLPI.csv,stock_data/Russell 3000,.csv,201606,2030
VRCA.csv,stock_data/Russell 3000,.csv,78082,854
ARE.csv,stock_data/Russell 3000,.csv,604330,6151
VC.csv,stock_data/Russell 3000,.csv,269818,2790
MGI.csv,stock_data/Russell 3000,.csv,425432,4339
JBT.csv,stock_data/Russell 3000,.csv,329546,3347
FSBW.csv,stock_data/Russell 3000,.csv,230122,2324
THRM.csv,stock_data/Russell 3000,.csv,573188,7118
G.csv,stock_data/Russell 3000,.csv,356901,3591
AGS.csv,stock_data/Russell 3000,.csv,88680,951
CRSR.csv,stock_data/Russell 3000,.csv,26295,282
SYK.csv,stock_data/Russell 3000,.csv,1036172,10474
AEL.csv,stock_data/Russell 3000,.csv,444954,4511
CB.csv,stock_data/Russell 3000,.csv,728686,7207
OSUR.csv,stock_data/Russell 3000,.csv,797145,8793
HCSG.csv,stock_data/Russell 3000,.csv,940368,9512
UPST.csv,stock_data/Russell 3000,.csv,19896,223
AXGN.csv,stock_data/Russell 3000,.csv,745643,7843
HMN.csv,stock_data/Russell 3000,.csv,756482,7549
MPW.csv,stock_data/Russell 3000,.csv,405517,4111
OEC.csv,stock_data/Russell 3000,.csv,181070,1834
TSN.csv,stock_data/Russell 3000,.csv,1030016,10423
TXMD.csv,stock_data/Russell 3000,.csv,249307,2800
GNRC.csv,stock_data/Russell 3000,.csv,283663,2954
QRTEA.csv,stock_data/Russell 3000,.csv,396571,3900
WTFC.csv,stock_data/Russell 3000,.csv,590851,5928
FLR.csv,stock_data/Russell 3000,.csv,531270,5264
STL.csv,stock_data/Russell 3000,.csv,572888,5730
NR.csv,stock_data/Russell 3000,.csv,664372,7712
TPB.csv,stock_data/Russell 3000,.csv,135843,1382
LAZY.csv,stock_data/Russell 3000,.csv,80741,909
AMPH.csv,stock_data/Russell 3000,.csv,175201,1855
ODP.csv,stock_data/Russell 3000,.csv,838053,8425
BXS.csv,stock_data/Russell 3000,.csv,883884,8635
PEP.csv,stock_data/Russell 3000,.csv,1273084,0
NSIT.csv,stock_data/Russell 3000,.csv,634289,6744
AERI.csv,stock_data/Russell 3000,.csv,185709,2021
MOFG.csv,stock_data/Russell 3000,.csv,334901,3429
PEG.csv,stock_data/Russell 3000,.csv,1070035,10552
BRMK.csv,stock_data/Russell 3000,.csv,48568,496
GFF.csv,stock_data/Russell 3000,.csv,1139924,11406
RARE.csv,stock_data/Russell 3000,.csv,180224,1955
DAKT.csv,stock_data/Russell 3000,.csv,690554,6911
SNDX.csv,stock_data/Russell 3000,.csv,132797,1431
ABTX.csv,stock_data/Russell 3000,.csv,149041,1530
ANAT.csv,stock_data/Russell 3000,.csv,1068819,11351
NOW.csv,stock_data/Russell 3000,.csv,215428,2353
COKE.csv,stock_data/Russell 3000,.csv,1086295,11479
HGEN.csv,stock_data/Russell 3000,.csv,165469,2139
IDA.csv,stock_data/Russell 3000,.csv,1175006,12260
CMRE.csv,stock_data/Russell 3000,.csv,270094,2769
BRBS.csv,stock_data/Russell 3000,.csv,107197,1094
RPD.csv,stock_data/Russell 3000,.csv,148140,1588
EYPT.csv,stock_data/Russell 3000,.csv,340952,4209
XONE.csv,stock_data/Russell 3000,.csv,201642,2202
ESE.csv,stock_data/Russell 3000,.csv,778631,7827
CADE.csv,stock_data/Russell 3000,.csv,113510,1143
PLNT.csv,stock_data/Russell 3000,.csv,151358,1574
APPN.csv,stock_data/Russell 3000,.csv,102624,1120
LLY.csv,stock_data/Russell 3000,.csv,1265968,0
LOB.csv,stock_data/Russell 3000,.csv,156635,1584
FBMS.csv,stock_data/Russell 3000,.csv,346246,3518
OPRT.csv,stock_data/Russell 3000,.csv,49565,532
MASI.csv,stock_data/Russell 3000,.csv,347051,3587
MSON.csv,stock_data/Russell 3000,.csv,635893,7315
TPTX.csv,stock_data/Russell 3000,.csv,59060,644
EGAN.csv,stock_data/Russell 3000,.csv,457050,5236
UMH.csv,stock_data/Russell 3000,.csv,756924,7872
ALNY.csv,stock_data/Russell 3000,.csv,404596,4389
FISI.csv,stock_data/Russell 3000,.csv,548121,5587
GPK.csv,stock_data/Russell 3000,.csv,731273,7279
MSBI.csv,stock_data/Russell 3000,.csv,135452,1373
GRC.csv,stock_data/Russell 3000,.csv,956152,9901
COST.csv,stock_data/Russell 3000,.csv,899657,8905
WWD.csv,stock_data/Russell 3000,.csv,683187,6826
EPAC.csv,stock_data/Russell 3000,.csv,541449,5356
VSEC.csv,stock_data/Russell 3000,.csv,767395,7882
BOX.csv,stock_data/Russell 3000,.csv,162487,1709
GRA.csv,stock_data/Russell 3000,.csv,580382,5914
PPD.csv,stock_data/Russell 3000,.csv,40815,441
FREQ.csv,stock_data/Russell 3000,.csv,48379,527
UNF.csv,stock_data/Russell 3000,.csv,918532,9379
GABC.csv,stock_data/Russell 3000,.csv,636923,6467
GPI.csv,stock_data/Russell 3000,.csv,592076,6043
CORE.csv,stock_data/Russell 3000,.csv,406197,4064
BNED.csv,stock_data/Russell 3000,.csv,147209,1583
REG.csv,stock_data/Russell 3000,.csv,690225,7051
ALBO.csv,stock_data/Russell 3000,.csv,314319,3648
SPWH.csv,stock_data/Russell 3000,.csv,176514,1902
NWS.csv,stock_data/Russell 3000,.csv,211418,2111
CASY.csv,stock_data/Russell 3000,.csv,959671,9532
LOW.csv,stock_data/Russell 3000,.csv,1057404,10498
KURA.csv,stock_data/Russell 3000,.csv,138269,1527
LSXMK.csv,stock_data/Russell 3000,.csv,136323,1399
VOXX.csv,stock_data/Russell 3000,.csv,575177,7463
MDLZ.csv,stock_data/Russell 3000,.csv,515185,5132
ZIXI.csv,stock_data/Russell 3000,.csv,710988,8058
IDT.csv,stock_data/Russell 3000,.csv,514870,5145
NBR.csv,stock_data/Russell 3000,.csv,1069625,11443
BKNG.csv,stock_data/Russell 3000,.csv,504376,5688
RCEL.csv,stock_data/Russell 3000,.csv,188707,2309
WOW.csv,stock_data/Russell 3000,.csv,103705,1120
WLL.csv,stock_data/Russell 3000,.csv,429762,4520
SBSI.csv,stock_data/Russell 3000,.csv,582576,5848
CTRE.csv,stock_data/Russell 3000,.csv,185336,1874
WCC.csv,stock_data/Russell 3000,.csv,494342,5659
PLAN.csv,stock_data/Russell 3000,.csv,71029,771
UVSP.csv,stock_data/Russell 3000,.csv,564761,5648
TRTX.csv,stock_data/Russell 3000,.csv,107593,1082
YUMC.csv,stock_data/Russell 3000,.csv,125771,1272
ZBRA.csv,stock_data/Russell 3000,.csv,719836,7614
PLAY.csv,stock_data/Russell 3000,.csv,174054,1780
NLY.csv,stock_data/Russell 3000,.csv,600796,6059
SKYT.csv,stock_data/Russell 3000,.csv,12567,138
FMC.csv,stock_data/Russell 3000,.csv,1037986,10500
OC.csv,stock_data/Russell 3000,.csv,373710,3778
XEL.csv,stock_data/Russell 3000,.csv,1192276,12276
ESGC.csv,stock_data/Russell 3000,.csv,184862,2008
NG.csv,stock_data/Russell 3000,.csv,419589,4511
AIZ.csv,stock_data/Russell 3000,.csv,440090,4469
HBT.csv,stock_data/Russell 3000,.csv,51292,521
AMSF.csv,stock_data/Russell 3000,.csv,392941,4017
PDCO.csv,stock_data/Russell 3000,.csv,739411,7308
INSW.csv,stock_data/Russell 3000,.csv,124046,1250
CSV.csv,stock_data/Russell 3000,.csv,620092,6353
TACO.csv,stock_data/Russell 3000,.csv,182967,1860
AKR.csv,stock_data/Russell 3000,.csv,705767,7156
LMND.csv,stock_data/Russell 3000,.csv,30265,339
NP.csv,stock_data/Russell 3000,.csv,417329,4271
WDAY.csv,stock_data/Russell 3000,.csv,210522,2280
R.csv,stock_data/Russell 3000,.csv,1060156,10552
AHCO.csv,stock_data/Russell 3000,.csv,66575,733
VEC.csv,stock_data/Russell 3000,.csv,167595,1798
CW.csv,stock_data/Russell 3000,.csv,1007539,10354
CUTR.csv,stock_data/Russell 3000,.csv,403560,4431
MPB.csv,stock_data/Russell 3000,.csv,462487,4721
CERN.csv,stock_data/Russell 3000,.csv,878428,8747
SANA.csv,stock_data/Russell 3000,.csv,17675,190
VNDA.csv,stock_data/Russell 3000,.csv,362917,3919
ZEN.csv,stock_data/Russell 3000,.csv,175687,1883
MET.csv,stock_data/Russell 3000,.csv,553281,5431
FHTX.csv,stock_data/Russell 3000,.csv,23751,260
CIX.csv,stock_data/Russell 3000,.csv,568550,5897
MDP.csv,stock_data/Russell 3000,.csv,1032295,10469
MEC.csv,stock_data/Russell 3000,.csv,57159,629
APO.csv,stock_data/Russell 3000,.csv,264810,2669
CHK.csv,stock_data/Russell 3000,.csv,18037,186
BJRI.csv,stock_data/Russell 3000,.csv,615514,6278
FTV.csv,stock_data/Russell 3000,.csv,134735,1345
DLR.csv,stock_data/Russell 3000,.csv,423977,4284
STAA.csv,stock_data/Russell 3000,.csv,589944,7480
ACGL.csv,stock_data/Russell 3000,.csv,637771,6569
PFBI.csv,stock_data/Russell 3000,.csv,604864,6137
TCBI.csv,stock_data/Russell 3000,.csv,422651,4590
XRAY.csv,stock_data/Russell 3000,.csv,841838,8477
CIO.csv,stock_data/Russell 3000,.csv,184884,1904
ACHC.csv,stock_data/Russell 3000,.csv,554459,6835
TSHA.csv,stock_data/Russell 3000,.csv,25724,281
TGI.csv,stock_data/Russell 3000,.csv,633457,6298
INGR.csv,stock_data/Russell 3000,.csv,603545,6014
HCKT.csv,stock_data/Russell 3000,.csv,581273,5900
LAMR.csv,stock_data/Russell 3000,.csv,640661,6358
VRNS.csv,stock_data/Russell 3000,.csv,187576,1936
JBLU.csv,stock_data/Russell 3000,.csv,478792,4927
RUTH.csv,stock_data/Russell 3000,.csv,403489,4089
PTSI.csv,stock_data/Russell 3000,.csv,805288,8365
TDS.csv,stock_data/Russell 3000,.csv,981191,10045
TGH.csv,stock_data/Russell 3000,.csv,340946,3543
ESRT.csv,stock_data/Russell 3000,.csv,203821,2038
IRTC.csv,stock_data/Russell 3000,.csv,115813,1269
WTRE.csv,stock_data/Russell 3000,.csv,43,1
HWC.csv,stock_data/Russell 3000,.csv,750637,7521
ATHX.csv,stock_data/Russell 3000,.csv,332122,3570
AQUA.csv,stock_data/Russell 3000,.csv,95284,1008
CLBK.csv,stock_data/Russell 3000,.csv,84028,892
FAST.csv,stock_data/Russell 3000,.csv,873062,8613
MLAB.csv,stock_data/Russell 3000,.csv,764517,8051
ORI.csv,stock_data/Russell 3000,.csv,1025700,10488
DBX.csv,stock_data/Russell 3000,.csv,86549,912
STOK.csv,stock_data/Russell 3000,.csv,55600,601
FFWM.csv,stock_data/Russell 3000,.csv,177572,1762
FSBC.csv,stock_data/Russell 3000,.csv,12512,129
THRY.csv,stock_data/Russell 3000,.csv,27871,318
MNTV.csv,stock_data/Russell 3000,.csv,74277,783
VECO.csv,stock_data/Russell 3000,.csv,558169,6782
HOPE.csv,stock_data/Russell 3000,.csv,592169,5884
BXMT.csv,stock_data/Russell 3000,.csv,911851,9491
FOSL.csv,stock_data/Russell 3000,.csv,690882,7197
CUBI.csv,stock_data/Russell 3000,.csv,220673,2293
TH.csv,stock_data/Russell 3000,.csv,77430,835
BOMN.csv,stock_data/Russell 3000,.csv,101930,1107
SNV.csv,stock_data/Russell 3000,.csv,809465,8100
MEDP.csv,stock_data/Russell 3000,.csv,122554,1318
TJX.csv,stock_data/Russell 3000,.csv,887318,8660
FTDR.csv,stock_data/Russell 3000,.csv,73436,792
WD.csv,stock_data/Russell 3000,.csv,270030,2741
ASB.csv,stock_data/Russell 3000,.csv,968432,9650
THG.csv,stock_data/Russell 3000,.csv,646260,6563
FCEL.csv,stock_data/Russell 3000,.csv,674898,7274
SNA.csv,stock_data/Russell 3000,.csv,1185590,0
HXL.csv,stock_data/Russell 3000,.csv,1020415,10494
AEO.csv,stock_data/Russell 3000,.csv,709551,6940
AI.csv,stock_data/Russell 3000,.csv,20363,228
MPC.csv,stock_data/Russell 3000,.csv,264358,2609
BR.csv,stock_data/Russell 3000,.csv,365036,3683
SHEN.csv,stock_data/Russell 3000,.csv,547858,5482
D.csv,stock_data/Russell 3000,.csv,1043988,10498
PASG.csv,stock_data/Russell 3000,.csv,39703,426
BE.csv,stock_data/Russell 3000,.csv,76923,827
HLI.csv,stock_data/Russell 3000,.csv,153520,1569
ATRA.csv,stock_data/Russell 3000,.csv,163518,1776
MRK.csv,stock_data/Russell 3000,.csv,1522463,0
CRS.csv,stock_data/Russell 3000,.csv,1171907,12270
HBB.csv,stock_data/Russell 3000,.csv,101535,1035
AMRC.csv,stock_data/Russell 3000,.csv,257177,2843
STXB.csv,stock_data/Russell 3000,.csv,86714,883
GRBK.csv,stock_data/Russell 3000,.csv,342765,3621
SONO.csv,stock_data/Russell 3000,.csv,77272,821
AHH.csv,stock_data/Russell 3000,.csv,210527,2140
LMNR.csv,stock_data/Russell 3000,.csv,368495,3677
SMTC.csv,stock_data/Russell 3000,.csv,751631,9837
BSET.csv,stock_data/Russell 3000,.csv,1011177,10411
YORW.csv,stock_data/Russell 3000,.csv,552120,5553
NOC.csv,stock_data/Russell 3000,.csv,1011433,10047
TRTN.csv,stock_data/Russell 3000,.csv,398536,4044
KLDO.csv,stock_data/Russell 3000,.csv,60629,678
NCNO.csv,stock_data/Russell 3000,.csv,29575,332
GATO.csv,stock_data/Russell 3000,.csv,24192,257
BXP.csv,stock_data/Russell 3000,.csv,606872,6137
DCPH.csv,stock_data/Russell 3000,.csv,96123,1033
PGRE.csv,stock_data/Russell 3000,.csv,175342,1752
GATX.csv,stock_data/Russell 3000,.csv,1177624,12281
UVV.csv,stock_data/Russell 3000,.csv,1163951,12151
ANNX.csv,stock_data/Russell 3000,.csv,30082,324
IHRT.csv,stock_data/Russell 3000,.csv,55040,593
BECN.csv,stock_data/Russell 3000,.csv,414189,4310
QMCO.csv,stock_data/Russell 3000,.csv,512368,5603
TBIO.csv,stock_data/Russell 3000,.csv,74522,810
NWE.csv,stock_data/Russell 3000,.csv,343135,3487
KHC.csv,stock_data/Russell 3000,.csv,157892,1597
IPG.csv,stock_data/Russell 3000,.csv,1032753,10475
CDNA.csv,stock_data/Russell 3000,.csv,167308,1840
WERN.csv,stock_data/Russell 3000,.csv,895930,8891
BURL.csv,stock_data/Russell 3000,.csv,190515,2038
SENS.csv,stock_data/Russell 3000,.csv,135878,1436
ROIC.csv,stock_data/Russell 3000,.csv,299292,3022
DORM.csv,stock_data/Russell 3000,.csv,754645,7639
GOLF.csv,stock_data/Russell 3000,.csv,124854,1263
UNP.csv,stock_data/Russell 3000,.csv,1071551,10552
FLOW.csv,stock_data/Russell 3000,.csv,151291,1545
BILL.csv,stock_data/Russell 3000,.csv,43300,478
ALLE.csv,stock_data/Russell 3000,.csv,196158,2005
ABBV.csv,stock_data/Russell 3000,.csv,219995,2227
CDAY.csv,stock_data/Russell 3000,.csv,82103,889
SNSE.csv,stock_data/Russell 3000,.csv,17197,190
TITN.csv,stock_data/Russell 3000,.csv,328043,3498
NVAX.csv,stock_data/Russell 3000,.csv,497893,6525
UIS.csv,stock_data/Russell 3000,.csv,1062765,12400
CDEV.csv,stock_data/Russell 3000,.csv,131464,1381
CSGS.csv,stock_data/Russell 3000,.csv,652155,6466
PINC.csv,stock_data/Russell 3000,.csv,201049,2042
GMRE.csv,stock_data/Russell 3000,.csv,131613,1347
COUP.csv,stock_data/Russell 3000,.csv,118173,1279
ORCL.csv,stock_data/Russell 3000,.csv,930782,8987
MDGL.csv,stock_data/Russell 3000,.csv,323918,3714
ECL.csv,stock_data/Russell 3000,.csv,1188938,12241
SPRB.csv,stock_data/Russell 3000,.csv,24566,270
BDN.csv,stock_data/Russell 3000,.csv,808958,8071
DCOM.csv,stock_data/Russell 3000,.csv,520292,5227
HRMY.csv,stock_data/Russell 3000,.csv,28441,306
ORMP.csv,stock_data/Russell 3000,.csv,332980,3612
EIGR.csv,stock_data/Russell 3000,.csv,175666,1956
USFD.csv,stock_data/Russell 3000,.csv,130205,1371
ETR.csv,stock_data/Russell 3000,.csv,1230480,0
BRT.csv,stock_data/Russell 3000,.csv,986638,9983
QADA.csv,stock_data/Russell 3000,.csv,266943,2740
EBAY.csv,stock_data/Russell 3000,.csv,595778,5817
SWBI.csv,stock_data/Russell 3000,.csv,565324,5589
ALRS.csv,stock_data/Russell 3000,.csv,276038,2815
BRC.csv,stock_data/Russell 3000,.csv,840732,8400
GME.csv,stock_data/Russell 3000,.csv,502076,4967
SBUX.csv,stock_data/Russell 3000,.csv,756856,7395
PENN.csv,stock_data/Russell 3000,.csv,685642,6910
PCT.csv,stock_data/Russell 3000,.csv,28723,312
APLS.csv,stock_data/Russell 3000,.csv,93594,1003
LPSN.csv,stock_data/Russell 3000,.csv,490669,5429
CVLG.csv,stock_data/Russell 3000,.csv,549177,6787
SIGA.csv,stock_data/Russell 3000,.csv,513759,6022
BLBD.csv,stock_data/Russell 3000,.csv,167450,1840
JOAN.csv,stock_data/Russell 3000,.csv,16325,165
FHI.csv,stock_data/Russell 3000,.csv,600748,5909
SMPL.csv,stock_data/Russell 3000,.csv,103088,1090
IR.csv,stock_data/Russell 3000,.csv,107106,1129
AMT.csv,stock_data/Russell 3000,.csv,592086,5962
INTU.csv,stock_data/Russell 3000,.csv,732314,7216
CTT.csv,stock_data/Russell 3000,.csv,192850,1988
DPZ.csv,stock_data/Russell 3000,.csv,431065,4361
AMC.csv,stock_data/Russell 3000,.csv,196685,1984
MNKD.csv,stock_data/Russell 3000,.csv,379062,4350
HA.csv,stock_data/Russell 3000,.csv,644777,6596
ALG.csv,stock_data/Russell 3000,.csv,694400,7119
PAYC.csv,stock_data/Russell 3000,.csv,175620,1904
OOMA.csv,stock_data/Russell 3000,.csv,144170,1587
DRE.csv,stock_data/Russell 3000,.csv,894057,8969
SAIC.csv,stock_data/Russell 3000,.csv,198869,2050
LASR.csv,stock_data/Russell 3000,.csv,83117,889
LCII.csv,stock_data/Russell 3000,.csv,850126,8630
CXW.csv,stock_data/Russell 3000,.csv,616699,6119
DBRG.csv,stock_data/Russell 3000,.csv,181940,1853
KDMN.csv,stock_data/Russell 3000,.csv,123712,1329
RILY.csv,stock_data/Russell 3000,.csv,286788,2898
TMHC.csv,stock_data/Russell 3000,.csv,205878,2160
STFC.csv,stock_data/Russell 3000,.csv,760313,7606
IIIN.csv,stock_data/Russell 3000,.csv,733226,7320
CLR.csv,stock_data/Russell 3000,.csv,369220,3646
EQBK.csv,stock_data/Russell 3000,.csv,147234,1506
OXM.csv,stock_data/Russell 3000,.csv,1006317,10425
CMA.csv,stock_data/Russell 3000,.csv,1017988,10459
ATCX.csv,stock_data/Russell 3000,.csv,58822,655
IPGP.csv,stock_data/Russell 3000,.csv,346300,3749
FRG.csv,stock_data/Russell 3000,.csv,80487,825
PFGC.csv,stock_data/Russell 3000,.csv,140638,1536
PG.csv,stock_data/Russell 3000,.csv,1511836,15063
CLFD.csv,stock_data/Russell 3000,.csv,606875,8066
LGF-B.csv,stock_data/Russell 3000,.csv,120192,1234
IBTX.csv,stock_data/Russell 3000,.csv,210239,2164
MGTX.csv,stock_data/Russell 3000,.csv,80164,859
SFM.csv,stock_data/Russell 3000,.csv,198049,2081
INBX.csv,stock_data/Russell 3000,.csv,28133,306
STKS.csv,stock_data/Russell 3000,.csv,160162,1766
CROX.csv,stock_data/Russell 3000,.csv,379754,3963
ECPG.csv,stock_data/Russell 3000,.csv,477573,5390
NUVB.csv,stock_data/Russell 3000,.csv,27192,301
PCVX.csv,stock_data/Russell 3000,.csv,32594,353
DENN.csv,stock_data/Russell 3000,.csv,522459,5977
CAC.csv,stock_data/Russell 3000,.csv,596481,6005
SHYF.csv,stock_data/Russell 3000,.csv,916464,9333
ESTE.csv,stock_data/Russell 3000,.csv,476761,5585
STIM.csv,stock_data/Russell 3000,.csv,78053,845
HRI.csv,stock_data/Russell 3000,.csv,377735,3767
SFL.csv,stock_data/Russell 3000,.csv,427205,4378
UPLD.csv,stock_data/Russell 3000,.csv,160324,1758
KODK.csv,stock_data/Russell 3000,.csv,185637,2045
ATNI.csv,stock_data/Russell 3000,.csv,740377,7472
CCK.csv,stock_data/Russell 3000,.csv,1038608,10499
NESR.csv,stock_data/Russell 3000,.csv,100300,1095
CAT.csv,stock_data/Russell 3000,.csv,1531276,15065
AVTR.csv,stock_data/Russell 3000,.csv,59454,623
ATOM.csv,stock_data/Russell 3000,.csv,119188,1321
SGH.csv,stock_data/Russell 3000,.csv,105118,1121
ODFL.csv,stock_data/Russell 3000,.csv,714793,7111
FMNB.csv,stock_data/Russell 3000,.csv,544418,5546
MCS.csv,stock_data/Russell 3000,.csv,975174,10131
RIOT.csv,stock_data/Russell 3000,.csv,135741,1411
AUD.csv,stock_data/Russell 3000,.csv,560391,5730
AOUT.csv,stock_data/Russell 3000,.csv,28502,304
DIN.csv,stock_data/Russell 3000,.csv,759603,7638
MCD.csv,stock_data/Russell 3000,.csv,1415292,13930
MNST.csv,stock_data/Russell 3000,.csv,856773,8651
CYRX.csv,stock_data/Russell 3000,.csv,340096,3974
BMEA.csv,stock_data/Russell 3000,.csv,13074,141
MRVI.csv,stock_data/Russell 3000,.csv,22232,240
CEVA.csv,stock_data/Russell 3000,.csv,435802,4785
AMZN.csv,stock_data/Russell 3000,.csv,547597,6160
PAVM.csv,stock_data/Russell 3000,.csv,118494,1296
GO.csv,stock_data/Russell 3000,.csv,55492,600
ACI.csv,stock_data/Russell 3000,.csv,34394,343
VRRM.csv,stock_data/Russell 3000,.csv,100743,1083
DT.csv,stock_data/Russell 3000,.csv,52829,571
CRVL.csv,stock_data/Russell 3000,.csv,707025,7601
MWA.csv,stock_data/Russell 3000,.csv,384347,3888
ABM.csv,stock_data/Russell 3000,.csv,1037511,10470
MTZ.csv,stock_data/Russell 3000,.csv,1063815,12194
INTC.csv,stock_data/Russell 3000,.csv,1091833,10499
HFFG.csv,stock_data/Russell 3000,.csv,87939,985
SAFM.csv,stock_data/Russell 3000,.csv,853187,8666
IBCP.csv,stock_data/Russell 3000,.csv,853984,8630
HONE.csv,stock_data/Russell 3000,.csv,134855,1347
SRI.csv,stock_data/Russell 3000,.csv,519933,6057
KOPN.csv,stock_data/Russell 3000,.csv,607614,7420
PDFS.csv,stock_data/Russell 3000,.csv,470615,5099
VNT.csv,stock_data/Russell 3000,.csv,27545,280
PTCT.csv,stock_data/Russell 3000,.csv,196139,2110
APLE.csv,stock_data/Russell 3000,.csv,163787,1630
LUNA.csv,stock_data/Russell 3000,.csv,357877,3880
DSSI.csv,stock_data/Russell 3000,.csv,43,1
PBF.csv,stock_data/Russell 3000,.csv,222225,2239
LKFN.csv,stock_data/Russell 3000,.csv,592446,5963
SNCY.csv,stock_data/Russell 3000,.csv,14910,162
LSI.csv,stock_data/Russell 3000,.csv,663641,6639
UTMD.csv,stock_data/Russell 3000,.csv,548386,5689
DOCU.csv,stock_data/Russell 3000,.csv,81427,888
RYN.csv,stock_data/Russell 3000,.csv,706967,6978
EXP.csv,stock_data/Russell 3000,.csv,692085,6940
GCO.csv,stock_data/Russell 3000,.csv,805276,12201
VSTM.csv,stock_data/Russell 3000,.csv,229806,2460
NXST.csv,stock_data/Russell 3000,.csv,440156,4516
COLD.csv,stock_data/Russell 3000,.csv,94897,956
IOSP.csv,stock_data/Russell 3000,.csv,585700,5910
AIMC.csv,stock_data/Russell 3000,.csv,369714,3747
PNR.csv,stock_data/Russell 3000,.csv,1206201,11956
GMS.csv,stock_data/Russell 3000,.csv,129320,1371
CFFN.csv,stock_data/Russell 3000,.csv,569173,5687
GLW.csv,stock_data/Russell 3000,.csv,1023593,10046
XXII.csv,stock_data/Russell 3000,.csv,244442,2605
PLM.csv,stock_data/Russell 3000,.csv,470823,5109
ITI.csv,stock_data/Russell 3000,.csv,621116,7004
RVNC.csv,stock_data/Russell 3000,.csv,179615,1951
ALGS.csv,stock_data/Russell 3000,.csv,24599,265
USPH.csv,stock_data/Russell 3000,.csv,698002,6973
BDX.csv,stock_data/Russell 3000,.csv,1204270,12283
CMBM.csv,stock_data/Russell 3000,.csv,53765,596
KMI.csv,stock_data/Russell 3000,.csv,273388,2701
EAR.csv,stock_data/Russell 3000,.csv,24084,265
SGRY.csv,stock_data/Russell 3000,.csv,141104,1536
RNG.csv,stock_data/Russell 3000,.csv,185936,2041
CHRS.csv,stock_data/Russell 3000,.csv,162570,1761
SEER.csv,stock_data/Russell 3000,.csv,21062,231
COWN.csv,stock_data/Russell 3000,.csv,388766,3856
HLIT.csv,stock_data/Russell 3000,.csv,557510,6661
ARCH.csv,stock_data/Russell 3000,.csv,122563,1280
CZNC.csv,stock_data/Russell 3000,.csv,579123,5843
BKU.csv,stock_data/Russell 3000,.csv,268801,2711
UHT.csv,stock_data/Russell 3000,.csv,851679,8775
RNR.csv,stock_data/Russell 3000,.csv,661806,6616
CSGP.csv,stock_data/Russell 3000,.csv,567731,5874
GTS.csv,stock_data/Russell 3000,.csv,328439,3502
PWR.csv,stock_data/Russell 3000,.csv,604450,5972
DSGN.csv,stock_data/Russell 3000,.csv,14228,154
NVEC.csv,stock_data/Russell 3000,.csv,611667,6199
APTV.csv,stock_data/Russell 3000,.csv,250341,2507
NRZ.csv,stock_data/Russell 3000,.csv,216727,2144
RCUS.csv,stock_data/Russell 3000,.csv,85598,918
IVC.csv,stock_data/Russell 3000,.csv,924402,9402
CATO.csv,stock_data/Russell 3000,.csv,875426,8685
PRTY.csv,stock_data/Russell 3000,.csv,152826,1653
SPPI.csv,stock_data/Russell 3000,.csv,622681,6320
GSAT.csv,stock_data/Russell 3000,.csv,361853,3777
DMTK.csv,stock_data/Russell 3000,.csv,81357,873
IDCC.csv,stock_data/Russell 3000,.csv,954936,10071
ENTA.csv,stock_data/Russell 3000,.csv,200916,2173
ICFI.csv,stock_data/Russell 3000,.csv,371153,3802
CVAC.csv,stock_data/Russell 3000,.csv,27456,309
CONN.csv,stock_data/Russell 3000,.csv,415296,4517
PRAX.csv,stock_data/Russell 3000,.csv,24717,265
WLDN.csv,stock_data/Russell 3000,.csv,336877,3698
DXCM.csv,stock_data/Russell 3000,.csv,383632,4170
PROS.csv,stock_data/Russell 3000,.csv,43,1
DSPG.csv,stock_data/Russell 3000,.csv,678860,6980
LPG.csv,stock_data/Russell 3000,.csv,185043,1888
VSTO.csv,stock_data/Russell 3000,.csv,158854,1699
NHC.csv,stock_data/Russell 3000,.csv,837587,8649
EXR.csv,stock_data/Russell 3000,.csv,425102,4337
CHGG.csv,stock_data/Russell 3000,.csv,184842,2008
HIBB.csv,stock_data/Russell 3000,.csv,632554,6306
KWR.csv,stock_data/Russell 3000,.csv,978465,10212
WELL.csv,stock_data/Russell 3000,.csv,981212,10168
BRKL.csv,stock_data/Russell 3000,.csv,593225,5944
HRTX.csv,stock_data/Russell 3000,.csv,600657,8615
DRQ.csv,stock_data/Russell 3000,.csv,532112,6048
VOR.csv,stock_data/Russell 3000,.csv,17653,189
KN.csv,stock_data/Russell 3000,.csv,184923,1945
LOPE.csv,stock_data/Russell 3000,.csv,303507,3261
HOLX.csv,stock_data/Russell 3000,.csv,651117,7980
EXPD.csv,stock_data/Russell 3000,.csv,925029,9298
SPT.csv,stock_data/Russell 3000,.csv,44020,477
EOSE.csv,stock_data/Russell 3000,.csv,23802,254
MILE.csv,stock_data/Russell 3000,.csv,21981,241
BCEL.csv,stock_data/Russell 3000,.csv,55946,600
MXL.csv,stock_data/Russell 3000,.csv,272047,2926
XNCR.csv,stock_data/Russell 3000,.csv,186525,1995
RLGY.csv,stock_data/Russell 3000,.csv,225171,2281
DV.csv,stock_data/Russell 3000,.csv,12619,138
GM.csv,stock_data/Russell 3000,.csv,276254,2759
TXN.csv,stock_data/Russell 3000,.csv,1280227,12466
MUSA.csv,stock_data/Russell 3000,.csv,201875,2069
VERU.csv,stock_data/Russell 3000,.csv,546855,5638
AAT.csv,stock_data/Russell 3000,.csv,268106,2721
VRSK.csv,stock_data/Russell 3000,.csv,299127,3041
MTX.csv,stock_data/Russell 3000,.csv,735298,7312
FI.csv,stock_data/Russell 3000,.csv,209180,2054
OSPN.csv,stock_data/Russell 3000,.csv,507776,5902
REXR.csv,stock_data/Russell 3000,.csv,207203,2090
POLY.csv,stock_data/Russell 3000,.csv,701963,6996
SJM.csv,stock_data/Russell 3000,.csv,670125,6797
WABC.csv,stock_data/Russell 3000,.csv,990209,10076
DKS.csv,stock_data/Russell 3000,.csv,486660,4797
VIRX.csv,stock_data/Russell 3000,.csv,374475,4054
TMO.csv,stock_data/Russell 3000,.csv,1032555,10498
OXY.csv,stock_data/Russell 3000,.csv,1015366,10047
RL.csv,stock_data/Russell 3000,.csv,607651,6141
MCF.csv,stock_data/Russell 3000,.csv,535866,5466
PD.csv,stock_data/Russell 3000,.csv,60499,648
MAN.csv,stock_data/Russell 3000,.csv,819713,8337
DECK.csv,stock_data/Russell 3000,.csv,648343,7050
CLF.csv,stock_data/Russell 3000,.csv,1186475,12256
TMX.csv,stock_data/Russell 3000,.csv,181731,1854
TNC.csv,stock_data/Russell 3000,.csv,1014949,10665
TCS.csv,stock_data/Russell 3000,.csv,196629,2016
CCI.csv,stock_data/Russell 3000,.csv,579856,5843
CLDX.csv,stock_data/Russell 3000,.csv,617034,8908
JHG.csv,stock_data/Russell 3000,.csv,111210,1118
LGF-A.csv,stock_data/Russell 3000,.csv,567441,5779
DRNA.csv,stock_data/Russell 3000,.csv,182444,1956
MMM.csv,stock_data/Russell 3000,.csv,1327839,13078
SEB.csv,stock_data/Russell 3000,.csv,899648,9523
ATLC.csv,stock_data/Russell 3000,.csv,535135,5600
CRMD.csv,stock_data/Russell 3000,.csv,242263,2869
NNBR.csv,stock_data/Russell 3000,.csv,689121,6957
LXFR.csv,stock_data/Russell 3000,.csv,225131,2287
CBZ.csv,stock_data/Russell 3000,.csv,557916,6677
MLI.csv,stock_data/Russell 3000,.csv,777847,7734
KVHI.csv,stock_data/Russell 3000,.csv,522116,6436
MOS.csv,stock_data/Russell 3000,.csv,863801,8513
FTNT.csv,stock_data/Russell 3000,.csv,289031,3011
NUVA.csv,stock_data/Russell 3000,.csv,408366,4401
MOG-A.csv,stock_data/Russell 3000,.csv,987597,10354
MOD.csv,stock_data/Russell 3000,.csv,944494,9807
BATRK.csv,stock_data/Russell 3000,.csv,131923,1399
AMCX.csv,stock_data/Russell 3000,.csv,242530,2615
GERN.csv,stock_data/Russell 3000,.csv,622967,6360
DEN.csv,stock_data/Russell 3000,.csv,25905,284
HSY.csv,stock_data/Russell 3000,.csv,1039422,10497
JNPR.csv,stock_data/Russell 3000,.csv,577198,5628
GIII.csv,stock_data/Russell 3000,.csv,704724,7788
STEM.csv,stock_data/Russell 3000,.csv,24524,271
CMC.csv,stock_data/Russell 3000,.csv,1041022,10483
CNX.csv,stock_data/Russell 3000,.csv,571183,5667
AXTI.csv,stock_data/Russell 3000,.csv,510111,5904
AVYA.csv,stock_data/Russell 3000,.csv,92039,976
DHI.csv,stock_data/Russell 3000,.csv,751812,7409
CNO.csv,stock_data/Russell 3000,.csv,455625,4571
RM.csv,stock_data/Russell 3000,.csv,238123,2418
HAYW.csv,stock_data/Russell 3000,.csv,15340,165
RPAI.csv,stock_data/Russell 3000,.csv,239700,2404
MAX.csv,stock_data/Russell 3000,.csv,23604,257
SI.csv,stock_data/Russell 3000,.csv,45286,502
MTN.csv,stock_data/Russell 3000,.csv,614228,6230
ED.csv,stock_data/Russell 3000,.csv,1502101,0
HIW.csv,stock_data/Russell 3000,.csv,677886,6903
FFIN.csv,stock_data/Russell 3000,.csv,689796,6859
CBSH.csv,stock_data/Russell 3000,.csv,1020075,10261
ES.csv,stock_data/Russell 3000,.csv,1163397,12256
SAIA.csv,stock_data/Russell 3000,.csv,461119,4822
JBSS.csv,stock_data/Russell 3000,.csv,719598,7451
ADSK.csv,stock_data/Russell 3000,.csv,912325,9163
QLYS.csv,stock_data/Russell 3000,.csv,208800,2290
FOCS.csv,stock_data/Russell 3000,.csv,76715,826
SFNC.csv,stock_data/Russell 3000,.csv,761115,7711
CBRL.csv,stock_data/Russell 3000,.csv,1007226,10049
GL.csv,stock_data/Russell 3000,.csv,1017061,10359
ONB.csv,stock_data/Russell 3000,.csv,895946,9115
CUE.csv,stock_data/Russell 3000,.csv,89334,968
LORL.csv,stock_data/Russell 3000,.csv,399441,4087
DIOD.csv,stock_data/Russell 3000,.csv,937158,9960
SPB.csv,stock_data/Russell 3000,.csv,1037859,10736
URBN.csv,stock_data/Russell 3000,.csv,617322,7047
FIX.csv,stock_data/Russell 3000,.csv,601700,6130
LSCC.csv,stock_data/Russell 3000,.csv,675972,8059
FMTX.csv,stock_data/Russell 3000,.csv,31793,348
PAYA.csv,stock_data/Russell 3000,.csv,60127,650
ALE.csv,stock_data/Russell 3000,.csv,1207038,12104
INVH.csv,stock_data/Russell 3000,.csv,119970,1199
CVI.csv,stock_data/Russell 3000,.csv,350078,3534
IP.csv,stock_data/Russell 3000,.csv,1501439,15065
EXPE.csv,stock_data/Russell 3000,.csv,415922,4102
MPAA.csv,stock_data/Russell 3000,.csv,525384,6741
HT.csv,stock_data/Russell 3000,.csv,566480,5672
SHLS.csv,stock_data/Russell 3000,.csv,18329,195
KO.csv,stock_data/Russell 3000,.csv,1568401,15065
PCAR.csv,stock_data/Russell 3000,.csv,1040779,10480
AGNC.csv,stock_data/Russell 3000,.csv,337965,3393
INS.csv,stock_data/Russell 3000,.csv,702204,7473
TPIC.csv,stock_data/Russell 3000,.csv,125240,1332
LRN.csv,stock_data/Russell 3000,.csv,328057,3498
WDC.csv,stock_data/Russell 3000,.csv,1061055,10828
RMAX.csv,stock_data/Russell 3000,.csv,199369,2038
MDRX.csv,stock_data/Russell 3000,.csv,548302,5608
LUMN.csv,stock_data/Russell 3000,.csv,1036442,10452
NDLS.csv,stock_data/Russell 3000,.csv,190772,2104
WGO.csv,stock_data/Russell 3000,.csv,1186825,12231
NGM.csv,stock_data/Russell 3000,.csv,60670,653
LLNW.csv,stock_data/Russell 3000,.csv,338180,3629
IBP.csv,stock_data/Russell 3000,.csv,191132,1946
KNTE.csv,stock_data/Russell 3000,.csv,21350,232
ALPN.csv,stock_data/Russell 3000,.csv,148349,1609
AKUS.csv,stock_data/Russell 3000,.csv,31940,343
PYPL.csv,stock_data/Russell 3000,.csv,149667,1597
GLT.csv,stock_data/Russell 3000,.csv,1023518,10429
PEBO.csv,stock_data/Russell 3000,.csv,687555,6911
RUN.csv,stock_data/Russell 3000,.csv,146719,1575
JACK.csv,stock_data/Russell 3000,.csv,749214,7472
GNK.csv,stock_data/Russell 3000,.csv,180230,1810
NEE.csv,stock_data/Russell 3000,.csv,1221225,12286
UPS.csv,stock_data/Russell 3000,.csv,546055,5532
FNKO.csv,stock_data/Russell 3000,.csv,93806,1008
PGNY.csv,stock_data/Russell 3000,.csv,47086,511
HELE.csv,stock_data/Russell 3000,.csv,837355,10534
CATY.csv,stock_data/Russell 3000,.csv,742060,7406
EAF.csv,stock_data/Russell 3000,.csv,89315,894
ALEX.csv,stock_data/Russell 3000,.csv,234609,2360
UFI.csv,stock_data/Russell 3000,.csv,956854,10486
HBIO.csv,stock_data/Russell 3000,.csv,497213,5192
CTLP.csv,stock_data/Russell 3000,.csv,440918,5642
BFS.csv,stock_data/Russell 3000,.csv,692380,7105
VAPO.csv,stock_data/Russell 3000,.csv,68994,748
KBR.csv,stock_data/Russell 3000,.csv,377568,3767
KAI.csv,stock_data/Russell 3000,.csv,722488,7262
NMRK.csv,stock_data/Russell 3000,.csv,96417,978
MCBS.csv,stock_data/Russell 3000,.csv,53107,541
COUR.csv,stock_data/Russell 3000,.csv,13860,152
BPFH.csv,stock_data/Russell 3000,.csv,43,1
ALKS.csv,stock_data/Russell 3000,.csv,619085,7636
EME.csv,stock_data/Russell 3000,.csv,671023,6693
TIPT.csv,stock_data/Russell 3000,.csv,246071,2572
VCEL.csv,stock_data/Russell 3000,.csv,502850,6226
SRDX.csv,stock_data/Russell 3000,.csv,524023,5959
PLPC.csv,stock_data/Russell 3000,.csv,498693,5191
LEG.csv,stock_data/Russell 3000,.csv,1033128,10479
HYRE.csv,stock_data/Russell 3000,.csv,78309,846
EMR.csv,stock_data/Russell 3000,.csv,1266896,12464
BGFV.csv,stock_data/Russell 3000,.csv,477452,4876
MSFT.csv,stock_data/Russell 3000,.csv,931917,8986
ANSS.csv,stock_data/Russell 3000,.csv,554770,6387
JAZZ.csv,stock_data/Russell 3000,.csv,336904,3634
MSEX.csv,stock_data/Russell 3000,.csv,927333,9552
ZNTL.csv,stock_data/Russell 3000,.csv,36647,401
CTAS.csv,stock_data/Russell 3000,.csv,942205,9594
PLRX.csv,stock_data/Russell 3000,.csv,32820,360
CRD-A.csv,stock_data/Russell 3000,.csv,761132,7810
BIO.csv,stock_data/Russell 3000,.csv,876419,10264
SKIN.csv,stock_data/Russell 3000,.csv,22561,238
RBC.csv,stock_data/Russell 3000,.csv,1093215,10941
ALGT.csv,stock_data/Russell 3000,.csv,368290,3752
PRTK.csv,stock_data/Russell 3000,.csv,312000,3212
ALDX.csv,stock_data/Russell 3000,.csv,168416,1892
PETQ.csv,stock_data/Russell 3000,.csv,101057,1081
UDR.csv,stock_data/Russell 3000,.csv,964843,9811
UGI.csv,stock_data/Russell 3000,.csv,1182606,12173
AGTI.csv,stock_data/Russell 3000,.csv,12767,136
APTS.csv,stock_data/Russell 3000,.csv,260326,2667
BGS.csv,stock_data/Russell 3000,.csv,360396,3640
MATX.csv,stock_data/Russell 3000,.csv,1213712,12082
EGHT.csv,stock_data/Russell 3000,.csv,528916,6127
CTLT.csv,stock_data/Russell 3000,.csv,172523,1830
CSII.csv,stock_data/Russell 3000,.csv,355190,3866
LNTH.csv,stock_data/Russell 3000,.csv,147482,1603
WHD.csv,stock_data/Russell 3000,.csv,92997,942
OKTA.csv,stock_data/Russell 3000,.csv,106102,1153
BIPC.csv,stock_data/Russell 3000,.csv,39143,404
AKTS.csv,stock_data/Russell 3000,.csv,137016,1548
CACC.csv,stock_data/Russell 3000,.csv,594168,7406
ITGR.csv,stock_data/Russell 3000,.csv,483761,5308
OPCH.csv,stock_data/Russell 3000,.csv,543195,6349
DVAX.csv,stock_data/Russell 3000,.csv,390909,4460
FEYE.csv,stock_data/Russell 3000,.csv,194280,2045
GTHX.csv,stock_data/Russell 3000,.csv,105861,1126
VCRA.csv,stock_data/Russell 3000,.csv,226387,2418
WLFC.csv,stock_data/Russell 3000,.csv,507781,6258
CHDN.csv,stock_data/Russell 3000,.csv,701942,7041
WEC.csv,stock_data/Russell 3000,.csv,1040265,10499
QCRH.csv,stock_data/Russell 3000,.csv,633483,6441
WRLD.csv,stock_data/Russell 3000,.csv,627593,7533
RYI.csv,stock_data/Russell 3000,.csv,178451,1824
NVRO.csv,stock_data/Russell 3000,.csv,162151,1761
GBL.csv,stock_data/Russell 3000,.csv,574168,5721
YELL.csv,stock_data/Russell 3000,.csv,849452,10366
ARVN.csv,stock_data/Russell 3000,.csv,71933,782
UBER.csv,stock_data/Russell 3000,.csv,58888,628
SFBS.csv,stock_data/Russell 3000,.csv,188720,1884
AME.csv,stock_data/Russell 3000,.csv,952070,9401
BCEI.csv,stock_data/Russell 3000,.csv,246501,2487
CWEN.csv,stock_data/Russell 3000,.csv,162872,1631
AJRD.csv,stock_data/Russell 3000,.csv,1028734,10277
HP.csv,stock_data/Russell 3000,.csv,1042680,10351
AMTB.csv,stock_data/Russell 3000,.csv,70625,766
DSP.csv,stock_data/Russell 3000,.csv,17228,186
CVM.csv,stock_data/Russell 3000,.csv,477022,8925
IT.csv,stock_data/Russell 3000,.csv,674749,7073
DD.csv,stock_data/Russell 3000,.csv,1262339,12466
OTTR.csv,stock_data/Russell 3000,.csv,1111452,11657
GPRE.csv,stock_data/Russell 3000,.csv,386799,3939
CPLG.csv,stock_data/Russell 3000,.csv,83761,864
OCUL.csv,stock_data/Russell 3000,.csv,169880,1834
OLN.csv,stock_data/Russell 3000,.csv,1179848,12262
DS.csv,stock_data/Russell 3000,.csv,482496,4801
ASPN.csv,stock_data/Russell 3000,.csv,168602,1863
ACN.csv,stock_data/Russell 3000,.csv,509515,5107
GH.csv,stock_data/Russell 3000,.csv,70470,777
ADPT.csv,stock_data/Russell 3000,.csv,55190,595
YMAB.csv,stock_data/Russell 3000,.csv,72431,786
ATUS.csv,stock_data/Russell 3000,.csv,107896,1101
IBOC.csv,stock_data/Russell 3000,.csv,636377,6347
VRSN.csv,stock_data/Russell 3000,.csv,599668,5981
EW.csv,stock_data/Russell 3000,.csv,531115,5438
FL.csv,stock_data/Russell 3000,.csv,1495067,15063
CMG.csv,stock_data/Russell 3000,.csv,350686,3972
PMVP.csv,stock_data/Russell 3000,.csv,25399,280
ACCD.csv,stock_data/Russell 3000,.csv,31380,340
NLTX.csv,stock_data/Russell 3000,.csv,178428,1926
AWK.csv,stock_data/Russell 3000,.csv,336876,3409
SM.csv,stock_data/Russell 3000,.csv,730812,7270
COO.csv,stock_data/Russell 3000,.csv,976384,9774
PACK.csv,stock_data/Russell 3000,.csv,76444,834
CMP.csv,stock_data/Russell 3000,.csv,441651,4505
AVO.csv,stock_data/Russell 3000,.csv,25537,275
CNK.csv,stock_data/Russell 3000,.csv,361469,3661
FSR.csv,stock_data/Russell 3000,.csv,66671,717
FPI.csv,stock_data/Russell 3000,.csv,184238,1906
SHW.csv,stock_data/Russell 3000,.csv,1048837,10500
HPQ.csv,stock_data/Russell 3000,.csv,1569180,15063
PTVE.csv,stock_data/Russell 3000,.csv,28365,286
RGNX.csv,stock_data/Russell 3000,.csv,140302,1545
JELD.csv,stock_data/Russell 3000,.csv,113584,1202
AMAT.csv,stock_data/Russell 3000,.csv,1073242,10493
CELH.csv,stock_data/Russell 3000,.csv,336297,3670
CCL.csv,stock_data/Russell 3000,.csv,870779,8641
AXS.csv,stock_data/Russell 3000,.csv,456577,4620
CWST.csv,stock_data/Russell 3000,.csv,517143,6044
NWLI.csv,stock_data/Russell 3000,.csv,1025714,11141
LHCG.csv,stock_data/Russell 3000,.csv,385188,4131
CAR.csv,stock_data/Russell 3000,.csv,938985,9614
GRPN.csv,stock_data/Russell 3000,.csv,218186,2516
TAST.csv,stock_data/Russell 3000,.csv,368444,3747
MLM.csv,stock_data/Russell 3000,.csv,685848,6978
AZZ.csv,stock_data/Russell 3000,.csv,997677,10280
UBSI.csv,stock_data/Russell 3000,.csv,837752,8430
MOV.csv,stock_data/Russell 3000,.csv,699768,6999
ESTC.csv,stock_data/Russell 3000,.csv,70641,776
WTTR.csv,stock_data/Russell 3000,.csv,102301,1099
ATNX.csv,stock_data/Russell 3000,.csv,102691,1107
HPP.csv,stock_data/Russell 3000,.csv,284885,2862
OVV.csv,stock_data/Russell 3000,.csv,495870,4931
MMI.csv,stock_data/Russell 3000,.csv,188974,2017
MNR.csv,stock_data/Russell 3000,.csv,761868,7814
QS.csv,stock_data/Russell 3000,.csv,28458,308
REZI.csv,stock_data/Russell 3000,.csv,71802,760
RH.csv,stock_data/Russell 3000,.csv,206810,2267
MCB.csv,stock_data/Russell 3000,.csv,90670,1004
MRCY.csv,stock_data/Russell 3000,.csv,530894,5981
FSS.csv,stock_data/Russell 3000,.csv,1050842,10491
JBGS.csv,stock_data/Russell 3000,.csv,107765,1092
SJI.csv,stock_data/Russell 3000,.csv,1025254,10437
HCCI.csv,stock_data/Russell 3000,.csv,310088,3435
BMRN.csv,stock_data/Russell 3000,.csv,496328,5608
AVY.csv,stock_data/Russell 3000,.csv,1191822,12267
AUB.csv,stock_data/Russell 3000,.csv,641461,6449
NYMT.csv,stock_data/Russell 3000,.csv,436688,4342
DKNG.csv,stock_data/Russell 3000,.csv,50157,535
PVBC.csv,stock_data/Russell 3000,.csv,157387,1586
STRA.csv,stock_data/Russell 3000,.csv,634101,6364
LFUS.csv,stock_data/Russell 3000,.csv,735882,7335
AVLR.csv,stock_data/Russell 3000,.csv,78643,854
TCRR.csv,stock_data/Russell 3000,.csv,63976,687
AAP.csv,stock_data/Russell 3000,.csv,507584,5018
CXP.csv,stock_data/Russell 3000,.csv,202369,2032
ATVI.csv,stock_data/Russell 3000,.csv,716164,7023
MGLN.csv,stock_data/Russell 3000,.csv,406678,4456
EVRG.csv,stock_data/Russell 3000,.csv,1172847,12242
INZY.csv,stock_data/Russell 3000,.csv,30000,324
AFIB.csv,stock_data/Russell 3000,.csv,29175,315
EA.csv,stock_data/Russell 3000,.csv,819866,8095
DE.csv,stock_data/Russell 3000,.csv,1265630,12466
FHN.csv,stock_data/Russell 3000,.csv,1026138,10485
VMI.csv,stock_data/Russell 3000,.csv,1108632,11557
CWH.csv,stock_data/Russell 3000,.csv,126722,1278
CTS.csv,stock_data/Russell 3000,.csv,1015903,10442
TTI.csv,stock_data/Russell 3000,.csv,797424,7959
SPG.csv,stock_data/Russell 3000,.csv,708437,7024
EMKR.csv,stock_data/Russell 3000,.csv,612116,6209
MIME.csv,stock_data/Russell 3000,.csv,138602,1500
AMD.csv,stock_data/Russell 3000,.csv,796577,10500
XPER.csv,stock_data/Russell 3000,.csv,450195,4520
GNUS.csv,stock_data/Russell 3000,.csv,203660,2371
POWW.csv,stock_data/Russell 3000,.csv,94043,1079
GCI.csv,stock_data/Russell 3000,.csv,191935,1953
CALM.csv,stock_data/Russell 3000,.csv,628753,6242
SIEN.csv,stock_data/Russell 3000,.csv,162850,1767
ERII.csv,stock_data/Russell 3000,.csv,309454,3360
APLT.csv,stock_data/Russell 3000,.csv,57311,626
RAVN.csv,stock_data/Russell 3000,.csv,988452,9726
ONEM.csv,stock_data/Russell 3000,.csv,41412,445
KLAC.csv,stock_data/Russell 3000,.csv,1013013,10305
SESN.csv,stock_data/Russell 3000,.csv,184886,1951
DFIN.csv,stock_data/Russell 3000,.csv,121014,1287
LUNG.csv,stock_data/Russell 3000,.csv,24933,276
EYE.csv,stock_data/Russell 3000,.csv,94458,1012
DOMO.csv,stock_data/Russell 3000,.csv,78555,844
RWT.csv,stock_data/Russell 3000,.csv,650832,6608
NDAQ.csv,stock_data/Russell 3000,.csv,480230,4870
CVCO.csv,stock_data/Russell 3000,.csv,422321,4620
URI.csv,stock_data/Russell 3000,.csv,525469,6009
COLB.csv,stock_data/Russell 3000,.csv,737138,7369
PBFS.csv,stock_data/Russell 3000,.csv,52772,581
WHR.csv,stock_data/Russell 3000,.csv,1197349,12284
USM.csv,stock_data/Russell 3000,.csv,806275,8439
RVP.csv,stock_data/Russell 3000,.csv,459775,5094
RTX.csv,stock_data/Russell 3000,.csv,1342242,13075
ANIK.csv,stock_data/Russell 3000,.csv,562193,7142
GOSS.csv,stock_data/Russell 3000,.csv,64415,691
KBAL.csv,stock_data/Russell 3000,.csv,992371,10309
NXPI.csv,stock_data/Russell 3000,.csv,281158,2832
PNC.csv,stock_data/Russell 3000,.csv,1096717,11292
KMX.csv,stock_data/Russell 3000,.csv,550747,6230
FELE.csv,stock_data/Russell 3000,.csv,956190,9823
EAT.csv,stock_data/Russell 3000,.csv,941984,9532
PRVB.csv,stock_data/Russell 3000,.csv,76397,828
SLAB.csv,stock_data/Russell 3000,.csv,489835,5439
KOP.csv,stock_data/Russell 3000,.csv,381917,3968
RBB.csv,stock_data/Russell 3000,.csv,106303,1078
FBIO.csv,stock_data/Russell 3000,.csv,231092,2506
CMCO.csv,stock_data/Russell 3000,.csv,635500,6470
WRK.csv,stock_data/Russell 3000,.csv,161892,1604
RLI.csv,stock_data/Russell 3000,.csv,1003152,10190
ELS.csv,stock_data/Russell 3000,.csv,726324,7227
CTBI.csv,stock_data/Russell 3000,.csv,741454,7511
WSO.csv,stock_data/Russell 3000,.csv,815913,8164
RNA.csv,stock_data/Russell 3000,.csv,32789,353
PINS.csv,stock_data/Russell 3000,.csv,60536,643
LEU.csv,stock_data/Russell 3000,.csv,563162,5861
WPC.csv,stock_data/Russell 3000,.csv,584422,5988
MTCH.csv,stock_data/Russell 3000,.csv,732988,7252
MSGS.csv,stock_data/Russell 3000,.csv,151519,1544
ROG.csv,stock_data/Russell 3000,.csv,906263,10415
BIIB.csv,stock_data/Russell 3000,.csv,689172,7590
NVDA.csv,stock_data/Russell 3000,.csv,601158,5736
ELF.csv,stock_data/Russell 3000,.csv,121221,1289
BKD.csv,stock_data/Russell 3000,.csv,388367,4015
NVEE.csv,stock_data/Russell 3000,.csv,174532,1983
CHRW.csv,stock_data/Russell 3000,.csv,607802,6053
ALKT.csv,stock_data/Russell 3000,.csv,13241,143
TREE.csv,stock_data/Russell 3000,.csv,312698,3332
FRBA.csv,stock_data/Russell 3000,.csv,222094,2295
ROP.csv,stock_data/Russell 3000,.csv,752078,7487
WRI.csv,stock_data/Russell 3000,.csv,43,1
MCBC.csv,stock_data/Russell 3000,.csv,578269,5850
WSM.csv,stock_data/Russell 3000,.csv,937451,9461
GDYN.csv,stock_data/Russell 3000,.csv,63298,691
IDXX.csv,stock_data/Russell 3000,.csv,628846,7652
HEAR.csv,stock_data/Russell 3000,.csv,250279,2759
RMO.csv,stock_data/Russell 3000,.csv,51267,557
VTGN.csv,stock_data/Russell 3000,.csv,176796,2062
IVR.csv,stock_data/Russell 3000,.csv,306203,3109
FIXX.csv,stock_data/Russell 3000,.csv,85017,909
BFC.csv,stock_data/Russell 3000,.csv,275837,2878
CCNE.csv,stock_data/Russell 3000,.csv,582284,5903
LGIH.csv,stock_data/Russell 3000,.csv,186877,2012
SPSC.csv,stock_data/Russell 3000,.csv,276295,2906
YETI.csv,stock_data/Russell 3000,.csv,70619,762
ZUMZ.csv,stock_data/Russell 3000,.csv,393767,4154
PRTH.csv,stock_data/Russell 3000,.csv,91168,1032
JCOM.csv,stock_data/Russell 3000,.csv,561992,5607
NXRT.csv,stock_data/Russell 3000,.csv,164028,1671
SWCH.csv,stock_data/Russell 3000,.csv,102672,1027
NEU.csv,stock_data/Russell 3000,.csv,1027496,10500
USX.csv,stock_data/Russell 3000,.csv,78846,855
BBBY.csv,stock_data/Russell 3000,.csv,751758,7410
CTXR.csv,stock_data/Russell 3000,.csv,132929,1466
POR.csv,stock_data/Russell 3000,.csv,389243,3927
ENTG.csv,stock_data/Russell 3000,.csv,529180,5365
GNL.csv,stock_data/Russell 3000,.csv,165471,1620
EVH.csv,stock_data/Russell 3000,.csv,148864,1617
DOOR.csv,stock_data/Russell 3000,.csv,204639,2435
BLMN.csv,stock_data/Russell 3000,.csv,231744,2326
CALX.csv,stock_data/Russell 3000,.csv,266495,2926
EXC.csv,stock_data/Russell 3000,.csv,1219394,12237
RMBS.csv,stock_data/Russell 3000,.csv,553967,6161
INT.csv,stock_data/Russell 3000,.csv,877943,8849
GBX.csv,stock_data/Russell 3000,.csv,671732,6867
UFPT.csv,stock_data/Russell 3000,.csv,504446,6344
SPKE.csv,stock_data/Russell 3000,.csv,43,1
GDOT.csv,stock_data/Russell 3000,.csv,265943,2843
RXN.csv,stock_data/Russell 3000,.csv,239224,2416
LPRO.csv,stock_data/Russell 3000,.csv,57838,635
SYBT.csv,stock_data/Russell 3000,.csv,671512,6757
EPRT.csv,stock_data/Russell 3000,.csv,84812,850
TWOU.csv,stock_data/Russell 3000,.csv,178839,1916
WSFS.csv,stock_data/Russell 3000,.csv,864972,8741
HES.csv,stock_data/Russell 3000,.csv,1049388,10500
HD.csv,stock_data/Russell 3000,.csv,1036912,10091
ALB.csv,stock_data/Russell 3000,.csv,698135,6976
SPR.csv,stock_data/Russell 3000,.csv,371771,3760
VLO.csv,stock_data/Russell 3000,.csv,1021232,10043
AON.csv,stock_data/Russell 3000,.csv,1038467,10447
SHOO.csv,stock_data/Russell 3000,.csv,714154,7024
ZTS.csv,stock_data/Russell 3000,.csv,219295,2206
VIEW.csv,stock_data/Russell 3000,.csv,23888,262
FDX.csv,stock_data/Russell 3000,.csv,1108546,10988
OMI.csv,stock_data/Russell 3000,.csv,1004605,10260
DG.csv,stock_data/Russell 3000,.csv,298450,3014
TYL.csv,stock_data/Russell 3000,.csv,857609,10424
HIG.csv,stock_data/Russell 3000,.csv,659400,6517
CRUS.csv,stock_data/Russell 3000,.csv,645204,8166
HHC.csv,stock_data/Russell 3000,.csv,256492,2768
ACM.csv,stock_data/Russell 3000,.csv,342705,3649
SHC.csv,stock_data/Russell 3000,.csv,22646,240
EZPW.csv,stock_data/Russell 3000,.csv,739368,7580
SKX.csv,stock_data/Russell 3000,.csv,541392,5640
TTEC.csv,stock_data/Russell 3000,.csv,626155,6359
RPAY.csv,stock_data/Russell 3000,.csv,75064,804
PB.csv,stock_data/Russell 3000,.csv,573634,5745
SIG.csv,stock_data/Russell 3000,.csv,758829,7707
JEF.csv,stock_data/Russell 3000,.csv,1031767,10404
HCAT.csv,stock_data/Russell 3000,.csv,53161,576
VVV.csv,stock_data/Russell 3000,.csv,128625,1288
CMS.csv,stock_data/Russell 3000,.csv,1163174,12271
CLW.csv,stock_data/Russell 3000,.csv,304494,3251
AWH.csv,stock_data/Russell 3000,.csv,462918,5290
KMPH.csv,stock_data/Russell 3000,.csv,150241,1652
ASIX.csv,stock_data/Russell 3000,.csv,121326,1294
CAG.csv,stock_data/Russell 3000,.csv,1048585,10499
RGLD.csv,stock_data/Russell 3000,.csv,938199,9914
INCY.csv,stock_data/Russell 3000,.csv,589932,7050
SCHW.csv,stock_data/Russell 3000,.csv,875581,8597
HSIC.csv,stock_data/Russell 3000,.csv,642817,6546
LBRDA.csv,stock_data/Russell 3000,.csv,167883,1763
AAWW.csv,stock_data/Russell 3000,.csv,363217,4023
CENT.csv,stock_data/Russell 3000,.csv,684063,7111
AZO.csv,stock_data/Russell 3000,.csv,610515,7709
FATE.csv,stock_data/Russell 3000,.csv,187211,2039
CCO.csv,stock_data/Russell 3000,.csv,390995,4021
AXP.csv,stock_data/Russell 3000,.csv,1256340,12360
HPE.csv,stock_data/Russell 3000,.csv,156538,1523
DEI.csv,stock_data/Russell 3000,.csv,376235,3783
DFS.csv,stock_data/Russell 3000,.csv,359573,3625
CRMT.csv,stock_data/Russell 3000,.csv,699567,7947
OMCL.csv,stock_data/Russell 3000,.csv,466427,5092
INBK.csv,stock_data/Russell 3000,.csv,299286,3021
TARS.csv,stock_data/Russell 3000,.csv,23811,265
RETA.csv,stock_data/Russell 3000,.csv,125967,1371
SEE.csv,stock_data/Russell 3000,.csv,1038014,10500
CRNX.csv,stock_data/Russell 3000,.csv,77393,832
NBTB.csv,stock_data/Russell 3000,.csv,737475,7394
HRL.csv,stock_data/Russell 3000,.csv,1027802,10452
ATR.csv,stock_data/Russell 3000,.csv,720145,7186
SO.csv,stock_data/Russell 3000,.csv,1023815,10047
AWI.csv,stock_data/Russell 3000,.csv,371562,3788
FRT.csv,stock_data/Russell 3000,.csv,1148803,0
FSP.csv,stock_data/Russell 3000,.csv,400703,4136
CNST.csv,stock_data/Russell 3000,.csv,43,1
ZBH.csv,stock_data/Russell 3000,.csv,504189,5103
FRC.csv,stock_data/Russell 3000,.csv,269979,2745
CECE.csv,stock_data/Russell 3000,.csv,822353,8530
SKY.csv,stock_data/Russell 3000,.csv,1154795,12230
LTRPA.csv,stock_data/Russell 3000,.csv,167445,1811
CME.csv,stock_data/Russell 3000,.csv,481218,4761
JRVR.csv,stock_data/Russell 3000,.csv,169931,1736
FN.csv,stock_data/Russell 3000,.csv,266328,2861
MYGN.csv,stock_data/Russell 3000,.csv,653166,6566
MRVL.csv,stock_data/Russell 3000,.csv,549027,5371
UPWK.csv,stock_data/Russell 3000,.csv,73082,778
XOM.csv,stock_data/Russell 3000,.csv,1521512,15063
RBCAA.csv,stock_data/Russell 3000,.csv,584232,5861
EB.csv,stock_data/Russell 3000,.csv,73912,787
MTH.csv,stock_data/Russell 3000,.csv,774343,8350
AVAV.csv,stock_data/Russell 3000,.csv,345241,3724
NUAN.csv,stock_data/Russell 3000,.csv,647362,6521
HR.csv,stock_data/Russell 3000,.csv,707551,7163
ALT.csv,stock_data/Russell 3000,.csv,103707,1119
CWK.csv,stock_data/Russell 3000,.csv,77621,821
AMP.csv,stock_data/Russell 3000,.csv,402729,4063
IRDM.csv,stock_data/Russell 3000,.csv,309494,3394
AMWL.csv,stock_data/Russell 3000,.csv,26883,286
VLY.csv,stock_data/Russell 3000,.csv,793504,7959
HE.csv,stock_data/Russell 3000,.csv,1170857,12185
AMG.csv,stock_data/Russell 3000,.csv,605285,6027
CVX.csv,stock_data/Russell 3000,.csv,1503505,15064
SBTX.csv,stock_data/Russell 3000,.csv,21134,231
AKYA.csv,stock_data/Russell 3000,.csv,13193,141
TWLO.csv,stock_data/Russell 3000,.csv,124079,1352
HWKN.csv,stock_data/Russell 3000,.csv,817924,8378
HURN.csv,stock_data/Russell 3000,.csv,393279,4296
CVLT.csv,stock_data/Russell 3000,.csv,350547,3806
CMCSA.csv,stock_data/Russell 3000,.csv,1041926,10481
CSSE.csv,stock_data/Russell 3000,.csv,100453,1061
OUST.csv,stock_data/Russell 3000,.csv,24314,266
UAVS.csv,stock_data/Russell 3000,.csv,181165,2960
EGRX.csv,stock_data/Russell 3000,.csv,179283,1947
ICHR.csv,stock_data/Russell 3000,.csv,115090,1234
AEVA.csv,stock_data/Russell 3000,.csv,35649,389
MANT.csv,stock_data/Russell 3000,.csv,488933,4971
JAMF.csv,stock_data/Russell 3000,.csv,30138,326
PCG.csv,stock_data/Russell 3000,.csv,1259799,0
PNW.csv,stock_data/Russell 3000,.csv,1160760,12281
ICE.csv,stock_data/Russell 3000,.csv,407941,4019
EVI.csv,stock_data/Russell 3000,.csv,541232,5573
SGFY.csv,stock_data/Russell 3000,.csv,17211,185
CTXS.csv,stock_data/Russell 3000,.csv,661852,6522
BRP.csv,stock_data/Russell 3000,.csv,48251,512
CCXI.csv,stock_data/Russell 3000,.csv,225396,2452
PRAH.csv,stock_data/Russell 3000,.csv,43,1
BEEM.csv,stock_data/Russell 3000,.csv,181671,2853
SYNA.csv,stock_data/Russell 3000,.csv,476281,4978
NET.csv,stock_data/Russell 3000,.csv,49900,541
SWAV.csv,stock_data/Russell 3000,.csv,61542,673
KZR.csv,stock_data/Russell 3000,.csv,77357,850
SEIC.csv,stock_data/Russell 3000,.csv,1006356,10203
TRIP.csv,stock_data/Russell 3000,.csv,244949,2494
PETS.csv,stock_data/Russell 3000,.csv,551602,5612
FROG.csv,stock_data/Russell 3000,.csv,26110,287
KOD.csv,stock_data/Russell 3000,.csv,70359,777
RAMP.csv,stock_data/Russell 3000,.csv,922907,9257
BEN.csv,stock_data/Russell 3000,.csv,963489,9573
KOS.csv,stock_data/Russell 3000,.csv,259603,2640
DISCK.csv,stock_data/Russell 3000,.csv,321732,3306
TRHC.csv,stock_data/Russell 3000,.csv,118935,1284
PRVA.csv,stock_data/Russell 3000,.csv,12353,133
UEC.csv,stock_data/Russell 3000,.csv,346536,3673
ICPT.csv,stock_data/Russell 3000,.csv,206683,2281
IMPL.csv,stock_data/Russell 3000,.csv,12377,136
UHS.csv,stock_data/Russell 3000,.csv,998794,10165
LEA.csv,stock_data/Russell 3000,.csv,304293,3018
BKR.csv,stock_data/Russell 3000,.csv,867557,8717
SBCF.csv,stock_data/Russell 3000,.csv,897063,9265
PING.csv,stock_data/Russell 3000,.csv,49961,537
MSGE.csv,stock_data/Russell 3000,.csv,35178,397
RLJ.csv,stock_data/Russell 3000,.csv,263497,2640
TBBK.csv,stock_data/Russell 3000,.csv,408798,4455
NFBK.csv,stock_data/Russell 3000,.csv,352280,3522
CCBG.csv,stock_data/Russell 3000,.csv,618197,6201
BKE.csv,stock_data/Russell 3000,.csv,747933,7409
FIVE.csv,stock_data/Russell 3000,.csv,218066,2340
TISI.csv,stock_data/Russell 3000,.csv,824325,9717
ROLL.csv,stock_data/Russell 3000,.csv,395117,4088
VXRT.csv,stock_data/Russell 3000,.csv,936053,9901
FLIC.csv,stock_data/Russell 3000,.csv,655352,6676
CCCC.csv,stock_data/Russell 3000,.csv,25172,275
BKH.csv,stock_data/Russell 3000,.csv,1140900,11725
ALHC.csv,stock_data/Russell 3000,.csv,14478,155
EMN.csv,stock_data/Russell 3000,.csv,711049,7024
GTN.csv,stock_data/Russell 3000,.csv,477682,4826
OYST.csv,stock_data/Russell 3000,.csv,46646,506
SBAC.csv,stock_data/Russell 3000,.csv,558240,5635
ROK.csv,stock_data/Russell 3000,.csv,1012799,10047
SIRI.csv,stock_data/Russell 3000,.csv,681233,6815
PTC.csv,stock_data/Russell 3000,.csv,664394,8039
GWB.csv,stock_data/Russell 3000,.csv,175400,1777
GTY.csv,stock_data/Russell 3000,.csv,1085289,10602
WRE.csv,stock_data/Russell 3000,.csv,1006485,10436
ARLO.csv,stock_data/Russell 3000,.csv,76327,820
FWRD.csv,stock_data/Russell 3000,.csv,704582,7015
NRG.csv,stock_data/Russell 3000,.csv,460380,4513
PRTS.csv,stock_data/Russell 3000,.csv,342675,3711
ARMK.csv,stock_data/Russell 3000,.csv,197369,1988
NSC.csv,stock_data/Russell 3000,.csv,1006337,9942
AROC.csv,stock_data/Russell 3000,.csv,352567,3578
MATW.csv,stock_data/Russell 3000,.csv,685545,6866
MTOR.csv,stock_data/Russell 3000,.csv,524994,5366
NXGN.csv,stock_data/Russell 3000,.csv,849564,8593
PNFP.csv,stock_data/Russell 3000,.csv,517551,5180
GOGO.csv,stock_data/Russell 3000,.csv,198506,2109
UCTT.csv,stock_data/Russell 3000,.csv,407146,4435
NPO.csv,stock_data/Russell 3000,.csv,478315,4897
GNW.csv,stock_data/Russell 3000,.csv,428614,4393
PNM.csv,stock_data/Russell 3000,.csv,1183554,12256
RVI.csv,stock_data/Russell 3000,.csv,88919,847
AGCO.csv,stock_data/Russell 3000,.csv,749897,7440
JJSF.csv,stock_data/Russell 3000,.csv,878203,8990
COLL.csv,stock_data/Russell 3000,.csv,154488,1637
BSY.csv,stock_data/Russell 3000,.csv,27465,282
BWXT.csv,stock_data/Russell 3000,.csv,285987,2836
WIX.csv,stock_data/Russell 3000,.csv,182119,2013
URG.csv,stock_data/Russell 3000,.csv,320707,3344
ALRM.csv,stock_data/Russell 3000,.csv,148699,1602
GBT.csv,stock_data/Russell 3000,.csv,142608,1570
CAMP.csv,stock_data/Russell 3000,.csv,678229,9101
ARWR.csv,stock_data/Russell 3000,.csv,422119,5002
NKE.csv,stock_data/Russell 3000,.csv,1062474,10318
GCP.csv,stock_data/Russell 3000,.csv,133657,1449
PRLB.csv,stock_data/Russell 3000,.csv,219982,2441
ANGN.csv,stock_data/Russell 3000,.csv,17305,189
NHI.csv,stock_data/Russell 3000,.csv,738420,7574
INO.csv,stock_data/Russell 3000,.csv,513403,5765
FIS.csv,stock_data/Russell 3000,.csv,510831,5127
GNTY.csv,stock_data/Russell 3000,.csv,110614,1132
IIPR.csv,stock_data/Russell 3000,.csv,121762,1240
SAFE.csv,stock_data/Russell 3000,.csv,107520,1101
SMSI.csv,stock_data/Russell 3000,.csv,547576,6579
SQZ.csv,stock_data/Russell 3000,.csv,23398,255
RNST.csv,stock_data/Russell 3000,.csv,668390,6707
HMTV.csv,stock_data/Russell 3000,.csv,196658,2162
ANF.csv,stock_data/Russell 3000,.csv,641942,6320
OCN.csv,stock_data/Russell 3000,.csv,579664,6321
PFPT.csv,stock_data/Russell 3000,.csv,219559,2358
AVNT.csv,stock_data/Russell 3000,.csv,546925,5574
DK.csv,stock_data/Russell 3000,.csv,386178,3904
ESNT.csv,stock_data/Russell 3000,.csv,198772,2017
FANG.csv,stock_data/Russell 3000,.csv,223643,2280
ABR.csv,stock_data/Russell 3000,.csv,434249,4426
EVRI.csv,stock_data/Russell 3000,.csv,375649,4057
ACA.csv,stock_data/Russell 3000,.csv,73938,755
FC.csv,stock_data/Russell 3000,.csv,573278,7412
SSTI.csv,stock_data/Russell 3000,.csv,101842,1112
STRO.csv,stock_data/Russell 3000,.csv,71718,782
ATH.csv,stock_data/Russell 3000,.csv,115429,1234
MNRO.csv,stock_data/Russell 3000,.csv,750247,7519
VEEV.csv,stock_data/Russell 3000,.csv,188208,2028
INOV.csv,stock_data/Russell 3000,.csv,156278,1695
VTR.csv,stock_data/Russell 3000,.csv,622399,6167
SHO.csv,stock_data/Russell 3000,.csv,425438,4290
SKT.csv,stock_data/Russell 3000,.csv,724887,7162
CNS.csv,stock_data/Russell 3000,.csv,426302,4337
LADR.csv,stock_data/Russell 3000,.csv,191178,1951
SB.csv,stock_data/Russell 3000,.csv,327683,3383
MAS.csv,stock_data/Russell 3000,.csv,1050551,10500
BHLB.csv,stock_data/Russell 3000,.csv,529158,5372
RF.csv,stock_data/Russell 3000,.csv,1022499,10449
ACLS.csv,stock_data/Russell 3000,.csv,499447,5365
BCRX.csv,stock_data/Russell 3000,.csv,556981,6967
FMBI.csv,stock_data/Russell 3000,.csv,938249,9565
CLDR.csv,stock_data/Russell 3000,.csv,106366,1121
OUT.csv,stock_data/Russell 3000,.csv,191333,1916
SMED.csv,stock_data/Russell 3000,.csv,390724,4512
SCHL.csv,stock_data/Russell 3000,.csv,754768,7481
CENX.csv,stock_data/Russell 3000,.csv,619949,6445
AMAL.csv,stock_data/Russell 3000,.csv,80359,816
AYX.csv,stock_data/Russell 3000,.csv,106691,1163
MRLN.csv,stock_data/Russell 3000,.csv,442793,4526
CRNC.csv,stock_data/Russell 3000,.csv,49661,540
MBII.csv,stock_data/Russell 3000,.csv,194889,2080
PCTY.csv,stock_data/Russell 3000,.csv,179457,1923
TCX.csv,stock_data/Russell 3000,.csv,617065,6407
BATRA.csv,stock_data/Russell 3000,.csv,131235,1399
CCB.csv,stock_data/Russell 3000,.csv,74939,831
HTLD.csv,stock_data/Russell 3000,.csv,860343,8598
SASR.csv,stock_data/Russell 3000,.csv,655082,6563
ETSY.csv,stock_data/Russell 3000,.csv,154997,1652
AMCR.csv,stock_data/Russell 3000,.csv,115995,1200
ATOS.csv,stock_data/Russell 3000,.csv,203608,2263
AMBA.csv,stock_data/Russell 3000,.csv,209972,2282
TAP.csv,stock_data/Russell 3000,.csv,1135247,11676
FMBH.csv,stock_data/Russell 3000,.csv,332979,3382
TBK.csv,stock_data/Russell 3000,.csv,160100,1760
DHC.csv,stock_data/Russell 3000,.csv,541311,5461
STEP.csv,stock_data/Russell 3000,.csv,28072,287
AVA.csv,stock_data/Russell 3000,.csv,1164302,12182
MAR.csv,stock_data/Russell 3000,.csv,604183,5946
MBI.csv,stock_data/Russell 3000,.csv,857845,8656
SC.csv,stock_data/Russell 3000,.csv,195972,1961
FCBP.csv,stock_data/Russell 3000,.csv,43,1
XYL.csv,stock_data/Russell 3000,.csv,249179,2532
AMNB.csv,stock_data/Russell 3000,.csv,553388,5572
DHT.csv,stock_data/Russell 3000,.csv,404276,4043
CMI.csv,stock_data/Russell 3000,.csv,1193073,12282
CNR.csv,stock_data/Russell 3000,.csv,570533,7443
TOL.csv,stock_data/Russell 3000,.csv,896228,8902
AWR.csv,stock_data/Russell 3000,.csv,1043658,10824
ST.csv,stock_data/Russell 3000,.csv,275248,2935
ATI.csv,stock_data/Russell 3000,.csv,545055,5520
FRO.csv,stock_data/Russell 3000,.csv,506579,5095
KMPR.csv,stock_data/Russell 3000,.csv,790690,7947
NRIX.csv,stock_data/Russell 3000,.csv,29920,324
FB.csv,stock_data/Russell 3000,.csv,226162,2382
VBTX.csv,stock_data/Russell 3000,.csv,175900,1779
MGNI.csv,stock_data/Russell 3000,.csv,178548,1913
MTD.csv,stock_data/Russell 3000,.csv,516213,6032
VERI.csv,stock_data/Russell 3000,.csv,104714,1129
BF-B.csv,stock_data/Russell 3000,.csv,1039877,10499
EXPO.csv,stock_data/Russell 3000,.csv,777235,7723
SSD.csv,stock_data/Russell 3000,.csv,685693,6844
HEI.csv,stock_data/Russell 3000,.csv,996836,10222
HGV.csv,stock_data/Russell 3000,.csv,114766,1218
NLOK.csv,stock_data/Russell 3000,.csv,829323,8156
ALX.csv,stock_data/Russell 3000,.csv,1112875,11913
KE.csv,stock_data/Russell 3000,.csv,161409,1764
GNTX.csv,stock_data/Russell 3000,.csv,996806,10007
REAL.csv,stock_data/Russell 3000,.csv,55896,594
AMK.csv,stock_data/Russell 3000,.csv,54476,581
OCX.csv,stock_data/Russell 3000,.csv,131789,1472
VUZI.csv,stock_data/Russell 3000,.csv,220788,2684
KR.csv,stock_data/Russell 3000,.csv,1503976,15055
HI.csv,stock_data/Russell 3000,.csv,339834,3427
INN.csv,stock_data/Russell 3000,.csv,264770,2703
ANGO.csv,stock_data/Russell 3000,.csv,410516,4389
TWNK.csv,stock_data/Russell 3000,.csv,134777,1421
RXT.csv,stock_data/Russell 3000,.csv,29679,316
KTB.csv,stock_data/Russell 3000,.csv,60700,617
FRTA.csv,stock_data/Russell 3000,.csv,117744,1269
GAN.csv,stock_data/Russell 3000,.csv,35440,380
CSPR.csv,stock_data/Russell 3000,.csv,40282,441
GMED.csv,stock_data/Russell 3000,.csv,217707,2329
SIGI.csv,stock_data/Russell 3000,.csv,1014755,10467
PLD.csv,stock_data/Russell 3000,.csv,596649,6027
IBM.csv,stock_data/Russell 3000,.csv,1529261,15063
USB.csv,stock_data/Russell 3000,.csv,1156233,11293
SGEN.csv,stock_data/Russell 3000,.csv,476762,5198
BSX.csv,stock_data/Russell 3000,.csv,626103,7422
COLM.csv,stock_data/Russell 3000,.csv,597753,5942
NEO.csv,stock_data/Russell 3000,.csv,395617,4305
BBCP.csv,stock_data/Russell 3000,.csv,91145,1010
CONE.csv,stock_data/Russell 3000,.csv,217864,2215
IAA.csv,stock_data/Russell 3000,.csv,56490,603
EVR.csv,stock_data/Russell 3000,.csv,376068,3834
NEX.csv,stock_data/Russell 3000,.csv,114356,1207
KNL.csv,stock_data/Russell 3000,.csv,43,1
LKQ.csv,stock_data/Russell 3000,.csv,435637,4553
FBHS.csv,stock_data/Russell 3000,.csv,251321,2551
ITW.csv,stock_data/Russell 3000,.csv,1176038,12086
ALGM.csv,stock_data/Russell 3000,.csv,23705,256
KIDS.csv,stock_data/Russell 3000,.csv,93587,1022
TWTR.csv,stock_data/Russell 3000,.csv,191819,2012
EOG.csv,stock_data/Russell 3000,.csv,813043,8085
SEEL.csv,stock_data/Russell 3000,.csv,332051,5657
BLUE.csv,stock_data/Russell 3000,.csv,190743,2111
BHE.csv,stock_data/Russell 3000,.csv,794003,7881
JOUT.csv,stock_data/Russell 3000,.csv,810416,8434
PLSE.csv,stock_data/Russell 3000,.csv,126474,1376
BHR.csv,stock_data/Russell 3000,.csv,199884,2011
BKI.csv,stock_data/Russell 3000,.csv,147619,1628
PVH.csv,stock_data/Russell 3000,.csv,1022740,10470
ENV.csv,stock_data/Russell 3000,.csv,259747,2838
ARCT.csv,stock_data/Russell 3000,.csv,198593,2130
APYX.csv,stock_data/Russell 3000,.csv,65609,717
KMB.csv,stock_data/Russell 3000,.csv,1046526,10500
AROW.csv,stock_data/Russell 3000,.csv,888480,9036
RVMD.csv,stock_data/Russell 3000,.csv,40677,436
NTRA.csv,stock_data/Russell 3000,.csv,148698,1598
PRTG.csv,stock_data/Russell 3000,.csv,199743,3500
NSTG.csv,stock_data/Russell 3000,.csv,196249,2106
PEAK.csv,stock_data/Russell 3000,.csv,922856,9188
IAC.csv,stock_data/Russell 3000,.csv,736808,7252
ISBC.csv,stock_data/Russell 3000,.csv,406432,4044
GTES.csv,stock_data/Russell 3000,.csv,89959,952
KIRK.csv,stock_data/Russell 3000,.csv,472953,4852
DHIL.csv,stock_data/Russell 3000,.csv,600918,6092
SPGI.csv,stock_data/Russell 3000,.csv,1202118,12276
NEM.csv,stock_data/Russell 3000,.csv,1051013,10500
CVBF.csv,stock_data/Russell 3000,.csv,831218,8435
LULU.csv,stock_data/Russell 3000,.csv,339575,3595
ONEW.csv,stock_data/Russell 3000,.csv,42666,440
TERN.csv,stock_data/Russell 3000,.csv,17423,189
CHEF.csv,stock_data/Russell 3000,.csv,239451,2586
BRKR.csv,stock_data/Russell 3000,.csv,527015,5347
WFC.csv,stock_data/Russell 3000,.csv,1287113,12462
WEX.csv,stock_data/Russell 3000,.csv,394335,4209
CTVA.csv,stock_data/Russell 3000,.csv,61439,618
AXNX.csv,stock_data/Russell 3000,.csv,69661,758
GBCI.csv,stock_data/Russell 3000,.csv,842556,8522
HOMB.csv,stock_data/Russell 3000,.csv,390026,3869
VMD.csv,stock_data/Russell 3000,.csv,51532,565
CUZ.csv,stock_data/Russell 3000,.csv,996917,10329
TMST.csv,stock_data/Russell 3000,.csv,179181,1859
CVA.csv,stock_data/Russell 3000,.csv,744240,7588
CLPT.csv,stock_data/Russell 3000,.csv,200581,2364
TTD.csv,stock_data/Russell 3000,.csv,125907,1290
NRIM.csv,stock_data/Russell 3000,.csv,719698,7274
SHAK.csv,stock_data/Russell 3000,.csv,155465,1704
EL.csv,stock_data/Russell 3000,.csv,663046,6536
GS.csv,stock_data/Russell 3000,.csv,564398,5665
OMF.csv,stock_data/Russell 3000,.csv,201666,2028
CURI.csv,stock_data/Russell 3000,.csv,39201,431
AVNW.csv,stock_data/Russell 3000,.csv,652876,8681
MPLN.csv,stock_data/Russell 3000,.csv,36721,399
STRL.csv,stock_data/Russell 3000,.csv,496562,6105
DRVN.csv,stock_data/Russell 3000,.csv,18758,202
TXG.csv,stock_data/Russell 3000,.csv,49377,542
ZUO.csv,stock_data/Russell 3000,.csv,84592,899
GD.csv,stock_data/Russell 3000,.csv,1485894,15060
CRTX.csv,stock_data/Russell 3000,.csv,56506,629
GNOG.csv,stock_data/Russell 3000,.csv,50567,548
CNP.csv,stock_data/Russell 3000,.csv,1502849,15062
AVT.csv,stock_data/Russell 3000,.csv,1234403,12233
AXTA.csv,stock_data/Russell 3000,.csv,167143,1757
PM.csv,stock_data/Russell 3000,.csv,338504,3435
MNRL.csv,stock_data/Russell 3000,.csv,63698,643
RE.csv,stock_data/Russell 3000,.csv,645830,6569
MCO.csv,stock_data/Russell 3000,.csv,685807,6799
HOWL.csv,stock_data/Russell 3000,.csv,11933,131
TXRH.csv,stock_data/Russell 3000,.csv,433208,4302
VREX.csv,stock_data/Russell 3000,.csv,113862,1206
CLX.csv,stock_data/Russell 3000,.csv,1206698,12280
BMRC.csv,stock_data/Russell 3000,.csv,525067,5278
CAH.csv,stock_data/Russell 3000,.csv,951647,9581
TBI.csv,stock_data/Russell 3000,.csv,633849,6878
AMBC.csv,stock_data/Russell 3000,.csv,203780,2145
BFLY.csv,stock_data/Russell 3000,.csv,30824,333
HQY.csv,stock_data/Russell 3000,.csv,169149,1830
HRB.csv,stock_data/Russell 3000,.csv,1208355,12283
PANW.csv,stock_data/Russell 3000,.csv,215704,2339
REVG.csv,stock_data/Russell 3000,.csv,118975,1202
IMKTA.csv,stock_data/Russell 3000,.csv,829173,8598
RICK.csv,stock_data/Russell 3000,.csv,643448,6495
SGC.csv,stock_data/Russell 3000,.csv,1107757,11627
EXEL.csv,stock_data/Russell 3000,.csv,492271,5423
MRNS.csv,stock_data/Russell 3000,.csv,172322,1830
MMS.csv,stock_data/Russell 3000,.csv,610170,6140
HTLF.csv,stock_data/Russell 3000,.csv,527432,5288
QUOT.csv,stock_data/Russell 3000,.csv,177817,1931
FOXF.csv,stock_data/Russell 3000,.csv,190019,2076
SCHN.csv,stock_data/Russell 3000,.csv,704046,7022
HPK.csv,stock_data/Russell 3000,.csv,80968,835
DELL.csv,stock_data/Russell 3000,.csv,126687,1314
OSIS.csv,stock_data/Russell 3000,.csv,516703,6063
MPWR.csv,stock_data/Russell 3000,.csv,421540,4269
DGX.csv,stock_data/Russell 3000,.csv,630279,6263
CAI.csv,stock_data/Russell 3000,.csv,358972,3645
UNFI.csv,stock_data/Russell 3000,.csv,550582,6294
HRC.csv,stock_data/Russell 3000,.csv,1174271,12113
CNSL.csv,stock_data/Russell 3000,.csv,400112,4101
PVAC.csv,stock_data/Russell 3000,.csv,113198,1250
AVB.csv,stock_data/Russell 3000,.csv,686457,6962
DIS.csv,stock_data/Russell 3000,.csv,1551961,15064
MITK.csv,stock_data/Russell 3000,.csv,577648,7705
MCY.csv,stock_data/Russell 3000,.csv,893890,9059
RS.csv,stock_data/Russell 3000,.csv,681401,6832
TNK.csv,stock_data/Russell 3000,.csv,346985,3498
TMP.csv,stock_data/Russell 3000,.csv,768267,7855
AVXL.csv,stock_data/Russell 3000,.csv,344191,3706
CBRE.csv,stock_data/Russell 3000,.csv,424990,4382
GE.csv,stock_data/Russell 3000,.csv,1535048,15064
ACC.csv,stock_data/Russell 3000,.csv,429201,4337
HII.csv,stock_data/Russell 3000,.csv,264522,2675
CGNX.csv,stock_data/Russell 3000,.csv,818237,8138
SSTK.csv,stock_data/Russell 3000,.csv,222746,2281
ABG.csv,stock_data/Russell 3000,.csv,472934,4942
LDOS.csv,stock_data/Russell 3000,.csv,383009,3789
MTG.csv,stock_data/Russell 3000,.csv,768184,7620
AFIN.csv,stock_data/Russell 3000,.csv,81077,831
POWL.csv,stock_data/Russell 3000,.csv,969412,10313
OAS.csv,stock_data/Russell 3000,.csv,285552,2867
SRC.csv,stock_data/Russell 3000,.csv,231942,2296
FHB.csv,stock_data/Russell 3000,.csv,131725,1322
BF-A.csv,stock_data/Russell 3000,.csv,1114855,11050
INVA.csv,stock_data/Russell 3000,.csv,433408,4302
HOOK.csv,stock_data/Russell 3000,.csv,57717,643
ALL.csv,stock_data/Russell 3000,.csv,725733,7159
TWI.csv,stock_data/Russell 3000,.csv,718106,7168
AMTX.csv,stock_data/Russell 3000,.csv,310805,3649
SRT.csv,stock_data/Russell 3000,.csv,578826,6134
BHVN.csv,stock_data/Russell 3000,.csv,104167,1135
SSP.csv,stock_data/Russell 3000,.csv,833043,8403
AMH.csv,stock_data/Russell 3000,.csv,208639,2081
SRRK.csv,stock_data/Russell 3000,.csv,80553,868
ERIE.csv,stock_data/Russell 3000,.csv,655676,6562
HRTG.csv,stock_data/Russell 3000,.csv,186400,1877
BRKS.csv,stock_data/Russell 3000,.csv,662890,6737
SRPT.csv,stock_data/Russell 3000,.csv,536388,6147
ITIC.csv,stock_data/Russell 3000,.csv,766862,7898
PGTI.csv,stock_data/Russell 3000,.csv,357186,3866
PCH.csv,stock_data/Russell 3000,.csv,1025943,10495
LPX.csv,stock_data/Russell 3000,.csv,1052471,10498
WEN.csv,stock_data/Russell 3000,.csv,978107,10341
ANIP.csv,stock_data/Russell 3000,.csv,475841,5294
NMIH.csv,stock_data/Russell 3000,.csv,183964,2011
RMNI.csv,stock_data/Russell 3000,.csv,113179,1262
LBAI.csv,stock_data/Russell 3000,.csv,564151,5715
PMT.csv,stock_data/Russell 3000,.csv,303783,3089
ENVA.csv,stock_data/Russell 3000,.csv,161042,1756
ETN.csv,stock_data/Russell 3000,.csv,1269500,12465
ITT.csv,stock_data/Russell 3000,.csv,658681,6517
EBC.csv,stock_data/Russell 3000,.csv,26415,266
ALGN.csv,stock_data/Russell 3000,.csv,479281,5225
NFLX.csv,stock_data/Russell 3000,.csv,477101,4898
ITRI.csv,stock_data/Russell 3000,.csv,557636,7050
TNXP.csv,stock_data/Russell 3000,.csv,141759,2207
SUMO.csv,stock_data/Russell 3000,.csv,27021,286
KMT.csv,stock_data/Russell 3000,.csv,1169874,12155
SWTX.csv,stock_data/Russell 3000,.csv,49168,541
CCMP.csv,stock_data/Russell 3000,.csv,535879,5431
DSKE.csv,stock_data/Russell 3000,.csv,131538,1426
NSA.csv,stock_data/Russell 3000,.csv,163190,1648
BEPC.csv,stock_data/Russell 3000,.csv,32230,324
SBNY.csv,stock_data/Russell 3000,.csv,439056,4437
KNX.csv,stock_data/Russell 3000,.csv,685953,6781
ROAD.csv,stock_data/Russell 3000,.csv,82507,883
RVLV.csv,stock_data/Russell 3000,.csv,56583,609
ARCB.csv,stock_data/Russell 3000,.csv,729672,7426
LEN.csv,stock_data/Russell 3000,.csv,1034936,10493
BHF.csv,stock_data/Russell 3000,.csv,101856,1085
WSC.csv,stock_data/Russell 3000,.csv,119420,1308
WINA.csv,stock_data/Russell 3000,.csv,657036,6808
FITB.csv,stock_data/Russell 3000,.csv,1010861,10263
WST.csv,stock_data/Russell 3000,.csv,1020092,10480
TLMD.csv,stock_data/Russell 3000,.csv,37391,415
ORBC.csv,stock_data/Russell 3000,.csv,345326,3733
DSEY.csv,stock_data/Russell 3000,.csv,14749,157
GWW.csv,stock_data/Russell 3000,.csv,1188967,12264
PPBI.csv,stock_data/Russell 3000,.csv,594906,5998
MSGN.csv,stock_data/Russell 3000,.csv,43,1
KBH.csv,stock_data/Russell 3000,.csv,891647,8876
FRBK.csv,stock_data/Russell 3000,.csv,656929,6862
ARAY.csv,stock_data/Russell 3000,.csv,337222,3712
MAXR.csv,stock_data/Russell 3000,.csv,202066,2101
BHB.csv,stock_data/Russell 3000,.csv,586196,5958
TREX.csv,stock_data/Russell 3000,.csv,526257,5683
TRGP.csv,stock_data/Russell 3000,.csv,271386,2747
IDYA.csv,stock_data/Russell 3000,.csv,56862,619
RMR.csv,stock_data/Russell 3000,.csv,144694,1484
FIVN.csv,stock_data/Russell 3000,.csv,177898,1911
ENS.csv,stock_data/Russell 3000,.csv,426184,4347
ARNA.csv,stock_data/Russell 3000,.csv,446866,5352
CATC.csv,stock_data/Russell 3000,.csv,416439,4263
LII.csv,stock_data/Russell 3000,.csv,552775,5605
GOEV.csv,stock_data/Russell 3000,.csv,57022,620
FIZZ.csv,stock_data/Russell 3000,.csv,735195,7297
BIGC.csv,stock_data/Russell 3000,.csv,28337,316
UFS.csv,stock_data/Russell 3000,.csv,371254,3694
FLGT.csv,stock_data/Russell 3000,.csv,115889,1283
WETF.csv,stock_data/Russell 3000,.csv,666145,6794
NTRS.csv,stock_data/Russell 3000,.csv,1009894,10375
TRIL.csv,stock_data/Russell 3000,.csv,197435,2136
PZN.csv,stock_data/Russell 3000,.csv,341340,3532
GSBC.csv,stock_data/Russell 3000,.csv,760663,7652
MVBF.csv,stock_data/Russell 3000,.csv,170995,1722
NTGR.csv,stock_data/Russell 3000,.csv,453099,4599
EEFT.csv,stock_data/Russell 3000,.csv,524633,6198
MANH.csv,stock_data/Russell 3000,.csv,530862,5924
PRLD.csv,stock_data/Russell 3000,.csv,25810,280
ELAN.csv,stock_data/Russell 3000,.csv,74643,787
UFPI.csv,stock_data/Russell 3000,.csv,706077,7045
EWTX.csv,stock_data/Russell 3000,.csv,14525,155
APOG.csv,stock_data/Russell 3000,.csv,1107658,11058
HYFM.csv,stock_data/Russell 3000,.csv,20591,227
PRMW.csv,stock_data/Russell 3000,.csv,743691,7403
FICO.csv,stock_data/Russell 3000,.csv,800916,8105
PBH.csv,stock_data/Russell 3000,.csv,392830,4213
FIBK.csv,stock_data/Russell 3000,.csv,287351,2926
IMGN.csv,stock_data/Russell 3000,.csv,608634,8042
INVE.csv,stock_data/Russell 3000,.csv,480014,6023
SAFT.csv,stock_data/Russell 3000,.csv,463791,4770
SRG.csv,stock_data/Russell 3000,.csv,154623,1597
AXON.csv,stock_data/Russell 3000,.csv,488279,5128
HY.csv,stock_data/Russell 3000,.csv,220518,2289
CVS.csv,stock_data/Russell 3000,.csv,1201996,12283
WDFC.csv,stock_data/Russell 3000,.csv,1191759,11938
AOS.csv,stock_data/Russell 3000,.csv,958595,9499
OLP.csv,stock_data/Russell 3000,.csv,781438,8286
FE.csv,stock_data/Russell 3000,.csv,602731,6036
ABC.csv,stock_data/Russell 3000,.csv,677023,6695
VIACA.csv,stock_data/Russell 3000,.csv,47105,483
SAIL.csv,stock_data/Russell 3000,.csv,93673,997
JPM.csv,stock_data/Russell 3000,.csv,1055471,10500
GBOX.csv,stock_data/Russell 3000,.csv,126163,1287
CNBKA.csv,stock_data/Russell 3000,.csv,787503,8232
PATK.csv,stock_data/Russell 3000,.csv,924124,9576
PTON.csv,stock_data/Russell 3000,.csv,49616,532
ABT.csv,stock_data/Russell 3000,.csv,1065896,10500
FR.csv,stock_data/Russell 3000,.csv,679456,6891
MRTX.csv,stock_data/Russell 3000,.csv,188295,2094
FFIC.csv,stock_data/Russell 3000,.csv,650978,6533
PFSI.csv,stock_data/Russell 3000,.csv,211273,2139
OMC.csv,stock_data/Russell 3000,.csv,1021087,10438
DM.csv,stock_data/Russell 3000,.csv,55102,602
OFIX.csv,stock_data/Russell 3000,.csv,573041,7416
BOKF.csv,stock_data/Russell 3000,.csv,720789,7271
FTCI.csv,stock_data/Russell 3000,.csv,12318,133
PACB.csv,stock_data/Russell 3000,.csv,258461,2775
VIRT.csv,stock_data/Russell 3000,.csv,165034,1652
GNLN.csv,stock_data/Russell 3000,.csv,59591,643
COF.csv,stock_data/Russell 3000,.csv,682714,6790
TSCO.csv,stock_data/Russell 3000,.csv,701637,6944
MLHR.csv,stock_data/Russell 3000,.csv,1079724,10473
ASGN.csv,stock_data/Russell 3000,.csv,596575,7334
PH.csv,stock_data/Russell 3000,.csv,1037927,10498
ACBI.csv,stock_data/Russell 3000,.csv,138176,1513
IIIV.csv,stock_data/Russell 3000,.csv,79380,850
CIVB.csv,stock_data/Russell 3000,.csv,562754,5690
HSKA.csv,stock_data/Russell 3000,.csv,595430,6127
LBRDK.csv,stock_data/Russell 3000,.csv,168556,1762
BTRS.csv,stock_data/Russell 3000,.csv,45461,497
MLR.csv,stock_data/Russell 3000,.csv,684160,6862
MBIN.csv,stock_data/Russell 3000,.csv,99152,1012
CLDT.csv,stock_data/Russell 3000,.csv,285761,2910
HST.csv,stock_data/Russell 3000,.csv,1055855,10499
BDTX.csv,stock_data/Russell 3000,.csv,40716,445
TMDX.csv,stock_data/Russell 3000,.csv,59027,634
AYI.csv,stock_data/Russell 3000,.csv,495330,5016
JBHT.csv,stock_data/Russell 3000,.csv,938762,9542
HSC.csv,stock_data/Russell 3000,.csv,1021417,10493
HSII.csv,stock_data/Russell 3000,.csv,560498,5670
MRNA.csv,stock_data/Russell 3000,.csv,68054,733
AXL.csv,stock_data/Russell 3000,.csv,560805,5730
CCS.csv,stock_data/Russell 3000,.csv,183519,1860
IESC.csv,stock_data/Russell 3000,.csv,558628,5972
SFT.csv,stock_data/Russell 3000,.csv,41234,450
MGTA.csv,stock_data/Russell 3000,.csv,78110,850
PZZA.csv,stock_data/Russell 3000,.csv,717048,7156
CAL.csv,stock_data/Russell 3000,.csv,1031941,10500
OTLK.csv,stock_data/Russell 3000,.csv,129209,1358
TSLA.csv,stock_data/Russell 3000,.csv,277037,2859
MOH.csv,stock_data/Russell 3000,.csv,446409,4619
MBIO.csv,stock_data/Russell 3000,.csv,98867,1059
PCYO.csv,stock_data/Russell 3000,.csv,515676,5818
SR.csv,stock_data/Russell 3000,.csv,1138614,11935
PI.csv,stock_data/Russell 3000,.csv,123935,1333
ATO.csv,stock_data/Russell 3000,.csv,950654,9514
MAC.csv,stock_data/Russell 3000,.csv,698507,6963
COP.csv,stock_data/Russell 3000,.csv,1021293,10046
SJW.csv,stock_data/Russell 3000,.csv,1073862,10758
DHR.csv,stock_data/Russell 3000,.csv,1067461,10742
CMO.csv,stock_data/Russell 3000,.csv,924360,9083
HTBI.csv,stock_data/Russell 3000,.csv,231655,2346
UNIT.csv,stock_data/Russell 3000,.csv,164573,1650
FOUR.csv,stock_data/Russell 3000,.csv,31310,358
OZK.csv,stock_data/Russell 3000,.csv,615143,6112
COG.csv,stock_data/Russell 3000,.csv,813337,7970
MAT.csv,stock_data/Russell 3000,.csv,1141999,11442
ARTNA.csv,stock_data/Russell 3000,.csv,642145,6479
ACAD.csv,stock_data/Russell 3000,.csv,410317,4391
WOOF.csv,stock_data/Russell 3000,.csv,19350,204
BFAM.csv,stock_data/Russell 3000,.csv,204700,2211
CNC.csv,stock_data/Russell 3000,.csv,477476,5008
MCK.csv,stock_data/Russell 3000,.csv,688855,6794
MGNX.csv,stock_data/Russell 3000,.csv,190818,2032
ECHO.csv,stock_data/Russell 3000,.csv,282623,3044
AVNS.csv,stock_data/Russell 3000,.csv,165551,1773
TXT.csv,stock_data/Russell 3000,.csv,1199816,12283
AAN.csv,stock_data/Russell 3000,.csv,23405,237
MTB.csv,stock_data/Russell 3000,.csv,1000812,10387
XOG.csv,stock_data/Russell 3000,.csv,17712,199
FDS.csv,stock_data/Russell 3000,.csv,640049,6380
RLGT.csv,stock_data/Russell 3000,.csv,308398,3356
VAC.csv,stock_data/Russell 3000,.csv,246671,2514
MRTN.csv,stock_data/Russell 3000,.csv,695519,7023
WTBA.csv,stock_data/Russell 3000,.csv,511467,5164
MYE.csv,stock_data/Russell 3000,.csv,975156,9951
VMW.csv,stock_data/Russell 3000,.csv,349981,3582
HFC.csv,stock_data/Russell 3000,.csv,1017595,10338
POWI.csv,stock_data/Russell 3000,.csv,606035,6013
CLSK.csv,stock_data/Russell 3000,.csv,73463,882
XPEL.csv,stock_data/Russell 3000,.csv,53484,593
EXPI.csv,stock_data/Russell 3000,.csv,93799,943
SSB.csv,stock_data/Russell 3000,.csv,609675,6148
SNBR.csv,stock_data/Russell 3000,.csv,546767,5765
ANDE.csv,stock_data/Russell 3000,.csv,648117,6452
PBI.csv,stock_data/Russell 3000,.csv,1274261,12462
PAR.csv,stock_data/Russell 3000,.csv,802041,9404
LSF.csv,stock_data/Russell 3000,.csv,24912,282
TRST.csv,stock_data/Russell 3000,.csv,894361,9136
VTRS.csv,stock_data/Russell 3000,.csv,1035301,10474
NVST.csv,stock_data/Russell 3000,.csv,50695,538
PAE.csv,stock_data/Russell 3000,.csv,62916,691
PPTA.csv,stock_data/Russell 3000,.csv,16272,181
TLYS.csv,stock_data/Russell 3000,.csv,232600,2392
IART.csv,stock_data/Russell 3000,.csv,563485,6601
CVNA.csv,stock_data/Russell 3000,.csv,104643,1139
HNGR.csv,stock_data/Russell 3000,.csv,628086,8284
UMBF.csv,stock_data/Russell 3000,.csv,940446,9726
CABO.csv,stock_data/Russell 3000,.csv,155194,1611
NFE.csv,stock_data/Russell 3000,.csv,68740,697
KREF.csv,stock_data/Russell 3000,.csv,112966,1134
APAM.csv,stock_data/Russell 3000,.csv,216090,2183
RDFN.csv,stock_data/Russell 3000,.csv,100616,1076
EVC.csv,stock_data/Russell 3000,.csv,524995,5349
ALSN.csv,stock_data/Russell 3000,.csv,240518,2427
SPFI.csv,stock_data/Russell 3000,.csv,61913,629
COOP.csv,stock_data/Russell 3000,.csv,226279,2418
UCBI.csv,stock_data/Russell 3000,.csv,494376,4942
AKBA.csv,stock_data/Russell 3000,.csv,179139,1922
BERY.csv,stock_data/Russell 3000,.csv,214622,2286
FRME.csv,stock_data/Russell 3000,.csv,766153,7741
DISCA.csv,stock_data/Russell 3000,.csv,406023,4111
ALEC.csv,stock_data/Russell 3000,.csv,64255,692
CTMX.csv,stock_data/Russell 3000,.csv,142286,1530
AKAM.csv,stock_data/Russell 3000,.csv,503606,5540
EBF.csv,stock_data/Russell 3000,.csv,1014774,10415
VMEO.csv,stock_data/Russell 3000,.csv,10611,116
BRSP.csv,stock_data/Russell 3000,.csv,93400,947
VSAT.csv,stock_data/Russell 3000,.csv,543017,6273
ENR.csv,stock_data/Russell 3000,.csv,157760,1611
ROL.csv,stock_data/Russell 3000,.csv,1048381,10496
LILAK.csv,stock_data/Russell 3000,.csv,157871,1601
RMD.csv,stock_data/Russell 3000,.csv,671066,6648
GVA.csv,stock_data/Russell 3000,.csv,792833,7948
CHPT.csv,stock_data/Russell 3000,.csv,44361,482
KAR.csv,stock_data/Russell 3000,.csv,302802,2995
EWBC.csv,stock_data/Russell 3000,.csv,577639,5727
WRB.csv,stock_data/Russell 3000,.csv,1126242,0
BIG.csv,stock_data/Russell 3000,.csv,924843,9169
BYND.csv,stock_data/Russell 3000,.csv,57722,634
YEXT.csv,stock_data/Russell 3000,.csv,108986,1149
AGYS.csv,stock_data/Russell 3000,.csv,988801,10303
OLED.csv,stock_data/Russell 3000,.csv,632301,6437
PRTA.csv,stock_data/Russell 3000,.csv,207456,2233
ROCK.csv,stock_data/Russell 3000,.csv,693553,7040
EBTC.csv,stock_data/Russell 3000,.csv,402593,4073
SLCA.csv,stock_data/Russell 3000,.csv,243764,2457
GOOGL.csv,stock_data/Russell 3000,.csv,415035,4334
EBS.csv,stock_data/Russell 3000,.csv,350120,3768
RCM.csv,stock_data/Russell 3000,.csv,109273,1169
NTST.csv,stock_data/Russell 3000,.csv,30658,310
BRX.csv,stock_data/Russell 3000,.csv,202790,2018
COMM.csv,stock_data/Russell 3000,.csv,192195,2021
BLNK.csv,stock_data/Russell 3000,.csv,188038,2941
NFG.csv,stock_data/Russell 3000,.csv,1223058,12172
LEGH.csv,stock_data/Russell 3000,.csv,66828,728
PRCH.csv,stock_data/Russell 3000,.csv,39008,422
SNOW.csv,stock_data/Russell 3000,.csv,24878,287
CACI.csv,stock_data/Russell 3000,.csv,812933,10465
BRO.csv,stock_data/Russell 3000,.csv,871720,8747
AGLE.csv,stock_data/Russell 3000,.csv,127351,1406
PAG.csv,stock_data/Russell 3000,.csv,632226,6301
ANET.csv,stock_data/Russell 3000,.csv,169666,1868
FCNCA.csv,stock_data/Russell 3000,.csv,797040,8366
QTRX.csv,stock_data/Russell 3000,.csv,91648,984
CLPR.csv,stock_data/Russell 3000,.csv,115081,1192
EHTH.csv,stock_data/Russell 3000,.csv,353345,3786
PAYX.csv,stock_data/Russell 3000,.csv,959595,9611
ESCA.csv,stock_data/Russell 3000,.csv,796470,8189
GLNG.csv,stock_data/Russell 3000,.csv,452888,4611
CWT.csv,stock_data/Russell 3000,.csv,1022004,10559
ALK.csv,stock_data/Russell 3000,.csv,1040424,10490
CTO.csv,stock_data/Russell 3000,.csv,780770,8056
DRI.csv,stock_data/Russell 3000,.csv,675831,6671
AMWD.csv,stock_data/Russell 3000,.csv,782574,8126
LXRX.csv,stock_data/Russell 3000,.csv,503520,5429
ILMN.csv,stock_data/Russell 3000,.csv,494751,5352
RRBI.csv,stock_data/Russell 3000,.csv,60535,633
DY.csv,stock_data/Russell 3000,.csv,831405,9169
ACTG.csv,stock_data/Russell 3000,.csv,458703,4755
MTW.csv,stock_data/Russell 3000,.csv,801176,7965
FF.csv,stock_data/Russell 3000,.csv,258763,2674
HALO.csv,stock_data/Russell 3000,.csv,410600,4439
CURO.csv,stock_data/Russell 3000,.csv,97119,984
SCSC.csv,stock_data/Russell 3000,.csv,579836,6932
GPRO.csv,stock_data/Russell 3000,.csv,172864,1854
CYH.csv,stock_data/Russell 3000,.csv,542850,5386
AAL.csv,stock_data/Russell 3000,.csv,402571,4055
KDNY.csv,stock_data/Russell 3000,.csv,126106,1653
MYRG.csv,stock_data/Russell 3000,.csv,310574,3329
HZNP.csv,stock_data/Russell 3000,.csv,241717,2586
LEN-B.csv,stock_data/Russell 3000,.csv,464472,4668
RC.csv,stock_data/Russell 3000,.csv,213982,2201
CNA.csv,stock_data/Russell 3000,.csv,1191073,12266
XLNX.csv,stock_data/Russell 3000,.csv,804626,7912
COR.csv,stock_data/Russell 3000,.csv,275626,2799
MAA.csv,stock_data/Russell 3000,.csv,682496,6992
PK.csv,stock_data/Russell 3000,.csv,120688,1218
CLI.csv,stock_data/Russell 3000,.csv,676826,6848
SP.csv,stock_data/Russell 3000,.csv,410039,4386
FCBC.csv,stock_data/Russell 3000,.csv,629350,6330
TLS.csv,stock_data/Russell 3000,.csv,22403,241
HAYN.csv,stock_data/Russell 3000,.csv,359822,3684
TNL.csv,stock_data/Russell 3000,.csv,390718,3852
HTBK.csv,stock_data/Russell 3000,.csv,570065,5746
REYN.csv,stock_data/Russell 3000,.csv,43965,445
EVER.csv,stock_data/Russell 3000,.csv,78013,845
CCF.csv,stock_data/Russell 3000,.csv,647573,6557
CBB.csv,stock_data/Russell 3000,.csv,1086365,11486
DDD.csv,stock_data/Russell 3000,.csv,702872,8472
SEM.csv,stock_data/Russell 3000,.csv,301175,3049
CBU.csv,stock_data/Russell 3000,.csv,838425,8395
ETRN.csv,stock_data/Russell 3000,.csv,75115,758
PFIS.csv,stock_data/Russell 3000,.csv,357389,3639
DDS.csv,stock_data/Russell 3000,.csv,1009899,10325
CBT.csv,stock_data/Russell 3000,.csv,1038423,10338
LSTR.csv,stock_data/Russell 3000,.csv,725227,7221
NYCB.csv,stock_data/Russell 3000,.csv,711574,7036
BCPC.csv,stock_data/Russell 3000,.csv,810430,8095
MMC.csv,stock_data/Russell 3000,.csv,1189514,0
SSNC.csv,stock_data/Russell 3000,.csv,293484,2921
TDOC.csv,stock_data/Russell 3000,.csv,142847,1600
HQI.csv,stock_data/Russell 3000,.csv,367300,3763
DEA.csv,stock_data/Russell 3000,.csv,169084,1699
CELC.csv,stock_data/Russell 3000,.csv,92226,1039
FOXA.csv,stock_data/Russell 3000,.csv,66615,670
TTEK.csv,stock_data/Russell 3000,.csv,757013,7518
PACW.csv,stock_data/Russell 3000,.csv,523309,5304
INNV.csv,stock_data/Russell 3000,.csv,15979,171
VVI.csv,stock_data/Russell 3000,.csv,438754,4375
CRAI.csv,stock_data/Russell 3000,.csv,578951,5918
ACCO.csv,stock_data/Russell 3000,.csv,399759,4083
NWBI.csv,stock_data/Russell 3000,.csv,680194,6794
TTGT.csv,stock_data/Russell 3000,.csv,332729,3644
SQ.csv,stock_data/Russell 3000,.csv,139450,1500
CLH.csv,stock_data/Russell 3000,.csv,653390,8534
AVD.csv,stock_data/Russell 3000,.csv,730604,7255
SIX.csv,stock_data/Russell 3000,.csv,290040,2893
AMOT.csv,stock_data/Russell 3000,.csv,882205,9144
SF.csv,stock_data/Russell 3000,.csv,935214,9279
POOL.csv,stock_data/Russell 3000,.csv,657869,6538
AAON.csv,stock_data/Russell 3000,.csv,730240,7261
FDP.csv,stock_data/Russell 3000,.csv,597426,6047
CZR.csv,stock_data/Russell 3000,.csv,163135,1794
LTHM.csv,stock_data/Russell 3000,.csv,72176,772
GT.csv,stock_data/Russell 3000,.csv,1492901,15062
FFIV.csv,stock_data/Russell 3000,.csv,518083,5643
DX.csv,stock_data/Russell 3000,.csv,840482,8501
CNDT.csv,stock_data/Russell 3000,.csv,116338,1232
MUR.csv,stock_data/Russell 3000,.csv,1051007,10500
CRWD.csv,stock_data/Russell 3000,.csv,54729,606
GLOB.csv,stock_data/Russell 3000,.csv,169875,1839
TUP.csv,stock_data/Russell 3000,.csv,631004,6418
VNO.csv,stock_data/Russell 3000,.csv,992985,10112
AMN.csv,stock_data/Russell 3000,.csv,461899,5029
KW.csv,stock_data/Russell 3000,.csv,338093,3434
HL.csv,stock_data/Russell 3000,.csv,1039690,10499
TWO.csv,stock_data/Russell 3000,.csv,304097,3024
HOME.csv,stock_data/Russell 3000,.csv,43,1
SAGE.csv,stock_data/Russell 3000,.csv,169072,1839
CINF.csv,stock_data/Russell 3000,.csv,1016274,10450
DRH.csv,stock_data/Russell 3000,.csv,406146,4140
AVAH.csv,stock_data/Russell 3000,.csv,12213,133
PSFE.csv,stock_data/Russell 3000,.csv,25131,270
VMC.csv,stock_data/Russell 3000,.csv,1167014,12158
TTC.csv,stock_data/Russell 3000,.csv,1036821,10482
FOLD.csv,stock_data/Russell 3000,.csv,337135,3635
MKTX.csv,stock_data/Russell 3000,.csv,420461,4279
QGEN.csv,stock_data/Russell 3000,.csv,641925,6382
AMTI.csv,stock_data/Russell 3000,.csv,32866,358
SRE.csv,stock_data/Russell 3000,.csv,581791,5878
YELP.csv,stock_data/Russell 3000,.csv,227267,2436
FBRX.csv,stock_data/Russell 3000,.csv,100158,1149
DOCN.csv,stock_data/Russell 3000,.csv,14071,157
NARI.csv,stock_data/Russell 3000,.csv,33063,367
NAPA.csv,stock_data/Russell 3000,.csv,15068,160
LPI.csv,stock_data/Russell 3000,.csv,217988,2488
NJR.csv,stock_data/Russell 3000,.csv,1018117,10368
ETH.csv,stock_data/Russell 3000,.csv,43,1
SYNH.csv,stock_data/Russell 3000,.csv,159262,1760
PKOH.csv,stock_data/Russell 3000,.csv,1107445,11663
SENEA.csv,stock_data/Russell 3000,.csv,427845,5092
PRAA.csv,stock_data/Russell 3000,.csv,470870,4780
BRY.csv,stock_data/Russell 3000,.csv,81404,831
CMTL.csv,stock_data/Russell 3000,.csv,917995,9420
CTOS.csv,stock_data/Russell 3000,.csv,81216,895
LHX.csv,stock_data/Russell 3000,.csv,1012442,10046
CCOI.csv,stock_data/Russell 3000,.csv,496166,4970
ORLY.csv,stock_data/Russell 3000,.csv,600067,7176
IVZ.csv,stock_data/Russell 3000,.csv,666381,6594
RCL.csv,stock_data/Russell 3000,.csv,722813,7184
LESL.csv,stock_data/Russell 3000,.csv,24250,256
NRC.csv,stock_data/Russell 3000,.csv,207982,2129
FLDM.csv,stock_data/Russell 3000,.csv,251263,2702
ZYXI.csv,stock_data/Russell 3000,.csv,397683,4002
NPK.csv,stock_data/Russell 3000,.csv,1004076,10491
ARNC.csv,stock_data/Russell 3000,.csv,37803,403
NSP.csv,stock_data/Russell 3000,.csv,625561,6234
PXD.csv,stock_data/Russell 3000,.csv,606191,6101
RAD.csv,stock_data/Russell 3000,.csv,952838,10500
NODK.csv,stock_data/Russell 3000,.csv,107222,1169
SPRO.csv,stock_data/Russell 3000,.csv,92478,1008
BDC.csv,stock_data/Russell 3000,.csv,703868,7035
KYMR.csv,stock_data/Russell 3000,.csv,27935,304
WSR.csv,stock_data/Russell 3000,.csv,273566,2818
COTY.csv,stock_data/Russell 3000,.csv,210168,2115
HNST.csv,stock_data/Russell 3000,.csv,12043,129
LDL.csv,stock_data/Russell 3000,.csv,975258,10772
ELY.csv,stock_data/Russell 3000,.csv,754500,7478
HLIO.csv,stock_data/Russell 3000,.csv,600690,6017
WING.csv,stock_data/Russell 3000,.csv,158814,1612
SNPS.csv,stock_data/Russell 3000,.csv,620598,7480
GMTX.csv,stock_data/Russell 3000,.csv,28086,311
PLUG.csv,stock_data/Russell 3000,.csv,480066,5540
GOOG.csv,stock_data/Russell 3000,.csv,416733,4334
EPAM.csv,stock_data/Russell 3000,.csv,225330,2452
FWONA.csv,stock_data/Russell 3000,.csv,216627,2221
SIVB.csv,stock_data/Russell 3000,.csv,721833,8466
BLX.csv,stock_data/Russell 3000,.csv,715497,7332
NYT.csv,stock_data/Russell 3000,.csv,1225164,12166
DXPE.csv,stock_data/Russell 3000,.csv,479459,5283
MDLA.csv,stock_data/Russell 3000,.csv,53818,578
FULC.csv,stock_data/Russell 3000,.csv,53297,581
BAH.csv,stock_data/Russell 3000,.csv,270695,2759
BUSE.csv,stock_data/Russell 3000,.csv,578173,5789
IMXI.csv,stock_data/Russell 3000,.csv,98925,1078
TWST.csv,stock_data/Russell 3000,.csv,69647,758
NDSN.csv,stock_data/Russell 3000,.csv,988644,10190
HBNC.csv,stock_data/Russell 3000,.csv,474101,4774
FULT.csv,stock_data/Russell 3000,.csv,888442,9041
NSSC.csv,stock_data/Russell 3000,.csv,837456,9048
YUM.csv,stock_data/Russell 3000,.csv,614790,6074
WMS.csv,stock_data/Russell 3000,.csv,181504,1834
CDZI.csv,stock_data/Russell 3000,.csv,564767,7697
EQT.csv,stock_data/Russell 3000,.csv,1037639,10500
TILE.csv,stock_data/Russell 3000,.csv,947587,9716
ICAD.csv,stock_data/Russell 3000,.csv,635274,9288
GHC.csv,stock_data/Russell 3000,.csv,1144411,0
BPYU.csv,stock_data/Russell 3000,.csv,43,1
NOTV.csv,stock_data/Russell 3000,.csv,481676,5784
IGT.csv,stock_data/Russell 3000,.csv,813064,7966
EQC.csv,stock_data/Russell 3000,.csv,876592,8791
LYV.csv,stock_data/Russell 3000,.csv,374196,3995
FNLC.csv,stock_data/Russell 3000,.csv,526232,5344
PLAB.csv,stock_data/Russell 3000,.csv,712782,8563
AGIO.csv,stock_data/Russell 3000,.csv,192559,2087
PLBY.csv,stock_data/Russell 3000,.csv,27397,298
MODV.csv,stock_data/Russell 3000,.csv,421458,4585
SBRA.csv,stock_data/Russell 3000,.csv,493235,4892
RAPT.csv,stock_data/Russell 3000,.csv,47088,507
PRIM.csv,stock_data/Russell 3000,.csv,328891,3333
PDM.csv,stock_data/Russell 3000,.csv,295898,2955
TRUP.csv,stock_data/Russell 3000,.csv,169508,1839
GES.csv,stock_data/Russell 3000,.csv,643972,6354
FLXS.csv,stock_data/Russell 3000,.csv,951616,10058
MVIS.csv,stock_data/Russell 3000,.csv,543315,6341
EBIX.csv,stock_data/Russell 3000,.csv,810571,8212
KSS.csv,stock_data/Russell 3000,.csv,749674,7422
NTNX.csv,stock_data/Russell 3000,.csv,120727,1283
USLM.csv,stock_data/Russell 3000,.csv,808372,8557
PFE.csv,stock_data/Russell 3000,.csv,1296976,12462
KPTI.csv,stock_data/Russell 3000,.csv,187772,2013
ZNGA.csv,stock_data/Russell 3000,.csv,236604,2487
UNVR.csv,stock_data/Russell 3000,.csv,152974,1609
OGE.csv,stock_data/Russell 3000,.csv,1185506,12263
WSBC.csv,stock_data/Russell 3000,.csv,802471,8118
MP.csv,stock_data/Russell 3000,.csv,31550,347
AIV.csv,stock_data/Russell 3000,.csv,705800,6871
CRI.csv,stock_data/Russell 3000,.csv,455187,4537
TRS.csv,stock_data/Russell 3000,.csv,352983,3643
SWN.csv,stock_data/Russell 3000,.csv,1014272,10475
AVGO.csv,stock_data/Russell 3000,.csv,308010,3084
RLMD.csv,stock_data/Russell 3000,.csv,156511,1813
DUK.csv,stock_data/Russell 3000,.csv,1050344,10500
TPL.csv,stock_data/Russell 3000,.csv,978999,10209
REGN.csv,stock_data/Russell 3000,.csv,589993,7709
MG.csv,stock_data/Russell 3000,.csv,284208,3040
CLVT.csv,stock_data/Russell 3000,.csv,71280,758
IRBT.csv,stock_data/Russell 3000,.csv,369336,4024
EXTR.csv,stock_data/Russell 3000,.csv,521021,5682
LC.csv,stock_data/Russell 3000,.csv,157279,1737
CPA.csv,stock_data/Russell 3000,.csv,391131,3999
BH.csv,stock_data/Russell 3000,.csv,927056,9938
THFF.csv,stock_data/Russell 3000,.csv,682308,6881
SFIX.csv,stock_data/Russell 3000,.csv,93302,997
CL.csv,stock_data/Russell 3000,.csv,1239380,0
VFC.csv,stock_data/Russell 3000,.csv,1046118,10498
MRSN.csv,stock_data/Russell 3000,.csv,101937,1097
SANM.csv,stock_data/Russell 3000,.csv,606506,7194
AVID.csv,stock_data/Russell 3000,.csv,572644,7216
IBIO.csv,stock_data/Russell 3000,.csv,276808,3261
MBWM.csv,stock_data/Russell 3000,.csv,558105,5603
STBA.csv,stock_data/Russell 3000,.csv,735396,7354
FDBC.csv,stock_data/Russell 3000,.csv,343199,3508
FORR.csv,stock_data/Russell 3000,.csv,626426,6272
CIT.csv,stock_data/Russell 3000,.csv,296255,2996
CLNE.csv,stock_data/Russell 3000,.csv,340045,3638
ASO.csv,stock_data/Russell 3000,.csv,25382,275
TR.csv,stock_data/Russell 3000,.csv,1022359,10447
NEXI.csv,stock_data/Russell 3000,.csv,16818,184
ATER.csv,stock_data/Russell 3000,.csv,54625,606
EVBG.csv,stock_data/Russell 3000,.csv,120054,1293
UA.csv,stock_data/Russell 3000,.csv,137990,1415
BMTC.csv,stock_data/Russell 3000,.csv,767841,7729
VZ.csv,stock_data/Russell 3000,.csv,975377,9568
NKTR.csv,stock_data/Russell 3000,.csv,579295,6858
JCI.csv,stock_data/Russell 3000,.csv,869858,8596
KELYA.csv,stock_data/Russell 3000,.csv,1006856,10355
DAN.csv,stock_data/Russell 3000,.csv,347448,3467
CPSI.csv,stock_data/Russell 3000,.csv,480873,4900
GRWG.csv,stock_data/Russell 3000,.csv,86308,943
ZY.csv,stock_data/Russell 3000,.csv,12535,137
OSW.csv,stock_data/Russell 3000,.csv,84702,879
HCHC.csv,stock_data/Russell 3000,.csv,288927,3035
EXAS.csv,stock_data/Russell 3000,.csv,478344,5223
SMBC.csv,stock_data/Russell 3000,.csv,599993,6102
PSTG.csv,stock_data/Russell 3000,.csv,145794,1532
FSLR.csv,stock_data/Russell 3000,.csv,348569,3766
LAND.csv,stock_data/Russell 3000,.csv,216449,2209
CDE.csv,stock_data/Russell 3000,.csv,921515,10469
XBIT.csv,stock_data/Russell 3000,.csv,162157,1653
AMGN.csv,stock_data/Russell 3000,.csv,985146,9674
AZEK.csv,stock_data/Russell 3000,.csv,32422,353
CBNK.csv,stock_data/Russell 3000,.csv,76721,783
GEVO.csv,stock_data/Russell 3000,.csv,188771,2703
AVRO.csv,stock_data/Russell 3000,.csv,78744,850
BDSX.csv,stock_data/Russell 3000,.csv,23631,257
CRIS.csv,stock_data/Russell 3000,.csv,451183,5350
CUBE.csv,stock_data/Russell 3000,.csv,425011,4289
JBL.csv,stock_data/Russell 3000,.csv,732256,7178
VIVO.csv,stock_data/Russell 3000,.csv,861045,8675
VST.csv,stock_data/Russell 3000,.csv,128318,1280
ILPT.csv,stock_data/Russell 3000,.csv,95412,960
JKHY.csv,stock_data/Russell 3000,.csv,879656,8801
OSBC.csv,stock_data/Russell 3000,.csv,648842,6533
LABP.csv,stock_data/Russell 3000,.csv,17510,190
WH.csv,stock_data/Russell 3000,.csv,85075,872
SOI.csv,stock_data/Russell 3000,.csv,111694,1129
H.csv,stock_data/Russell 3000,.csv,292920,3020
CERC.csv,stock_data/Russell 3000,.csv,43,1
NBHC.csv,stock_data/Russell 3000,.csv,226445,2296
AVIR.csv,stock_data/Russell 3000,.csv,23470,255
ADP.csv,stock_data/Russell 3000,.csv,1057430,10500
MPX.csv,stock_data/Russell 3000,.csv,512302,5175
AR.csv,stock_data/Russell 3000,.csv,193058,2032
CERT.csv,stock_data/Russell 3000,.csv,21027,226
FNB.csv,stock_data/Russell 3000,.csv,833025,8519
RRGB.csv,stock_data/Russell 3000,.csv,446307,4859
LB.csv,stock_data/Russell 3000,.csv,43,1
OGS.csv,stock_data/Russell 3000,.csv,190705,1965
SWX.csv,stock_data/Russell 3000,.csv,1110901,11899
STC.csv,stock_data/Russell 3000,.csv,1084157,11384
CSL.csv,stock_data/Russell 3000,.csv,1173708,12155
CNOB.csv,stock_data/Russell 3000,.csv,624226,6307
ON.csv,stock_data/Russell 3000,.csv,496328,5413
INSM.csv,stock_data/Russell 3000,.csv,472850,5392
VHI.csv,stock_data/Russell 3000,.csv,983162,10137
DGICA.csv,stock_data/Russell 3000,.csv,460725,4618
AMRX.csv,stock_data/Russell 3000,.csv,83054,882
STT.csv,stock_data/Russell 3000,.csv,1037382,10483
MTSI.csv,stock_data/Russell 3000,.csv,225999,2427
SPOT.csv,stock_data/Russell 3000,.csv,83077,906
CAKE.csv,stock_data/Russell 3000,.csv,738755,7337
GSHD.csv,stock_data/Russell 3000,.csv,87163,888
PFS.csv,stock_data/Russell 3000,.csv,466917,4734
ABUS.csv,stock_data/Russell 3000,.csv,317607,3511
KRA.csv,stock_data/Russell 3000,.csv,281143,2991
RRC.csv,stock_data/Russell 3000,.csv,899244,9244
ALTO.csv,stock_data/Russell 3000,.csv,370925,4184
IOVA.csv,stock_data/Russell 3000,.csv,210266,2607
RSG.csv,stock_data/Russell 3000,.csv,592949,5876
DMRC.csv,stock_data/Russell 3000,.csv,526151,5473
GDEN.csv,stock_data/Russell 3000,.csv,565282,5745
SLQT.csv,stock_data/Russell 3000,.csv,34587,368
CVET.csv,stock_data/Russell 3000,.csv,65391,693
BYSI.csv,stock_data/Russell 3000,.csv,104048,1173
IFF.csv,stock_data/Russell 3000,.csv,1166387,11825
PRFT.csv,stock_data/Russell 3000,.csv,490862,5525
CARG.csv,stock_data/Russell 3000,.csv,96075,1023
BBSI.csv,stock_data/Russell 3000,.csv,671043,6789
CSOD.csv,stock_data/Russell 3000,.csv,248491,2665
OBNK.csv,stock_data/Russell 3000,.csv,85743,881
IRT.csv,stock_data/Russell 3000,.csv,202072,2073
SLDB.csv,stock_data/Russell 3000,.csv,88416,951
SPWR.csv,stock_data/Russell 3000,.csv,397721,4018
SRNE.csv,stock_data/Russell 3000,.csv,209653,2520
NTUS.csv,stock_data/Russell 3000,.csv,467800,5099
SLGN.csv,stock_data/Russell 3000,.csv,628453,6219
RDN.csv,stock_data/Russell 3000,.csv,739171,7307
ANTM.csv,stock_data/Russell 3000,.csv,509571,5039
PRA.csv,stock_data/Russell 3000,.csv,758323,7585
IMUX.csv,stock_data/Russell 3000,.csv,147793,1902
ORGO.csv,stock_data/Russell 3000,.csv,89977,997
UMPQ.csv,stock_data/Russell 3000,.csv,580208,5886
GPS.csv,stock_data/Russell 3000,.csv,1053541,10499
MCFE.csv,stock_data/Russell 3000,.csv,26000,261
IMVT.csv,stock_data/Russell 3000,.csv,52696,569
BLL.csv,stock_data/Russell 3000,.csv,1206969,12200
LAD.csv,stock_data/Russell 3000,.csv,613540,6253
HBCP.csv,stock_data/Russell 3000,.csv,320471,3290
GOOD.csv,stock_data/Russell 3000,.csv,446878,4589
RKT.csv,stock_data/Russell 3000,.csv,31146,315
ALLK.csv,stock_data/Russell 3000,.csv,76219,831
EPAY.csv,stock_data/Russell 3000,.csv,505439,5720
SKLZ.csv,stock_data/Russell 3000,.csv,36232,386
PLUS.csv,stock_data/Russell 3000,.csv,586799,6070
PRPL.csv,stock_data/Russell 3000,.csv,110011,1216
CARR.csv,stock_data/Russell 3000,.csv,40996,412
SELB.csv,stock_data/Russell 3000,.csv,125944,1353
TRMB.csv,stock_data/Russell 3000,.csv,721653,7885
IPI.csv,stock_data/Russell 3000,.csv,318141,3410
EBSB.csv,stock_data/Russell 3000,.csv,347899,3472
CARE.csv,stock_data/Russell 3000,.csv,338892,3527
BCC.csv,stock_data/Russell 3000,.csv,217752,2203
MASS.csv,stock_data/Russell 3000,.csv,20049,221
QCOM.csv,stock_data/Russell 3000,.csv,772612,7530
CASA.csv,stock_data/Russell 3000,.csv,90612,978
DASH.csv,stock_data/Russell 3000,.csv,20886,228
TGTX.csv,stock_data/Russell 3000,.csv,234220,2696
CENTA.csv,stock_data/Russell 3000,.csv,346610,3714
LYB.csv,stock_data/Russell 3000,.csv,285384,2902
GIS.csv,stock_data/Russell 3000,.csv,1056300,10500
PII.csv,stock_data/Russell 3000,.csv,867205,8602
PHM.csv,stock_data/Russell 3000,.csv,1047110,10488
MDXG.csv,stock_data/Russell 3000,.csv,305656,3303
MMSI.csv,stock_data/Russell 3000,.csv,761971,7894
CVGI.csv,stock_data/Russell 3000,.csv,401012,4342
ALTM.csv,stock_data/Russell 3000,.csv,73937,749
ROST.csv,stock_data/Russell 3000,.csv,935528,9134
ALVR.csv,stock_data/Russell 3000,.csv,29572,320
BLKB.csv,stock_data/Russell 3000,.csv,426618,4352
SPNE.csv,stock_data/Russell 3000,.csv,148416,1607
CSTL.csv,stock_data/Russell 3000,.csv,52669,576
KRC.csv,stock_data/Russell 3000,.csv,611338,6234
ONCT.csv,stock_data/Russell 3000,.csv,379042,4471
MTRX.csv,stock_data/Russell 3000,.csv,616255,7823
MCRB.csv,stock_data/Russell 3000,.csv,148381,1602
LUV.csv,stock_data/Russell 3000,.csv,1078051,10551
SGMS.csv,stock_data/Russell 3000,.csv,724613,8921
NNI.csv,stock_data/Russell 3000,.csv,441312,4505
MDVL.csv,stock_data/Russell 3000,.csv,216993,2668
FRPH.csv,stock_data/Russell 3000,.csv,650156,6808
TGNA.csv,stock_data/Russell 3000,.csv,1046850,10500
ALXN.csv,stock_data/Russell 3000,.csv,43,1
KRT.csv,stock_data/Russell 3000,.csv,12947,142
IBEX.csv,stock_data/Russell 3000,.csv,28503,314
XEC.csv,stock_data/Russell 3000,.csv,472452,4789
LW.csv,stock_data/Russell 3000,.csv,122220,1254
AMPE.csv,stock_data/Russell 3000,.csv,266317,2892
WORK.csv,stock_data/Russell 3000,.csv,43,1
SWM.csv,stock_data/Russell 3000,.csv,651433,6542
NH.csv,stock_data/Russell 3000,.csv,128363,1367
MS.csv,stock_data/Russell 3000,.csv,735998,7229
CPB.csv,stock_data/Russell 3000,.csv,1198990,12280
TPX.csv,stock_data/Russell 3000,.csv,458567,4501
TSC.csv,stock_data/Russell 3000,.csv,196160,2139
IKNA.csv,stock_data/Russell 3000,.csv,14437,155
MD.csv,stock_data/Russell 3000,.csv,569746,6578
TALO.csv,stock_data/Russell 3000,.csv,82367,879
ATRO.csv,stock_data/Russell 3000,.csv,919951,9295
ECOL.csv,stock_data/Russell 3000,.csv,903538,9282
AXDX.csv,stock_data/Russell 3000,.csv,514101,6292
NGVT.csv,stock_data/Russell 3000,.csv,127899,1388
VEL.csv,stock_data/Russell 3000,.csv,40793,454
LAWS.csv,stock_data/Russell 3000,.csv,991409,10445
OKE.csv,stock_data/Russell 3000,.csv,1035226,10359
BK.csv,stock_data/Russell 3000,.csv,1238736,0
MSA.csv,stock_data/Russell 3000,.csv,990048,10251
J.csv,stock_data/Russell 3000,.csv,1010216,10410
BCOR.csv,stock_data/Russell 3000,.csv,565574,5760
FBC.csv,stock_data/Russell 3000,.csv,612761,6171
MIDD.csv,stock_data/Russell 3000,.csv,806501,8213
SYF.csv,stock_data/Russell 3000,.csv,183114,1830
KTOS.csv,stock_data/Russell 3000,.csv,479099,5535
OHI.csv,stock_data/Russell 3000,.csv,725549,7366
FCPT.csv,stock_data/Russell 3000,.csv,149898,1507
AFMD.csv,stock_data/Russell 3000,.csv,163763,1800
NGVC.csv,stock_data/Russell 3000,.csv,229291,2336
CHS.csv,stock_data/Russell 3000,.csv,736499,7208
TKR.csv,stock_data/Russell 3000,.csv,1182697,12275
SLP.csv,stock_data/Russell 3000,.csv,577814,5762
DNB.csv,stock_data/Russell 3000,.csv,32208,340
SNX.csv,stock_data/Russell 3000,.csv,453017,4517
CHD.csv,stock_data/Russell 3000,.csv,1027283,10287
SDGR.csv,stock_data/Russell 3000,.csv,39605,441
SLG.csv,stock_data/Russell 3000,.csv,607785,6096
CREE.csv,stock_data/Russell 3000,.csv,653418,7220
HTA.csv,stock_data/Russell 3000,.csv,241809,2370
EVLO.csv,stock_data/Russell 3000,.csv,80148,881
RPHM.csv,stock_data/Russell 3000,.csv,13098,147
NEWR.csv,stock_data/Russell 3000,.csv,160166,1736
BANC.csv,stock_data/Russell 3000,.csv,464265,4754
ZM.csv,stock_data/Russell 3000,.csv,57043,643
TEN.csv,stock_data/Russell 3000,.csv,1028289,10499
ESPR.csv,stock_data/Russell 3000,.csv,194935,2106
INFN.csv,stock_data/Russell 3000,.csv,337083,3630
AMED.csv,stock_data/Russell 3000,.csv,566745,6592
STOR.csv,stock_data/Russell 3000,.csv,175124,1753
HWM.csv,stock_data/Russell 3000,.csv,126127,1261
PCRX.csv,stock_data/Russell 3000,.csv,246624,2707
XENT.csv,stock_data/Russell 3000,.csv,168946,1835
DRIO.csv,stock_data/Russell 3000,.csv,131676,1423
PAHC.csv,stock_data/Russell 3000,.csv,188045,1906
CFX.csv,stock_data/Russell 3000,.csv,318672,3398
MHK.csv,stock_data/Russell 3000,.csv,654671,7453
ATHA.csv,stock_data/Russell 3000,.csv,26342,285
SFST.csv,stock_data/Russell 3000,.csv,432608,4668
TEX.csv,stock_data/Russell 3000,.csv,878731,8868
TFC.csv,stock_data/Russell 3000,.csv,984310,10019
CPRX.csv,stock_data/Russell 3000,.csv,351369,3768
BSRR.csv,stock_data/Russell 3000,.csv,602805,6088
LOCO.csv,stock_data/Russell 3000,.csv,169738,1834
INFO.csv,stock_data/Russell 3000,.csv,183667,1859
OPY.csv,stock_data/Russell 3000,.csv,785265,8190
SCI.csv,stock_data/Russell 3000,.csv,1028790,10496
DAL.csv,stock_data/Russell 3000,.csv,362524,3654
HASI.csv,stock_data/Russell 3000,.csv,212517,2154
GLSI.csv,stock_data/Russell 3000,.csv,24528,280
CIA.csv,stock_data/Russell 3000,.csv,828875,8861
CHE.csv,stock_data/Russell 3000,.csv,1174755,11810
TG.csv,stock_data/Russell 3000,.csv,812452,8146
APA.csv,stock_data/Russell 3000,.csv,1076866,10711
ARI.csv,stock_data/Russell 3000,.csv,298904,3050
VRS.csv,stock_data/Russell 3000,.csv,131692,1335
TIL.csv,stock_data/Russell 3000,.csv,14808,160
OCFC.csv,stock_data/Russell 3000,.csv,638185,6379
MFA.csv,stock_data/Russell 3000,.csv,592457,5931
WK.csv,stock_data/Russell 3000,.csv,158555,1736
OTRK.csv,stock_data/Russell 3000,.csv,315437,4373
FCF.csv,stock_data/Russell 3000,.csv,732220,7371
SXC.csv,stock_data/Russell 3000,.csv,255550,2591
XHR.csv,stock_data/Russell 3000,.csv,168119,1701
IBKR.csv,stock_data/Russell 3000,.csv,361287,3652
K.csv,stock_data/Russell 3000,.csv,1199857,12279
JWN.csv,stock_data/Russell 3000,.csv,1033271,10485
SXT.csv,stock_data/Russell 3000,.csv,1022795,10486
MESA.csv,stock_data/Russell 3000,.csv,75079,815
AFL.csv,stock_data/Russell 3000,.csv,1061779,10487
VRTS.csv,stock_data/Russell 3000,.csv,316106,3233
BJ.csv,stock_data/Russell 3000,.csv,79766,845
ADVM.csv,stock_data/Russell 3000,.csv,167046,1830
VGR.csv,stock_data/Russell 3000,.csv,875529,8577
ADS.csv,stock_data/Russell 3000,.csv,506502,5130
HLF.csv,stock_data/Russell 3000,.csv,422395,4251
SCWX.csv,stock_data/Russell 3000,.csv,130850,1396
ECOM.csv,stock_data/Russell 3000,.csv,194879,2129
FOE.csv,stock_data/Russell 3000,.csv,1021814,10495
AJX.csv,stock_data/Russell 3000,.csv,164714,1694
CSX.csv,stock_data/Russell 3000,.csv,1072667,10339
HCI.csv,stock_data/Russell 3000,.csv,321593,3308
FOR.csv,stock_data/Russell 3000,.csv,326775,3498
FFBC.csv,stock_data/Russell 3000,.csv,845147,8575
NKLA.csv,stock_data/Russell 3000,.csv,71286,765
CRK.csv,stock_data/Russell 3000,.csv,826380,8466
AIT.csv,stock_data/Russell 3000,.csv,1028071,10425
CNNE.csv,stock_data/Russell 3000,.csv,93476,996
NI.csv,stock_data/Russell 3000,.csv,1207834,12262
OFC.csv,stock_data/Russell 3000,.csv,702109,7107
CPT.csv,stock_data/Russell 3000,.csv,696938,7125
OM.csv,stock_data/Russell 3000,.csv,26104,288
NVTA.csv,stock_data/Russell 3000,.csv,157399,1695
PGC.csv,stock_data/Russell 3000,.csv,537972,5395
MTRN.csv,stock_data/Russell 3000,.csv,1034524,10492
SPNS.csv,stock_data/Russell 3000,.csv,576436,5799
PFG.csv,stock_data/Russell 3000,.csv,500755,5044
ALXO.csv,stock_data/Russell 3000,.csv,29711,329
TRUE.csv,stock_data/Russell 3000,.csv,175837,1882
GEF.csv,stock_data/Russell 3000,.csv,643404,6467
NCLH.csv,stock_data/Russell 3000,.csv,209119,2215
RDNT.csv,stock_data/Russell 3000,.csv,577784,6115
CTSO.csv,stock_data/Russell 3000,.csv,279495,3708
BLFS.csv,stock_data/Russell 3000,.csv,547743,7102
CSTM.csv,stock_data/Russell 3000,.csv,195942,2129
LXP.csv,stock_data/Russell 3000,.csv,691976,7060
COHR.csv,stock_data/Russell 3000,.csv,1003567,10484
CDXC.csv,stock_data/Russell 3000,.csv,297261,3176
ESI.csv,stock_data/Russell 3000,.csv,198014,1984
ISEE.csv,stock_data/Russell 3000,.csv,189770,2043
EPR.csv,stock_data/Russell 3000,.csv,593083,6029
ZION.csv,stock_data/Russell 3000,.csv,1010231,10382
AGEN.csv,stock_data/Russell 3000,.csv,500167,5471
BYRN.csv,stock_data/Russell 3000,.csv,161864,2206
DZSI.csv,stock_data/Russell 3000,.csv,326307,4524
PRGS.csv,stock_data/Russell 3000,.csv,767239,7626
EGLE.csv,stock_data/Russell 3000,.csv,368911,4118
RGA.csv,stock_data/Russell 3000,.csv,325066,3310
ENDP.csv,stock_data/Russell 3000,.csv,492034,5360
TENB.csv,stock_data/Russell 3000,.csv,77365,826
DJCO.csv,stock_data/Russell 3000,.csv,327991,4850
MARA.csv,stock_data/Russell 3000,.csv,208691,2225
TRNO.csv,stock_data/Russell 3000,.csv,291292,2955
OPRX.csv,stock_data/Russell 3000,.csv,268303,2992
CARS.csv,stock_data/Russell 3000,.csv,105642,1116
EHC.csv,stock_data/Russell 3000,.csv,877061,8841
RJF.csv,stock_data/Russell 3000,.csv,955972,9574
EIG.csv,stock_data/Russell 3000,.csv,367582,3718
SEAS.csv,stock_data/Russell 3000,.csv,211578,2153
GTYH.csv,stock_data/Russell 3000,.csv,97458,1075
BMI.csv,stock_data/Russell 3000,.csv,1040331,10551
IONS.csv,stock_data/Russell 3000,.csv,593569,7675
HBAN.csv,stock_data/Russell 3000,.csv,1020044,10437
UNH.csv,stock_data/Russell 3000,.csv,934399,9333
TRCH.csv,stock_data/Russell 3000,.csv,43,1
TEAM.csv,stock_data/Russell 3000,.csv,137945,1487
PRU.csv,stock_data/Russell 3000,.csv,494420,5008
PBYI.csv,stock_data/Russell 3000,.csv,213510,2381
WTS.csv,stock_data/Russell 3000,.csv,888031,8866
EGBN.csv,stock_data/Russell 3000,.csv,506208,5108
MORN.csv,stock_data/Russell 3000,.csv,403925,4157
PLTR.csv,stock_data/Russell 3000,.csv,26489,277
NMTR.csv,stock_data/Russell 3000,.csv,124623,1341
PSB.csv,stock_data/Russell 3000,.csv,734275,7546
BGCP.csv,stock_data/Russell 3000,.csv,555585,5498
GPC.csv,stock_data/Russell 3000,.csv,1043002,10500
BLI.csv,stock_data/Russell 3000,.csv,29804,329
ALLY.csv,stock_data/Russell 3000,.csv,196170,1919
HEES.csv,stock_data/Russell 3000,.csv,391561,3969
KEX.csv,stock_data/Russell 3000,.csv,849103,10475
ONTO.csv,stock_data/Russell 3000,.csv,47168,509
FISV.csv,stock_data/Russell 3000,.csv,843229,8839
SRCE.csv,stock_data/Russell 3000,.csv,888372,9143
LNN.csv,stock_data/Russell 3000,.csv,822574,8327
APPF.csv,stock_data/Russell 3000,.csv,144468,1602
LSXMA.csv,stock_data/Russell 3000,.csv,136239,1399
DTIL.csv,stock_data/Russell 3000,.csv,61011,658
TROX.csv,stock_data/Russell 3000,.csv,277884,2741
SPTN.csv,stock_data/Russell 3000,.csv,528117,5349
NWN.csv,stock_data/Russell 3000,.csv,1142360,12030
DDOG.csv,stock_data/Russell 3000,.csv,49310,537
ORIC.csv,stock_data/Russell 3000,.csv,35699,387
VTOL.csv,stock_data/Russell 3000,.csv,210197,2214
UHAL.csv,stock_data/Russell 3000,.csv,661103,6795
VOYA.csv,stock_data/Russell 3000,.csv,211708,2144
RGR.csv,stock_data/Russell 3000,.csv,1012663,10510
CASS.csv,stock_data/Russell 3000,.csv,584154,5900
NTB.csv,stock_data/Russell 3000,.csv,127410,1293
RRD.csv,stock_data/Russell 3000,.csv,1038450,10500
RUSHA.csv,stock_data/Russell 3000,.csv,457043,4551
BEAM.csv,stock_data/Russell 3000,.csv,39952,441
CMPR.csv,stock_data/Russell 3000,.csv,373262,4052
NAT.csv,stock_data/Russell 3000,.csv,607154,6024
BTX.csv,stock_data/Russell 3000,.csv,405227,7593
WMB.csv,stock_data/Russell 3000,.csv,1026442,10045
KLIC.csv,stock_data/Russell 3000,.csv,1129941,11718
XOMA.csv,stock_data/Russell 3000,.csv,553550,8924
SYKE.csv,stock_data/Russell 3000,.csv,43,1
EQR.csv,stock_data/Russell 3000,.csv,716996,7110
CHNG.csv,stock_data/Russell 3000,.csv,56507,595
PNTG.csv,stock_data/Russell 3000,.csv,49212,529
MXIM.csv,stock_data/Russell 3000,.csv,43,1
WKHS.csv,stock_data/Russell 3000,.csv,234770,2681
PBCT.csv,stock_data/Russell 3000,.csv,850200,8396
RXRX.csv,stock_data/Russell 3000,.csv,13212,141
KSU.csv,stock_data/Russell 3000,.csv,1030329,10499
PFC.csv,stock_data/Russell 3000,.csv,694962,7018
NLS.csv,stock_data/Russell 3000,.csv,557837,5664
ITOS.csv,stock_data/Russell 3000,.csv,29929,324
UTHR.csv,stock_data/Russell 3000,.csv,514452,5634
NTLA.csv,stock_data/Russell 3000,.csv,129326,1385
NATH.csv,stock_data/Russell 3000,.csv,692664,7180
PDCE.csv,stock_data/Russell 3000,.csv,756663,7725
DVA.csv,stock_data/Russell 3000,.csv,611225,6549
LE.csv,stock_data/Russell 3000,.csv,176719,1922
POST.csv,stock_data/Russell 3000,.csv,228266,2455
XGN.csv,stock_data/Russell 3000,.csv,48602,537
AIG.csv,stock_data/Russell 3000,.csv,1068639,10833
MA.csv,stock_data/Russell 3000,.csv,395294,3889
HBI.csv,stock_data/Russell 3000,.csv,387880,3818
FOA.csv,stock_data/Russell 3000,.csv,52395,568
OI.csv,stock_data/Russell 3000,.csv,749235,7532
PTEN.csv,stock_data/Russell 3000,.csv,713227,6990
AHT.csv,stock_data/Russell 3000,.csv,441110,4581
OFG.csv,stock_data/Russell 3000,.csv,813742,8212
TRU.csv,stock_data/Russell 3000,.csv,157142,1603
HAE.csv,stock_data/Russell 3000,.csv,622894,7681
HON.csv,stock_data/Russell 3000,.csv,1327404,13076
VICI.csv,stock_data/Russell 3000,.csv,97115,968
HOFT.csv,stock_data/Russell 3000,.csv,487104,4873
O.csv,stock_data/Russell 3000,.csv,686497,6811
BY.csv,stock_data/Russell 3000,.csv,108008,1095
EFSC.csv,stock_data/Russell 3000,.csv,445811,4555
VIAV.csv,stock_data/Russell 3000,.csv,692056,7022
NWSA.csv,stock_data/Russell 3000,.csv,212984,2111
DYN.csv,stock_data/Russell 3000,.csv,26738,286
AGL.csv,stock_data/Russell 3000,.csv,13215,142
TTWO.csv,stock_data/Russell 3000,.csv,615456,6166
X.csv,stock_data/Russell 3000,.csv,768990,7701
GLDD.csv,stock_data/Russell 3000,.csv,353401,3740
VEI.csv,stock_data/Russell 3000,.csv,15058,159
AES.csv,stock_data/Russell 3000,.csv,775254,7649
PSMT.csv,stock_data/Russell 3000,.csv,587851,6057
CERS.csv,stock_data/Russell 3000,.csv,525247,6232
MEI.csv,stock_data/Russell 3000,.csv,954057,9737
ATEC.csv,stock_data/Russell 3000,.csv,365213,3878
SLB.csv,stock_data/Russell 3000,.csv,1015994,10046
PFBC.csv,stock_data/Russell 3000,.csv,426515,4298
UIHC.csv,stock_data/Russell 3000,.csv,261643,2671
HZO.csv,stock_data/Russell 3000,.csv,509665,5895
DOC.csv,stock_data/Russell 3000,.csv,208769,2090
DLX.csv,stock_data/Russell 3000,.csv,1027167,10500
TT.csv,stock_data/Russell 3000,.csv,1046167,10500
APR.csv,stock_data/Russell 3000,.csv,17076,185
WAFD.csv,stock_data/Russell 3000,.csv,965749,9829
OCDX.csv,stock_data/Russell 3000,.csv,18365,195
SON.csv,stock_data/Russell 3000,.csv,1030650,10438
BOOM.csv,stock_data/Russell 3000,.csv,760090,7575
CIR.csv,stock_data/Russell 3000,.csv,539450,5549
LANC.csv,stock_data/Russell 3000,.csv,1010375,10401
DBD.csv,stock_data/Russell 3000,.csv,1009497,10047
KALU.csv,stock_data/Russell 3000,.csv,376117,3860
LCTX.csv,stock_data/Russell 3000,.csv,726015,7393
FTHM.csv,stock_data/Russell 3000,.csv,28899,319
XRX.csv,stock_data/Russell 3000,.csv,1468117,15065
INDT.csv,stock_data/Russell 3000,.csv,510982,5290
TGT.csv,stock_data/Russell 3000,.csv,1217926,12284
BALY.csv,stock_data/Russell 3000,.csv,63261,657
MGRC.csv,stock_data/Russell 3000,.csv,889239,9060
IRWD.csv,stock_data/Russell 3000,.csv,292932,2960
VBIV.csv,stock_data/Russell 3000,.csv,254047,2818
BANF.csv,stock_data/Russell 3000,.csv,758842,7633
AAPL.csv,stock_data/Russell 3000,.csv,1095740,10312
STNE.csv,stock_data/Russell 3000,.csv,70746,762
SCL.csv,stock_data/Russell 3000,.csv,1079744,11426
MKC.csv,stock_data/Russell 3000,.csv,1179369,12154
ORC.csv,stock_data/Russell 3000,.csv,214604,2197
INGN.csv,stock_data/Russell 3000,.csv,179937,1945
OMER.csv,stock_data/Russell 3000,.csv,282618,3040
SBH.csv,stock_data/Russell 3000,.csv,356051,3766
EVOP.csv,stock_data/Russell 3000,.csv,82016,870
IGMS.csv,stock_data/Russell 3000,.csv,48604,538
CEIX.csv,stock_data/Russell 3000,.csv,92908,995
OTIS.csv,stock_data/Russell 3000,.csv,40158,412
BDSI.csv,stock_data/Russell 3000,.csv,440597,4851
MHO.csv,stock_data/Russell 3000,.csv,694404,7032
TMCI.csv,stock_data/Russell 3000,.csv,12415,136
OPK.csv,stock_data/Russell 3000,.csv,542505,6479
TDY.csv,stock_data/Russell 3000,.csv,495753,5523
INDB.csv,stock_data/Russell 3000,.csv,827272,8430
SATS.csv,stock_data/Russell 3000,.csv,342746,3486
MIRM.csv,stock_data/Russell 3000,.csv,53288,581
CNTY.csv,stock_data/Russell 3000,.csv,548775,6842
ASH.csv,stock_data/Russell 3000,.csv,1043539,10500
SMP.csv,stock_data/Russell 3000,.csv,1009953,10491
EXLS.csv,stock_data/Russell 3000,.csv,351785,3786
VRA.csv,stock_data/Russell 3000,.csv,260458,2779
TOWN.csv,stock_data/Russell 3000,.csv,547382,5469
WY.csv,stock_data/Russell 3000,.csv,1239440,12236
APD.csv,stock_data/Russell 3000,.csv,1050624,10500
SMG.csv,stock_data/Russell 3000,.csv,750867,7497
SCCO.csv,stock_data/Russell 3000,.csv,661487,6504
VRTV.csv,stock_data/Russell 3000,.csv,168580,1860
KFRC.csv,stock_data/Russell 3000,.csv,661173,6602
ADUS.csv,stock_data/Russell 3000,.csv,271647,3026
FBP.csv,stock_data/Russell 3000,.csv,838825,8600
GRMN.csv,stock_data/Russell 3000,.csv,531347,5259
Y.csv,stock_data/Russell 3000,.csv,1011879,10453
AGM.csv,stock_data/Russell 3000,.csv,642441,6435
ADV.csv,stock_data/Russell 3000,.csv,40379,436
AEE.csv,stock_data/Russell 3000,.csv,596770,6000
AC.csv,stock_data/Russell 3000,.csv,147635,1500
MBUU.csv,stock_data/Russell 3000,.csv,182001,1955
BX.csv,stock_data/Russell 3000,.csv,359530,3619
CERE.csv,stock_data/Russell 3000,.csv,29761,320
STTK.csv,stock_data/Russell 3000,.csv,24723,270
HLT.csv,stock_data/Russell 3000,.csv,198386,1988
BCOV.csv,stock_data/Russell 3000,.csv,222315,2445
OII.csv,stock_data/Russell 3000,.csv,1107591,11503
NEOG.csv,stock_data/Russell 3000,.csv,784062,8008
LMNX.csv,stock_data/Russell 3000,.csv,43,1
NL.csv,stock_data/Russell 3000,.csv,1035603,10498
FLL.csv,stock_data/Russell 3000,.csv,518222,6638
DNMR.csv,stock_data/Russell 3000,.csv,33080,364
SWI.csv,stock_data/Russell 3000,.csv,77720,766
DLTR.csv,stock_data/Russell 3000,.csv,646429,6715
REGI.csv,stock_data/Russell 3000,.csv,225517,2466
TSP.csv,stock_data/Russell 3000,.csv,13063,142
CLVS.csv,stock_data/Russell 3000,.csv,231656,2508
CRY.csv,stock_data/Russell 3000,.csv,712605,7230
TRC.csv,stock_data/Russell 3000,.csv,988738,10354
STE.csv,stock_data/Russell 3000,.csv,748636,7414
HAS.csv,stock_data/Russell 3000,.csv,1037597,10443
FND.csv,stock_data/Russell 3000,.csv,106466,1140
GKOS.csv,stock_data/Russell 3000,.csv,147295,1603
RUBY.csv,stock_data/Russell 3000,.csv,77573,831
TMUS.csv,stock_data/Russell 3000,.csv,365229,3664
CPF.csv,stock_data/Russell 3000,.csv,784899,8002
NATI.csv,stock_data/Russell 3000,.csv,677215,6710
KRG.csv,stock_data/Russell 3000,.csv,437423,4339
PEN.csv,stock_data/Russell 3000,.csv,138033,1544
NCMI.csv,stock_data/Russell 3000,.csv,360464,3712
CTRN.csv,stock_data/Russell 3000,.csv,407064,4146
GSKY.csv,stock_data/Russell 3000,.csv,80608,868
HIFS.csv,stock_data/Russell 3000,.csv,664617,6835
WMT.csv,stock_data/Russell 3000,.csv,1274053,12386
GTBP.csv,stock_data/Russell 3000,.csv,85953,910
LITE.csv,stock_data/Russell 3000,.csv,142018,1584
RPM.csv,stock_data/Russell 3000,.csv,1014705,10468
RRR.csv,stock_data/Russell 3000,.csv,136780,1392
NTAP.csv,stock_data/Russell 3000,.csv,664683,6534
SILK.csv,stock_data/Russell 3000,.csv,60093,653
PKE.csv,stock_data/Russell 3000,.csv,1004828,10320
USCR.csv,stock_data/Russell 3000,.csv,43,1
AKRO.csv,stock_data/Russell 3000,.csv,55763,600
BWB.csv,stock_data/Russell 3000,.csv,85382,919
RGS.csv,stock_data/Russell 3000,.csv,763877,7634
BNFT.csv,stock_data/Russell 3000,.csv,188066,2048
ARKO.csv,stock_data/Russell 3000,.csv,49822,540
LGND.csv,stock_data/Russell 3000,.csv,712317,7273
KIM.csv,stock_data/Russell 3000,.csv,765210,7544
BAX.csv,stock_data/Russell 3000,.csv,1025478,10092
LMT.csv,stock_data/Russell 3000,.csv,1142368,11307
CARA.csv,stock_data/Russell 3000,.csv,182702,1955
KKR.csv,stock_data/Russell 3000,.csv,283974,2848
ABMD.csv,stock_data/Russell 3000,.csv,645888,8554
LPLA.csv,stock_data/Russell 3000,.csv,271260,2759
KEY.csv,stock_data/Russell 3000,.csv,870999,8568
ARES.csv,stock_data/Russell 3000,.csv,186919,1892
UNM.csv,stock_data/Russell 3000,.csv,896999,8820
SITM.csv,stock_data/Russell 3000,.csv,44692,493
MCFT.csv,stock_data/Russell 3000,.csv,152680,1588
FUBO.csv,stock_data/Russell 3000,.csv,53476,638
QDEL.csv,stock_data/Russell 3000,.csv,595495,7748
ALLO.csv,stock_data/Russell 3000,.csv,72548,772
PRG.csv,stock_data/Russell 3000,.csv,857432,8628
KEYS.csv,stock_data/Russell 3000,.csv,165097,1774
BMY.csv,stock_data/Russell 3000,.csv,1277953,12466
PSA.csv,stock_data/Russell 3000,.csv,1011164,10283
WYNN.csv,stock_data/Russell 3000,.csv,472905,4790
LILA.csv,stock_data/Russell 3000,.csv,157396,1598
RHI.csv,stock_data/Russell 3000,.csv,1001530,10236
SYRS.csv,stock_data/Russell 3000,.csv,124480,1347
CHUY.csv,stock_data/Russell 3000,.csv,216345,2337
EFX.csv,stock_data/Russell 3000,.csv,1037512,10476
FBNC.csv,stock_data/Russell 3000,.csv,731939,7434
NUE.csv,stock_data/Russell 3000,.csv,1049689,10500
PKG.csv,stock_data/Russell 3000,.csv,541440,5478
GDDY.csv,stock_data/Russell 3000,.csv,154156,1663
HYLN.csv,stock_data/Russell 3000,.csv,40978,443
COHU.csv,stock_data/Russell 3000,.csv,1015027,10311
RUSHB.csv,stock_data/Russell 3000,.csv,627800,6335
IDEX.csv,stock_data/Russell 3000,.csv,258360,3082
BVS.csv,stock_data/Russell 3000,.csv,17057,185
LIVX.csv,stock_data/Russell 3000,.csv,96563,1033
KNSL.csv,stock_data/Russell 3000,.csv,130080,1328
PRDO.csv,stock_data/Russell 3000,.csv,542589,5975
CDXS.csv,stock_data/Russell 3000,.csv,266621,2906
NCBS.csv,stock_data/Russell 3000,.csv,163913,1924
PJT.csv,stock_data/Russell 3000,.csv,150379,1542
CHCT.csv,stock_data/Russell 3000,.csv,159953,1628
RCKY.csv,stock_data/Russell 3000,.csv,700678,7215
TNDM.csv,stock_data/Russell 3000,.csv,174306,2007
SPLK.csv,stock_data/Russell 3000,.csv,223530,2403
WAB.csv,stock_data/Russell 3000,.csv,662295,6644
GCMG.csv,stock_data/Russell 3000,.csv,59647,607
KROS.csv,stock_data/Russell 3000,.csv,36050,398
SPNT.csv,stock_data/Russell 3000,.csv,191987,2071
ONCR.csv,stock_data/Russell 3000,.csv,25180,275
CTSH.csv,stock_data/Russell 3000,.csv,597876,5884
LTC.csv,stock_data/Russell 3000,.csv,739166,7359
ARQT.csv,stock_data/Russell 3000,.csv,41130,445
TRVN.csv,stock_data/Russell 3000,.csv,182957,1955
AMRK.csv,stock_data/Russell 3000,.csv,187238,1924
HMST.csv,stock_data/Russell 3000,.csv,246963,2450
TSE.csv,stock_data/Russell 3000,.csv,183104,1864
JYNT.csv,stock_data/Russell 3000,.csv,157789,1758
AZPN.csv,stock_data/Russell 3000,.csv,568020,6805
FNF.csv,stock_data/Russell 3000,.csv,408281,4042
SWK.csv,stock_data/Russell 3000,.csv,1035776,10499
CRL.csv,stock_data/Russell 3000,.csv,488811,5376
WSBF.csv,stock_data/Russell 3000,.csv,404250,4047
MU.csv,stock_data/Russell 3000,.csv,947265,9435
TRV.csv,stock_data/Russell 3000,.csv,1128310,11578
CPS.csv,stock_data/Russell 3000,.csv,232136,2809
MKSI.csv,stock_data/Russell 3000,.csv,563447,5689
HNI.csv,stock_data/Russell 3000,.csv,1007349,10381
SCVL.csv,stock_data/Russell 3000,.csv,722669,7211
MSP.csv,stock_data/Russell 3000,.csv,24382,262
AA.csv,stock_data/Russell 3000,.csv,1525741,15064
BRK-B.csv,stock_data/Russell 3000,.csv,606772,6417
L.csv,stock_data/Russell 3000,.csv,1035149,10500
AGX.csv,stock_data/Russell 3000,.csv,512063,5189
ULCC.csv,stock_data/Russell 3000,.csv,14186,151
ADC.csv,stock_data/Russell 3000,.csv,677854,6939
PSNL.csv,stock_data/Russell 3000,.csv,55986,600
GBIO.csv,stock_data/Russell 3000,.csv,32736,353
AEP.csv,stock_data/Russell 3000,.csv,1491085,15064
ADT.csv,stock_data/Russell 3000,.csv,93731,956
MRC.csv,stock_data/Russell 3000,.csv,228755,2408
AGO.csv,stock_data/Russell 3000,.csv,439288,4415
CI.csv,stock_data/Russell 3000,.csv,1014630,9983
ACRS.csv,stock_data/Russell 3000,.csv,143780,1532
ATRI.csv,stock_data/Russell 3000,.csv,941336,9767
AQB.csv,stock_data/Russell 3000,.csv,111576,1213
VRT.csv,stock_data/Russell 3000,.csv,80221,817
ASAN.csv,stock_data/Russell 3000,.csv,25341,277
DOW.csv,stock_data/Russell 3000,.csv,65502,664
FUL.csv,stock_data/Russell 3000,.csv,1157268,12076
TW.csv,stock_data/Russell 3000,.csv,63568,653
THO.csv,stock_data/Russell 3000,.csv,918188,9256
OPI.csv,stock_data/Russell 3000,.csv,312425,3128
BANR.csv,stock_data/Russell 3000,.csv,648735,6548
KALV.csv,stock_data/Russell 3000,.csv,155288,1657
RYAM.csv,stock_data/Russell 3000,.csv,182016,1862
PHAT.csv,stock_data/Russell 3000,.csv,46542,511
FARO.csv,stock_data/Russell 3000,.csv,510224,6036
STNG.csv,stock_data/Russell 3000,.csv,290652,2921
DCT.csv,stock_data/Russell 3000,.csv,28370,309
KALA.csv,stock_data/Russell 3000,.csv,100642,1082
ORA.csv,stock_data/Russell 3000,.csv,419338,4275
CDW.csv,stock_data/Russell 3000,.csv,207619,2105
INFI.csv,stock_data/Russell 3000,.csv,494161,5352
BAND.csv,stock_data/Russell 3000,.csv,91999,1003
TFSL.csv,stock_data/Russell 3000,.csv,360073,3662
CPRI.csv,stock_data/Russell 3000,.csv,232246,2488
CNXN.csv,stock_data/Russell 3000,.csv,591480,5960
HFWA.csv,stock_data/Russell 3000,.csv,576042,5903
JNJ.csv,stock_data/Russell 3000,.csv,1515151,15055
MGPI.csv,stock_data/Russell 3000,.csv,810546,8260
ACEL.csv,stock_data/Russell 3000,.csv,85069,925
WM.csv,stock_data/Russell 3000,.csv,815907,8345
BOLT.csv,stock_data/Russell 3000,.csv,17547,189
QTS.csv,stock_data/Russell 3000,.csv,194805,1988
DOV.csv,stock_data/Russell 3000,.csv,1044485,10498
AOSL.csv,stock_data/Russell 3000,.csv,267325,2901
CRDF.csv,stock_data/Russell 3000,.csv,324867,3542
TA.csv,stock_data/Russell 3000,.csv,293906,3717
APG.csv,stock_data/Russell 3000,.csv,36308,384
FORA.csv,stock_data/Russell 3000,.csv,16184,172
UE.csv,stock_data/Russell 3000,.csv,170307,1713
Z.csv,stock_data/Russell 3000,.csv,147873,1577
STWD.csv,stock_data/Russell 3000,.csv,313134,3080
BL.csv,stock_data/Russell 3000,.csv,117389,1263
VIAC.csv,stock_data/Russell 3000,.csv,399632,4007
M.csv,stock_data/Russell 3000,.csv,764365,7494
HOFV.csv,stock_data/Russell 3000,.csv,66517,716
ACRE.csv,stock_data/Russell 3000,.csv,233334,2397
RBNC.csv,stock_data/Russell 3000,.csv,175235,1794
NWPX.csv,stock_data/Russell 3000,.csv,531620,6514
ETNB.csv,stock_data/Russell 3000,.csv,45686,500
OSTK.csv,stock_data/Russell 3000,.csv,449823,4894
LMAT.csv,stock_data/Russell 3000,.csv,366272,3777
TPH.csv,stock_data/Russell 3000,.csv,211377,2207
NBEV.csv,stock_data/Russell 3000,.csv,167676,1780
FLO.csv,stock_data/Russell 3000,.csv,1050497,10461
CGEM.csv,stock_data/Russell 3000,.csv,19170,208
AIR.csv,stock_data/Russell 3000,.csv,1033594,10481
CRM.csv,stock_data/Russell 3000,.csv,415702,4374
CPE.csv,stock_data/Russell 3000,.csv,606954,7746
RYTM.csv,stock_data/Russell 3000,.csv,95885,1026
URGN.csv,stock_data/Russell 3000,.csv,103629,1135
SOLY.csv,stock_data/Russell 3000,.csv,62760,685
NX.csv,stock_data/Russell 3000,.csv,1032733,10492
MC.csv,stock_data/Russell 3000,.csv,187907,1903
FNCH.csv,stock_data/Russell 3000,.csv,14406,160
PUMP.csv,stock_data/Russell 3000,.csv,110267,1168
USNA.csv,stock_data/Russell 3000,.csv,577738,6863
PGR.csv,stock_data/Russell 3000,.csv,1048213,10430
SNDR.csv,stock_data/Russell 3000,.csv,114822,1154
WAT.csv,stock_data/Russell 3000,.csv,565859,6536
NNN.csv,stock_data/Russell 3000,.csv,867911,8993
FRST.csv,stock_data/Russell 3000,.csv,364187,3694
IMAX.csv,stock_data/Russell 3000,.csv,574600,6899
ARRY.csv,stock_data/Russell 3000,.csv,24800,266
IEX.csv,stock_data/Russell 3000,.csv,817764,8163
SPCE.csv,stock_data/Russell 3000,.csv,96452,1032
CMRX.csv,stock_data/Russell 3000,.csv,200733,2159
NAV.csv,stock_data/Russell 3000,.csv,43,1
BWA.csv,stock_data/Russell 3000,.csv,718267,7109
LIVN.csv,stock_data/Russell 3000,.csv,139981,1523
GIC.csv,stock_data/Russell 3000,.csv,646300,6636
LRCX.csv,stock_data/Russell 3000,.csv,936233,9452
EPC.csv,stock_data/Russell 3000,.csv,544381,5438
PLMR.csv,stock_data/Russell 3000,.csv,58966,644
BPMC.csv,stock_data/Russell 3000,.csv,150445,1642
APPS.csv,stock_data/Russell 3000,.csv,274402,3230
KRTX.csv,stock_data/Russell 3000,.csv,54562,594
TELL.csv,stock_data/Russell 3000,.csv,604664,7934
RGP.csv,stock_data/Russell 3000,.csv,530533,5254
REX.csv,stock_data/Russell 3000,.csv,857321,9351
PLXS.csv,stock_data/Russell 3000,.csv,718698,8926
NUS.csv,stock_data/Russell 3000,.csv,617805,6279
NWL.csv,stock_data/Russell 3000,.csv,1037869,10459
QTNT.csv,stock_data/Russell 3000,.csv,170474,1897
UAA.csv,stock_data/Russell 3000,.csv,384732,4017
ARGO.csv,stock_data/Russell 3000,.csv,883890,8807
BLK.csv,stock_data/Russell 3000,.csv,547234,5560
OLLI.csv,stock_data/Russell 3000,.csv,143306,1589
PPL.csv,stock_data/Russell 3000,.csv,1049737,10497
ROKU.csv,stock_data/Russell 3000,.csv,95559,1033
MTDR.csv,stock_data/Russell 3000,.csv,244511,2456
.DS_Store,amazon,,10244,10
amazon_products.csv,amazon/products,.csv,375936400,1426338
amazon_categories.csv,amazon/products,.csv,6828,249
.DS_Store,amazon/books,,6148,1
books_data.csv,amazon/books,.csv,1192,6
Books_rating.csv,amazon/books,.csv,886,6
Reviews.csv,amazon/fine_food_reviews,.csv,300904694,568455
.DS_Store,amazon/reviews,,6148,1
test.csv,amazon/reviews,.csv,176046679,400000
train.csv,amazon/reviews,.csv,1585200224,3600000
.DS_Store,market,,6148,1
iba.us.txt,market/Stocks,.txt,150448,3200
wpz.us.txt,market/Stocks,.txt,150177,3082
opnt.us.txt,market/Stocks,.txt,2316,54
indf.us.txt,market/Stocks,.txt,15833,357
flic.us.txt,market/Stocks,.txt,141568,3007
nbhc.us.txt,market/Stocks,.txt,62360,1296
ncs.us.txt,market/Stocks,.txt,140452,3202
grvy.us.txt,market/Stocks,.txt,123492,3077
lgcyo.us.txt,market/Stocks,.txt,37401,854
eqco.us.txt,market/Stocks,.txt,62721,1332
gpk.us.txt,market/Stocks,.txt,156276,3202
wti.us.txt,market/Stocks,.txt,150465,3202
dyn_a.us.txt,market/Stocks,.txt,32239,742
cstr.us.txt,market/Stocks,.txt,12589,289
mygn.us.txt,market/Stocks,.txt,143124,3202
cor_a-cl.us.txt,market/Stocks,.txt,860,19
jmu.us.txt,market/Stocks,.txt,24476,622
jpem.us.txt,market/Stocks,.txt,30506,664
kelya.us.txt,market/Stocks,.txt,154253,3202
wbig.us.txt,market/Stocks,.txt,38010,809
eemx.us.txt,market/Stocks,.txt,7143,158
nycb.us.txt,market/Stocks,.txt,158389,3202
elp.us.txt,market/Stocks,.txt,154159,3202
aieq.us.txt,market/Stocks,.txt,805,18
axas.us.txt,market/Stocks,.txt,130326,3202
cphi.us.txt,market/Stocks,.txt,118095,2960
thr.us.txt,market/Stocks,.txt,72252,1642
nxeow.us.txt,market/Stocks,.txt,30215,753
vrsk.us.txt,market/Stocks,.txt,90837,2041
abil.us.txt,market/Stocks,.txt,19226,471
evep.us.txt,market/Stocks,.txt,132641,2803
srlp.us.txt,market/Stocks,.txt,48616,1021
www.us.txt,market/Stocks,.txt,155963,3202
nnvc.us.txt,market/Stocks,.txt,41837,1043
exr.us.txt,market/Stocks,.txt,156128,3202
feye.us.txt,market/Stocks,.txt,47495,1046
rbcaa.us.txt,market/Stocks,.txt,152009,3202
enrj.us.txt,market/Stocks,.txt,35201,852
mlnt.us.txt,market/Stocks,.txt,61430,1452
avt.us.txt,market/Stocks,.txt,157061,3202
gazb.us.txt,market/Stocks,.txt,579,14
dxr.us.txt,market/Stocks,.txt,127478,2780
gdi.us.txt,market/Stocks,.txt,5763,129
ngvt.us.txt,market/Stocks,.txt,16894,379
irix.us.txt,market/Stocks,.txt,123420,3128
pay.us.txt,market/Stocks,.txt,141004,3159
pfbx.us.txt,market/Stocks,.txt,117643,2555
hyxu.us.txt,market/Stocks,.txt,64329,1371
nlnk.us.txt,market/Stocks,.txt,66099,1509
ivc.us.txt,market/Stocks,.txt,154631,3202
mxe.us.txt,market/Stocks,.txt,148428,3190
osb.us.txt,market/Stocks,.txt,20388,437
txrh.us.txt,market/Stocks,.txt,155656,3202
mx.us.txt,market/Stocks,.txt,70796,1680
smmd.us.txt,market/Stocks,.txt,3697,85
mnro.us.txt,market/Stocks,.txt,154681,3202
hdez.us.txt,market/Stocks,.txt,12992,288
pgz.us.txt,market/Stocks,.txt,52455,1106
l.us.txt,market/Stocks,.txt,157568,3202
jasn.us.txt,market/Stocks,.txt,37897,940
gfy.us.txt,market/Stocks,.txt,151153,3198
eim.us.txt,market/Stocks,.txt,87361,1820
bll.us.txt,market/Stocks,.txt,410292,8364
pci.us.txt,market/Stocks,.txt,58849,1209
born.us.txt,market/Stocks,.txt,75094,1870
ribtw.us.txt,market/Stocks,.txt,25374,642
cizn.us.txt,market/Stocks,.txt,105554,2286
usau.us.txt,market/Stocks,.txt,134659,3173
brkr.us.txt,market/Stocks,.txt,155415,3202
tmo.us.txt,market/Stocks,.txt,372105,7613
nee_j.us.txt,market/Stocks,.txt,55206,1214
clns_b.us.txt,market/Stocks,.txt,9480,212
cmct.us.txt,market/Stocks,.txt,146118,3148
mmi.us.txt,market/Stocks,.txt,44625,1017
stor.us.txt,market/Stocks,.txt,36796,753
clct.us.txt,market/Stocks,.txt,151388,3201
fuv.us.txt,market/Stocks,.txt,1475,37
pdlb.us.txt,market/Stocks,.txt,1333,31
oilb.us.txt,market/Stocks,.txt,3903,90
tgen.us.txt,market/Stocks,.txt,32870,833
fat.us.txt,market/Stocks,.txt,675,16
cma-ws.us.txt,market/Stocks,.txt,71953,1741
he.us.txt,market/Stocks,.txt,155528,3202
wyde.us.txt,market/Stocks,.txt,29565,709
cor.us.txt,market/Stocks,.txt,87006,1796
imkta.us.txt,market/Stocks,.txt,152714,3202
nep.us.txt,market/Stocks,.txt,41351,853
ddbi.us.txt,market/Stocks,.txt,14565,318
flks.us.txt,market/Stocks,.txt,29625,705
emxc.us.txt,market/Stocks,.txt,2075,48
nac.us.txt,market/Stocks,.txt,151906,3202
dfin.us.txt,market/Stocks,.txt,12562,281
psx.us.txt,market/Stocks,.txt,68852,1393
atacu.us.txt,market/Stocks,.txt,1990,45
joe.us.txt,market/Stocks,.txt,141477,3202
hdb.us.txt,market/Stocks,.txt,156340,3202
agn_a.us.txt,market/Stocks,.txt,28214,611
rexr_a.us.txt,market/Stocks,.txt,13047,300
jhd.us.txt,market/Stocks,.txt,17216,382
wpcs.us.txt,market/Stocks,.txt,138116,3163
ath.us.txt,market/Stocks,.txt,10491,234
tapr.us.txt,market/Stocks,.txt,30599,712
yrcw.us.txt,market/Stocks,.txt,63757,1475
hcc.us.txt,market/Stocks,.txt,7241,149
sivb.us.txt,market/Stocks,.txt,145847,3202
fncf.us.txt,market/Stocks,.txt,16013,355
igro.us.txt,market/Stocks,.txt,16995,370
coll.us.txt,market/Stocks,.txt,27959,636
pty.us.txt,market/Stocks,.txt,155266,3202
dmrc.us.txt,market/Stocks,.txt,104253,2284
kmpr.us.txt,market/Stocks,.txt,75718,1565
kw.us.txt,market/Stocks,.txt,114204,2394
ceco.us.txt,market/Stocks,.txt,211804,4947
asb-ws.us.txt,market/Stocks,.txt,12681,333
sfst.us.txt,market/Stocks,.txt,110265,2726
chs.us.txt,market/Stocks,.txt,158033,3202
tslx.us.txt,market/Stocks,.txt,44427,921
umc.us.txt,market/Stocks,.txt,158192,3202
eia.us.txt,market/Stocks,.txt,147824,3190
num.us.txt,market/Stocks,.txt,149642,3201
fult.us.txt,market/Stocks,.txt,156344,3202
fele.us.txt,market/Stocks,.txt,154911,3202
evtc.us.txt,market/Stocks,.txt,55878,1158
emr.us.txt,market/Stocks,.txt,446571,9045
jbht.us.txt,market/Stocks,.txt,157335,3202
ofix.us.txt,market/Stocks,.txt,140140,3202
achn.us.txt,market/Stocks,.txt,113335,2781
cbrl.us.txt,market/Stocks,.txt,155679,3202
odfl.us.txt,market/Stocks,.txt,156158,3203
bracr.us.txt,market/Stocks,.txt,480,12
zlab.us.txt,market/Stocks,.txt,1738,39
nao.us.txt,market/Stocks,.txt,41217,864
induw.us.txt,market/Stocks,.txt,1980,51
idn.us.txt,market/Stocks,.txt,126280,3195
ggzr.us.txt,market/Stocks,.txt,509,12
heww.us.txt,market/Stocks,.txt,7380,165
ctso.us.txt,market/Stocks,.txt,88871,2218
pbio.us.txt,market/Stocks,.txt,0,0
fqal.us.txt,market/Stocks,.txt,13664,292
fax.us.txt,market/Stocks,.txt,156806,3202
cnxn.us.txt,market/Stocks,.txt,151562,3202
hi.us.txt,market/Stocks,.txt,117791,2431
dlbr.us.txt,market/Stocks,.txt,985,23
psmm.us.txt,market/Stocks,.txt,7508,175
sncr.us.txt,market/Stocks,.txt,126588,2875
lscc.us.txt,market/Stocks,.txt,131385,3202
isr.us.txt,market/Stocks,.txt,121140,3038
lyg.us.txt,market/Stocks,.txt,157262,3202
aezs.us.txt,market/Stocks,.txt,116887,3202
gek.us.txt,market/Stocks,.txt,53791,1131
nvs.us.txt,market/Stocks,.txt,157675,3202
afi.us.txt,market/Stocks,.txt,18101,408
afsd.us.txt,market/Stocks,.txt,61307,1291
opp.us.txt,market/Stocks,.txt,13299,283
hcci.us.txt,market/Stocks,.txt,101678,2416
gddy.us.txt,market/Stocks,.txt,29602,662
ghyg.us.txt,market/Stocks,.txt,64236,1365
ipoa-ws.us.txt,market/Stocks,.txt,1180,30
gch.us.txt,market/Stocks,.txt,151203,3201
loxo.us.txt,market/Stocks,.txt,36432,829
ibkcp.us.txt,market/Stocks,.txt,25661,552
mchp.us.txt,market/Stocks,.txt,307014,6209
bsjp.us.txt,market/Stocks,.txt,1282,29
ntc.us.txt,market/Stocks,.txt,146512,3176
rnlc.us.txt,market/Stocks,.txt,2858,62
szc.us.txt,market/Stocks,.txt,61201,1292
vlrs.us.txt,market/Stocks,.txt,45327,1048
vpv.us.txt,market/Stocks,.txt,150031,3191
ivr_a.us.txt,market/Stocks,.txt,60641,1333
hbm.us.txt,market/Stocks,.txt,143276,3040
dtla_.us.txt,market/Stocks,.txt,28796,675
imom.us.txt,market/Stocks,.txt,20511,454
pgre.us.txt,market/Stocks,.txt,36756,752
nhtc.us.txt,market/Stocks,.txt,33305,692
czr.us.txt,market/Stocks,.txt,61936,1450
eqgp.us.txt,market/Stocks,.txt,30495,634
comb.us.txt,market/Stocks,.txt,4998,112
gtt.us.txt,market/Stocks,.txt,47180,1106
ngl.us.txt,market/Stocks,.txt,79202,1637
ibm.us.txt,market/Stocks,.txt,694884,14060
zyme.us.txt,market/Stocks,.txt,5545,139
flio.us.txt,market/Stocks,.txt,4135,92
stlru.us.txt,market/Stocks,.txt,3739,89
anss.us.txt,market/Stocks,.txt,143141,3202
ubsi.us.txt,market/Stocks,.txt,155298,3202
cnp.us.txt,market/Stocks,.txt,587785,12073
sofo.us.txt,market/Stocks,.txt,120127,3118
gaia.us.txt,market/Stocks,.txt,129467,3201
wlkp.us.txt,market/Stocks,.txt,39640,831
sjr.us.txt,market/Stocks,.txt,155215,3202
mt.us.txt,market/Stocks,.txt,155539,3202
osn.us.txt,market/Stocks,.txt,65319,1629
gamr.us.txt,market/Stocks,.txt,19228,415
sna.us.txt,market/Stocks,.txt,394869,8159
xrm.us.txt,market/Stocks,.txt,127726,3146
marps.us.txt,market/Stocks,.txt,140672,3048
hcapz.us.txt,market/Stocks,.txt,2217,51
fisk.us.txt,market/Stocks,.txt,28569,619
fund.us.txt,market/Stocks,.txt,152338,3202
ancb.us.txt,market/Stocks,.txt,55748,1367
asmb.us.txt,market/Stocks,.txt,71471,1736
fmnb.us.txt,market/Stocks,.txt,72629,1544
avx.us.txt,market/Stocks,.txt,154664,3202
mlnx.us.txt,market/Stocks,.txt,118942,2712
deck.us.txt,market/Stocks,.txt,143034,3202
vsh.us.txt,market/Stocks,.txt,157156,3202
pnfp.us.txt,market/Stocks,.txt,154300,3202
has.us.txt,market/Stocks,.txt,405892,8295
aehr.us.txt,market/Stocks,.txt,122232,3120
ahp_b.us.txt,market/Stocks,.txt,13412,308
iagg.us.txt,market/Stocks,.txt,23412,498
lb.us.txt,market/Stocks,.txt,403635,8161
pbmd.us.txt,market/Stocks,.txt,56656,1312
cof.us.txt,market/Stocks,.txt,285458,5785
ent.us.txt,market/Stocks,.txt,56333,1339
bku.us.txt,market/Stocks,.txt,83072,1708
rpxc.us.txt,market/Stocks,.txt,72520,1643
fivn.us.txt,market/Stocks,.txt,38304,911
web.us.txt,market/Stocks,.txt,128574,3029
ges.us.txt,market/Stocks,.txt,157634,3202
pdp.us.txt,market/Stocks,.txt,129899,2697
lvin.us.txt,market/Stocks,.txt,5152,124
fxep.us.txt,market/Stocks,.txt,1553,35
ahpi.us.txt,market/Stocks,.txt,110985,2855
tast.us.txt,market/Stocks,.txt,123755,2747
achv.us.txt,market/Stocks,.txt,142906,3201
fro.us.txt,market/Stocks,.txt,154547,3202
ftxn.us.txt,market/Stocks,.txt,7168,156
wbkc.us.txt,market/Stocks,.txt,50962,1109
jack.us.txt,market/Stocks,.txt,155727,3202
pcg_g.us.txt,market/Stocks,.txt,44028,994
ueps.us.txt,market/Stocks,.txt,137376,3202
nly_d.us.txt,market/Stocks,.txt,59305,1297
grpn.us.txt,market/Stocks,.txt,64520,1515
scacw.us.txt,market/Stocks,.txt,4280,112
xtlb.us.txt,market/Stocks,.txt,34575,885
jagx.us.txt,market/Stocks,.txt,25884,629
ophc.us.txt,market/Stocks,.txt,82871,2162
psl.us.txt,market/Stocks,.txt,129104,2761
lnc.us.txt,market/Stocks,.txt,408374,8346
ko.us.txt,market/Stocks,.txt,604502,12076
mza.us.txt,market/Stocks,.txt,145102,3122
cbfv.us.txt,market/Stocks,.txt,31270,677
clx.us.txt,market/Stocks,.txt,427780,8737
hpt.us.txt,market/Stocks,.txt,156999,3202
mntx.us.txt,market/Stocks,.txt,124157,3125
nvta.us.txt,market/Stocks,.txt,28760,695
chk.us.txt,market/Stocks,.txt,155826,3202
xgtiw.us.txt,market/Stocks,.txt,409,11
blx.us.txt,market/Stocks,.txt,154361,3202
bxp_b.us.txt,market/Stocks,.txt,52505,1163
mvcb.us.txt,market/Stocks,.txt,53652,1149
x.us.txt,market/Stocks,.txt,330488,6698
lbrda.us.txt,market/Stocks,.txt,33631,761
emj.us.txt,market/Stocks,.txt,146228,3170
bhk.us.txt,market/Stocks,.txt,153220,3202
itg.us.txt,market/Stocks,.txt,155353,3202
jpm_h.us.txt,market/Stocks,.txt,25341,571
rli.us.txt,market/Stocks,.txt,155028,3202
spro.us.txt,market/Stocks,.txt,344,8
titn.us.txt,market/Stocks,.txt,109959,2503
hgh.us.txt,market/Stocks,.txt,66620,1399
ssnt.us.txt,market/Stocks,.txt,5910,144
thga.us.txt,market/Stocks,.txt,55105,1167
nvgn.us.txt,market/Stocks,.txt,58063,1438
asb_c.us.txt,market/Stocks,.txt,25955,596
apc.us.txt,market/Stocks,.txt,385568,7856
min.us.txt,market/Stocks,.txt,155124,3202
atnx.us.txt,market/Stocks,.txt,4649,107
aval.us.txt,market/Stocks,.txt,38165,793
ltrx.us.txt,market/Stocks,.txt,121707,3116
ppr.us.txt,market/Stocks,.txt,155917,3202
mmlp.us.txt,market/Stocks,.txt,153377,3202
ktcc.us.txt,market/Stocks,.txt,128079,3198
banc_d.us.txt,market/Stocks,.txt,28832,655
gainn.us.txt,market/Stocks,.txt,26139,564
siri.us.txt,market/Stocks,.txt,162611,3202
dtea.us.txt,market/Stocks,.txt,25629,617
lone.us.txt,market/Stocks,.txt,13884,344
agen.us.txt,market/Stocks,.txt,130860,3202
sfbs.us.txt,market/Stocks,.txt,42541,884
hlm_.us.txt,market/Stocks,.txt,81368,1798
dwlv.us.txt,market/Stocks,.txt,11429,248
avgo.us.txt,market/Stocks,.txt,102954,2084
dmtx.us.txt,market/Stocks,.txt,20371,516
iex.us.txt,market/Stocks,.txt,155505,3202
hurc.us.txt,market/Stocks,.txt,152000,3202
semg.us.txt,market/Stocks,.txt,91515,1891
redu.us.txt,market/Stocks,.txt,757,17
arii.us.txt,market/Stocks,.txt,143104,2976
chke.us.txt,market/Stocks,.txt,147796,3202
gwr.us.txt,market/Stocks,.txt,142144,3202
thrm.us.txt,market/Stocks,.txt,136617,3201
wexp.us.txt,market/Stocks,.txt,590,13
sny.us.txt,market/Stocks,.txt,157707,3202
evstc.us.txt,market/Stocks,.txt,15683,368
qbak.us.txt,market/Stocks,.txt,115478,2897
wprt.us.txt,market/Stocks,.txt,121703,2895
aeo.us.txt,market/Stocks,.txt,158360,3202
angi.us.txt,market/Stocks,.txt,64516,1505
nwe.us.txt,market/Stocks,.txt,155199,3202
resi.us.txt,market/Stocks,.txt,59527,1230
sptl.us.txt,market/Stocks,.txt,122987,2593
kona.us.txt,market/Stocks,.txt,126250,3080
intc.us.txt,market/Stocks,.txt,599379,11557
pam.us.txt,market/Stocks,.txt,88973,2038
alp_o-cl.us.txt,market/Stocks,.txt,1020,23
bio-b.us.txt,market/Stocks,.txt,1954,46
asnd.us.txt,market/Stocks,.txt,30710,706
numg.us.txt,market/Stocks,.txt,8974,208
c_j.us.txt,market/Stocks,.txt,46998,1040
iff.us.txt,market/Stocks,.txt,436767,9044
smg.us.txt,market/Stocks,.txt,155596,3202
vgr.us.txt,market/Stocks,.txt,155156,3202
nr.us.txt,market/Stocks,.txt,131216,3202
cie.us.txt,market/Stocks,.txt,96205,1992
plym.us.txt,market/Stocks,.txt,5131,110
htfa.us.txt,market/Stocks,.txt,1218,28
abb.us.txt,market/Stocks,.txt,157728,3202
gcp.us.txt,market/Stocks,.txt,19571,448
oesx.us.txt,market/Stocks,.txt,98933,2494
tntr.us.txt,market/Stocks,.txt,3863,95
pvac.us.txt,market/Stocks,.txt,9197,215
spwr.us.txt,market/Stocks,.txt,65768,1506
glu_a.us.txt,market/Stocks,.txt,28526,651
skln.us.txt,market/Stocks,.txt,67215,1617
rjf.us.txt,market/Stocks,.txt,156285,3202
per.us.txt,market/Stocks,.txt,76562,1574
kyo.us.txt,market/Stocks,.txt,150897,3202
urgn.us.txt,market/Stocks,.txt,5869,135
sigi.us.txt,market/Stocks,.txt,154808,3202
gdl_b.us.txt,market/Stocks,.txt,58455,1297
paa.us.txt,market/Stocks,.txt,157286,3202
aap.us.txt,market/Stocks,.txt,156794,3202
gsbc.us.txt,market/Stocks,.txt,151758,3202
form.us.txt,market/Stocks,.txt,136034,3202
cubi_e.us.txt,market/Stocks,.txt,16514,377
mtb_.us.txt,market/Stocks,.txt,713,17
dov.us.txt,market/Stocks,.txt,399364,8161
jsml.us.txt,market/Stocks,.txt,16678,363
gsm.us.txt,market/Stocks,.txt,100101,2089
qcrh.us.txt,market/Stocks,.txt,135375,2920
ryi.us.txt,market/Stocks,.txt,34024,824
ulbi.us.txt,market/Stocks,.txt,129235,3198
ecol.us.txt,market/Stocks,.txt,153612,3202
lcut.us.txt,market/Stocks,.txt,152008,3202
iag.us.txt,market/Stocks,.txt,149276,3202
fsm.us.txt,market/Stocks,.txt,63030,1549
kgji.us.txt,market/Stocks,.txt,102786,2279
nfec.us.txt,market/Stocks,.txt,94737,2387
enva.us.txt,market/Stocks,.txt,31912,753
vktx.us.txt,market/Stocks,.txt,25850,643
ipay.us.txt,market/Stocks,.txt,26157,572
trmb.us.txt,market/Stocks,.txt,147539,3202
spsm.us.txt,market/Stocks,.txt,50790,1076
nick.us.txt,market/Stocks,.txt,144316,3169
ggo.us.txt,market/Stocks,.txt,2468,62
jsyn.us.txt,market/Stocks,.txt,10581,247
pfl.us.txt,market/Stocks,.txt,154434,3202
xlnx.us.txt,market/Stocks,.txt,342764,6906
lret.us.txt,market/Stocks,.txt,25593,550
cii.us.txt,market/Stocks,.txt,153783,3202
usdp.us.txt,market/Stocks,.txt,36985,781
six.us.txt,market/Stocks,.txt,92069,1892
plya.us.txt,market/Stocks,.txt,7590,171
pgem.us.txt,market/Stocks,.txt,49123,1129
kmm.us.txt,market/Stocks,.txt,152989,3202
heus.us.txt,market/Stocks,.txt,19195,438
kalv.us.txt,market/Stocks,.txt,27498,655
nwfl.us.txt,market/Stocks,.txt,116094,2506
gps.us.txt,market/Stocks,.txt,379466,7641
expo.us.txt,market/Stocks,.txt,153186,3202
mict.us.txt,market/Stocks,.txt,40853,1028
jpeu.us.txt,market/Stocks,.txt,14272,319
nclh.us.txt,market/Stocks,.txt,54820,1215
jmm.us.txt,market/Stocks,.txt,151374,3199
homl.us.txt,market/Stocks,.txt,17041,394
sckt.us.txt,market/Stocks,.txt,14293,352
linu.us.txt,market/Stocks,.txt,94182,2045
fate.us.txt,market/Stocks,.txt,41440,1038
infn.us.txt,market/Stocks,.txt,111783,2630
gvp.us.txt,market/Stocks,.txt,122715,3151
ziop.us.txt,market/Stocks,.txt,119372,2967
hewc.us.txt,market/Stocks,.txt,12690,278
grc.us.txt,market/Stocks,.txt,152287,3202
dvmt.us.txt,market/Stocks,.txt,13474,299
bvxvw.us.txt,market/Stocks,.txt,14654,365
husa.us.txt,market/Stocks,.txt,130696,3176
bnft.us.txt,market/Stocks,.txt,45965,1048
veco.us.txt,market/Stocks,.txt,141611,3202
frc.us.txt,market/Stocks,.txt,84835,1742
qure.us.txt,market/Stocks,.txt,40392,952
mosy.us.txt,market/Stocks,.txt,122796,3202
ipci.us.txt,market/Stocks,.txt,130440,3196
nrt.us.txt,market/Stocks,.txt,151176,3202
skis.us.txt,market/Stocks,.txt,35519,750
enx.us.txt,market/Stocks,.txt,149374,3202
clirw.us.txt,market/Stocks,.txt,5688,144
wen.us.txt,market/Stocks,.txt,432831,8724
isf.us.txt,market/Stocks,.txt,87131,1820
brk-b.us.txt,market/Stocks,.txt,248863,5416
lsxmb.us.txt,market/Stocks,.txt,4675,109
nvg.us.txt,market/Stocks,.txt,150502,3202
spun.us.txt,market/Stocks,.txt,15052,330
adm.us.txt,market/Stocks,.txt,429306,8727
ln.us.txt,market/Stocks,.txt,14975,338
batra.us.txt,market/Stocks,.txt,17540,399
wage.us.txt,market/Stocks,.txt,60884,1388
igd.us.txt,market/Stocks,.txt,153562,3182
nee_r.us.txt,market/Stocks,.txt,13284,302
jcom.us.txt,market/Stocks,.txt,155534,3202
cmcl.us.txt,market/Stocks,.txt,3366,75
vsar.us.txt,market/Stocks,.txt,39612,921
obe.us.txt,market/Stocks,.txt,153045,3189
wrls.us.txt,market/Stocks,.txt,2229,55
ebio.us.txt,market/Stocks,.txt,39757,951
fun.us.txt,market/Stocks,.txt,154527,3202
xl.us.txt,market/Stocks,.txt,238096,4838
apo.us.txt,market/Stocks,.txt,81211,1665
qtm.us.txt,market/Stocks,.txt,135904,3202
ffty.us.txt,market/Stocks,.txt,27669,619
axs_d.us.txt,market/Stocks,.txt,51220,1128
gfa.us.txt,market/Stocks,.txt,128059,2686
wbc.us.txt,market/Stocks,.txt,118325,2602
t.us.txt,market/Stocks,.txt,422590,8402
emf.us.txt,market/Stocks,.txt,151748,3202
gbr.us.txt,market/Stocks,.txt,107166,2795
jpm_d.us.txt,market/Stocks,.txt,60097,1298
pcq.us.txt,market/Stocks,.txt,151772,3202
htgc.us.txt,market/Stocks,.txt,151500,3130
omab.us.txt,market/Stocks,.txt,130233,2753
fbr.us.txt,market/Stocks,.txt,156125,3202
dmf.us.txt,market/Stocks,.txt,152162,3202
pei_b.us.txt,market/Stocks,.txt,54126,1194
gfnsl.us.txt,market/Stocks,.txt,37508,817
splk.us.txt,market/Stocks,.txt,63230,1403
bcv_a.us.txt,market/Stocks,.txt,12147,275
gdv_g.us.txt,market/Stocks,.txt,15231,342
hnp.us.txt,market/Stocks,.txt,153489,3195
icui.us.txt,market/Stocks,.txt,141707,3202
prpo.us.txt,market/Stocks,.txt,3857,94
cvo.us.txt,market/Stocks,.txt,137322,3202
merc.us.txt,market/Stocks,.txt,154152,3202
nee_c-cl.us.txt,market/Stocks,.txt,962,22
acfc.us.txt,market/Stocks,.txt,60551,1553
auto.us.txt,market/Stocks,.txt,129329,3200
rndm.us.txt,market/Stocks,.txt,3084,67
jhmi.us.txt,market/Stocks,.txt,8870,194
fsacu.us.txt,market/Stocks,.txt,2861,65
bas.us.txt,market/Stocks,.txt,140386,3003
edr.us.txt,market/Stocks,.txt,154609,3202
trex.us.txt,market/Stocks,.txt,143847,3202
ushy.us.txt,market/Stocks,.txt,388,9
smbk.us.txt,market/Stocks,.txt,18085,425
mgnx.us.txt,market/Stocks,.txt,45776,1032
bw.us.txt,market/Stocks,.txt,26332,599
rodm.us.txt,market/Stocks,.txt,24293,525
cway.us.txt,market/Stocks,.txt,36771,869
tdc.us.txt,market/Stocks,.txt,115800,2562
atto.us.txt,market/Stocks,.txt,37180,786
sab.us.txt,market/Stocks,.txt,9015,197
jsynw.us.txt,market/Stocks,.txt,9692,231
ftag.us.txt,market/Stocks,.txt,83180,1806
shlm.us.txt,market/Stocks,.txt,154938,3202
ddr.us.txt,market/Stocks,.txt,157733,3202
lgcy.us.txt,market/Stocks,.txt,128437,2730
pre_g.us.txt,market/Stocks,.txt,16862,385
oxbr.us.txt,market/Stocks,.txt,39602,850
vod.us.txt,market/Stocks,.txt,158570,3202
prgs.us.txt,market/Stocks,.txt,155274,3202
esgg.us.txt,market/Stocks,.txt,7442,165
zbk.us.txt,market/Stocks,.txt,46319,998
lndc.us.txt,market/Stocks,.txt,133023,3202
cnfr.us.txt,market/Stocks,.txt,20768,536
rf.us.txt,market/Stocks,.txt,205816,4148
ras_b.us.txt,market/Stocks,.txt,81472,1797
zb_h.us.txt,market/Stocks,.txt,51693,1138
ttph.us.txt,market/Stocks,.txt,49556,1174
hmn.us.txt,market/Stocks,.txt,154805,3202
mtbc.us.txt,market/Stocks,.txt,33086,819
bjri.us.txt,market/Stocks,.txt,155116,3202
ldos.us.txt,market/Stocks,.txt,137144,2791
aldx.us.txt,market/Stocks,.txt,34878,888
egl.us.txt,market/Stocks,.txt,61886,1339
cclp.us.txt,market/Stocks,.txt,76741,1614
snna.us.txt,market/Stocks,.txt,3349,77
lpg.us.txt,market/Stocks,.txt,37913,888
cbm.us.txt,market/Stocks,.txt,134612,3202
cemb.us.txt,market/Stocks,.txt,62706,1345
mtt.us.txt,market/Stocks,.txt,103178,2175
shos.us.txt,market/Stocks,.txt,52655,1277
faln.us.txt,market/Stocks,.txt,14695,319
hfbl.us.txt,market/Stocks,.txt,71908,1577
sona.us.txt,market/Stocks,.txt,118429,2538
ttgt.us.txt,market/Stocks,.txt,106137,2644
rogs.us.txt,market/Stocks,.txt,18457,401
gsjy.us.txt,market/Stocks,.txt,15784,344
ai.us.txt,market/Stocks,.txt,153997,3202
vhi.us.txt,market/Stocks,.txt,153135,3202
klic.us.txt,market/Stocks,.txt,136593,3202
andaw.us.txt,market/Stocks,.txt,7735,191
hive.us.txt,market/Stocks,.txt,36882,916
flws.us.txt,market/Stocks,.txt,129609,3202
nusc.us.txt,market/Stocks,.txt,10131,228
etsy.us.txt,market/Stocks,.txt,28697,652
bfit.us.txt,market/Stocks,.txt,3937,89
newa.us.txt,market/Stocks,.txt,3123,76
gjh.us.txt,market/Stocks,.txt,58991,1288
cdor.us.txt,market/Stocks,.txt,143558,3135
bscp.us.txt,market/Stocks,.txt,23989,514
jmba.us.txt,market/Stocks,.txt,126441,3046
bdn.us.txt,market/Stocks,.txt,157331,3202
vvpr.us.txt,market/Stocks,.txt,6366,160
nesr.us.txt,market/Stocks,.txt,3393,85
iamxr.us.txt,market/Stocks,.txt,598,15
mpacu.us.txt,market/Stocks,.txt,6459,149
aoi.us.txt,market/Stocks,.txt,126976,3202
ufcs.us.txt,market/Stocks,.txt,153193,3202
cy.us.txt,market/Stocks,.txt,158216,3202
ship.us.txt,market/Stocks,.txt,60048,1535
key_i.us.txt,market/Stocks,.txt,10215,229
obln.us.txt,market/Stocks,.txt,11538,279
rnr_c.us.txt,market/Stocks,.txt,83647,1813
bwa.us.txt,market/Stocks,.txt,158077,3202
arco.us.txt,market/Stocks,.txt,74477,1655
wday.us.txt,market/Stocks,.txt,57800,1280
bhlb.us.txt,market/Stocks,.txt,152916,3202
cjjd.us.txt,market/Stocks,.txt,77642,1947
bfs_c.us.txt,market/Stocks,.txt,52803,1164
pxd.us.txt,market/Stocks,.txt,158233,3202
lpth.us.txt,market/Stocks,.txt,123512,3136
ssc.us.txt,market/Stocks,.txt,54990,1368
rtnb.us.txt,market/Stocks,.txt,8771,213
axu.us.txt,market/Stocks,.txt,116576,2909
blbd.us.txt,market/Stocks,.txt,34047,816
swp.us.txt,market/Stocks,.txt,5711,122
icpt.us.txt,market/Stocks,.txt,59289,1280
fcre.us.txt,market/Stocks,.txt,40791,1008
trq.us.txt,market/Stocks,.txt,135964,3202
petq.us.txt,market/Stocks,.txt,3558,81
krnt.us.txt,market/Stocks,.txt,28024,661
synl.us.txt,market/Stocks,.txt,147089,3142
hbmd.us.txt,market/Stocks,.txt,37483,929
ufs.us.txt,market/Stocks,.txt,155734,3202
ubnk.us.txt,market/Stocks,.txt,147264,3083
kth.us.txt,market/Stocks,.txt,64981,1412
twin.us.txt,market/Stocks,.txt,149824,3193
gme.us.txt,market/Stocks,.txt,158442,3202
wmt.us.txt,market/Stocks,.txt,578931,11444
rga.us.txt,market/Stocks,.txt,155530,3202
psec.us.txt,market/Stocks,.txt,157213,3202
bcc.us.txt,market/Stocks,.txt,52963,1203
ccc.us.txt,market/Stocks,.txt,154827,3202
htht.us.txt,market/Stocks,.txt,91121,1924
fiv.us.txt,market/Stocks,.txt,9909,225
hafc.us.txt,market/Stocks,.txt,71645,1485
wlfc.us.txt,market/Stocks,.txt,131728,3155
sga.us.txt,market/Stocks,.txt,148064,3170
tmus.us.txt,market/Stocks,.txt,127112,2664
hdlv.us.txt,market/Stocks,.txt,36615,781
chfn.us.txt,market/Stocks,.txt,139415,2964
bpl.us.txt,market/Stocks,.txt,155353,3202
rtn.us.txt,market/Stocks,.txt,443822,9044
wala.us.txt,market/Stocks,.txt,16680,353
flgb.us.txt,market/Stocks,.txt,169,4
nmr.us.txt,market/Stocks,.txt,154492,3202
stn.us.txt,market/Stocks,.txt,147252,3113
avnw.us.txt,market/Stocks,.txt,116894,2719
atac.us.txt,market/Stocks,.txt,1539,39
itri.us.txt,market/Stocks,.txt,141490,3202
oia.us.txt,market/Stocks,.txt,152864,3202
cpl.us.txt,market/Stocks,.txt,154159,3202
splp_t.us.txt,market/Stocks,.txt,909,21
bbt_d.us.txt,market/Stocks,.txt,63959,1392
fmcir.us.txt,market/Stocks,.txt,4147,104
hhs.us.txt,market/Stocks,.txt,151508,3202
cwst.us.txt,market/Stocks,.txt,132366,3202
rcom.us.txt,market/Stocks,.txt,12363,284
ipoa-u.us.txt,market/Stocks,.txt,1919,43
mat.us.txt,market/Stocks,.txt,445381,9045
ebay.us.txt,market/Stocks,.txt,240561,4815
ssfn.us.txt,market/Stocks,.txt,107701,2344
sfhy.us.txt,market/Stocks,.txt,15754,363
hznp.us.txt,market/Stocks,.txt,68495,1584
ti.us.txt,market/Stocks,.txt,147157,3202
afsi_a.us.txt,market/Stocks,.txt,30061,682
rso.us.txt,market/Stocks,.txt,142652,2964
arcc.us.txt,market/Stocks,.txt,157460,3202
dxpe.us.txt,market/Stocks,.txt,139718,3201
ior.us.txt,market/Stocks,.txt,75996,2025
leg.us.txt,market/Stocks,.txt,368372,7564
ctxs.us.txt,market/Stocks,.txt,272290,5517
gf.us.txt,market/Stocks,.txt,151969,3202
litb.us.txt,market/Stocks,.txt,45187,1120
nycb_u.us.txt,market/Stocks,.txt,26914,631
bkepp.us.txt,market/Stocks,.txt,61387,1326
dac.us.txt,market/Stocks,.txt,111391,2796
smci.us.txt,market/Stocks,.txt,114912,2678
lyts.us.txt,market/Stocks,.txt,153013,3202
mram.us.txt,market/Stocks,.txt,11662,278
pkg.us.txt,market/Stocks,.txt,156835,3202
eep.us.txt,market/Stocks,.txt,156621,3202
simo.us.txt,market/Stocks,.txt,151080,3116
anip.us.txt,market/Stocks,.txt,137989,3202
newm.us.txt,market/Stocks,.txt,45767,943
manh.us.txt,market/Stocks,.txt,147028,3202
fred.us.txt,market/Stocks,.txt,154711,3202
pot.us.txt,market/Stocks,.txt,159597,3202
kodk.us.txt,market/Stocks,.txt,44475,1042
gnw.us.txt,market/Stocks,.txt,140111,3202
stb.us.txt,market/Stocks,.txt,75124,1558
lbtyk.us.txt,market/Stocks,.txt,149663,3071
virt.us.txt,market/Stocks,.txt,31383,652
webk.us.txt,market/Stocks,.txt,48322,1051
tup.us.txt,market/Stocks,.txt,155954,3202
bbt_h.us.txt,market/Stocks,.txt,18742,423
cts.us.txt,market/Stocks,.txt,153069,3202
bern.us.txt,market/Stocks,.txt,816,19
xray.us.txt,market/Stocks,.txt,325777,6683
dwaq.us.txt,market/Stocks,.txt,137393,2953
sd.us.txt,market/Stocks,.txt,12436,280
irwd.us.txt,market/Stocks,.txt,87348,1960
nim.us.txt,market/Stocks,.txt,150178,3202
tile.us.txt,market/Stocks,.txt,155596,3202
ahpaw.us.txt,market/Stocks,.txt,5266,134
evhc.us.txt,market/Stocks,.txt,51399,1072
trpx.us.txt,market/Stocks,.txt,6605,165
eqr.us.txt,market/Stocks,.txt,299711,6108
fmi.us.txt,market/Stocks,.txt,45743,1043
jtd.us.txt,market/Stocks,.txt,123877,2616
ahh.us.txt,market/Stocks,.txt,54606,1140
dx.us.txt,market/Stocks,.txt,153797,3201
cco.us.txt,market/Stocks,.txt,147087,3022
btec.us.txt,market/Stocks,.txt,7749,177
luv.us.txt,market/Stocks,.txt,473583,9549
nets.us.txt,market/Stocks,.txt,6565,150
bco.us.txt,market/Stocks,.txt,155630,3202
pebo.us.txt,market/Stocks,.txt,151864,3202
cisn.us.txt,market/Stocks,.txt,11442,278
rarx.us.txt,market/Stocks,.txt,11646,265
ajx.us.txt,market/Stocks,.txt,32627,694
cel.us.txt,market/Stocks,.txt,123883,2713
san.us.txt,market/Stocks,.txt,158292,3202
fh.us.txt,market/Stocks,.txt,71697,1839
ntra.us.txt,market/Stocks,.txt,25553,598
kgrn.us.txt,market/Stocks,.txt,919,21
bsbr.us.txt,market/Stocks,.txt,101060,2041
bel.us.txt,market/Stocks,.txt,138464,3202
jhme.us.txt,market/Stocks,.txt,11801,258
bf-b.us.txt,market/Stocks,.txt,88759,1820
nxr.us.txt,market/Stocks,.txt,150238,3202
cade.us.txt,market/Stocks,.txt,6540,149
krg.us.txt,market/Stocks,.txt,153492,3202
olli.us.txt,market/Stocks,.txt,25775,589
ekso.us.txt,market/Stocks,.txt,12910,319
tss.us.txt,market/Stocks,.txt,156964,3202
wbai.us.txt,market/Stocks,.txt,43882,1001
cpsh.us.txt,market/Stocks,.txt,24925,628
stba.us.txt,market/Stocks,.txt,153385,3202
ug.us.txt,market/Stocks,.txt,141205,3052
cms_b.us.txt,market/Stocks,.txt,62133,1394
nuan.us.txt,market/Stocks,.txt,143360,3202
casy.us.txt,market/Stocks,.txt,155479,3202
gs_d.us.txt,market/Stocks,.txt,84897,1820
splg.us.txt,market/Stocks,.txt,126031,2701
lxfr.us.txt,market/Stocks,.txt,60897,1287
cxdc.us.txt,market/Stocks,.txt,86513,2204
dgicb.us.txt,market/Stocks,.txt,62330,1355
mtx.us.txt,market/Stocks,.txt,154909,3202
ev.us.txt,market/Stocks,.txt,156634,3202
cba.us.txt,market/Stocks,.txt,52876,1106
strp.us.txt,market/Stocks,.txt,46481,1078
ffic.us.txt,market/Stocks,.txt,152904,3202
ae.us.txt,market/Stocks,.txt,149191,3190
cfr.us.txt,market/Stocks,.txt,155607,3202
aif.us.txt,market/Stocks,.txt,56869,1190
cytr.us.txt,market/Stocks,.txt,146696,3202
vnet.us.txt,market/Stocks,.txt,71220,1650
msgn.us.txt,market/Stocks,.txt,93579,1966
spxe.us.txt,market/Stocks,.txt,16520,360
pmd.us.txt,market/Stocks,.txt,149771,3194
cffi.us.txt,market/Stocks,.txt,130860,2820
bfr.us.txt,market/Stocks,.txt,153531,3202
slmbp.us.txt,market/Stocks,.txt,57762,1246
mcd.us.txt,market/Stocks,.txt,600750,12076
bbva.us.txt,market/Stocks,.txt,157049,3202
olp.us.txt,market/Stocks,.txt,151430,3202
wfc_y.us.txt,market/Stocks,.txt,6295,142
wbbw.us.txt,market/Stocks,.txt,43167,1020
frph.us.txt,market/Stocks,.txt,133266,3158
veacw.us.txt,market/Stocks,.txt,2752,70
wsbf.us.txt,market/Stocks,.txt,143777,3041
inov.us.txt,market/Stocks,.txt,30426,695
bvxv.us.txt,market/Stocks,.txt,22367,562
rbin.us.txt,market/Stocks,.txt,1257,30
eto.us.txt,market/Stocks,.txt,152535,3202
nhc.us.txt,market/Stocks,.txt,151477,3201
true.us.txt,market/Stocks,.txt,38356,882
tetf.us.txt,market/Stocks,.txt,6458,143
dhvw.us.txt,market/Stocks,.txt,28220,619
mrbk.us.txt,market/Stocks,.txt,221,5
fcfs.us.txt,market/Stocks,.txt,155122,3202
ahp.us.txt,market/Stocks,.txt,47946,1001
tsco.us.txt,market/Stocks,.txt,157188,3202
mbfi.us.txt,market/Stocks,.txt,155014,3202
sgu.us.txt,market/Stocks,.txt,153468,3202
dpst.us.txt,market/Stocks,.txt,22041,482
bmra.us.txt,market/Stocks,.txt,12220,301
trco.us.txt,market/Stocks,.txt,35923,740
aeri.us.txt,market/Stocks,.txt,44957,1021
wstl.us.txt,market/Stocks,.txt,128571,3202
clrbw.us.txt,market/Stocks,.txt,16163,437
gib.us.txt,market/Stocks,.txt,138204,3202
mfa.us.txt,market/Stocks,.txt,158644,3202
hlt.us.txt,market/Stocks,.txt,48608,988
stz.us.txt,market/Stocks,.txt,157838,3202
omf.us.txt,market/Stocks,.txt,45751,1028
ovas.us.txt,market/Stocks,.txt,47863,1145
spi.us.txt,market/Stocks,.txt,18703,461
laws.us.txt,market/Stocks,.txt,144434,3202
agm_b.us.txt,market/Stocks,.txt,36103,827
ihg.us.txt,market/Stocks,.txt,154181,3202
onvi.us.txt,market/Stocks,.txt,107926,2840
ttac.us.txt,market/Stocks,.txt,12490,283
brcd.us.txt,market/Stocks,.txt,158782,3202
whlrw.us.txt,market/Stocks,.txt,25322,592
chmi_a.us.txt,market/Stocks,.txt,2585,58
sdpi.us.txt,market/Stocks,.txt,34951,876
qlys.us.txt,market/Stocks,.txt,56621,1290
pbfx.us.txt,market/Stocks,.txt,42386,887
cm.us.txt,market/Stocks,.txt,154927,3202
mrc.us.txt,market/Stocks,.txt,63153,1408
pcbk.us.txt,market/Stocks,.txt,148263,3141
albo.us.txt,market/Stocks,.txt,107674,2648
tear.us.txt,market/Stocks,.txt,120838,3159
pol.us.txt,market/Stocks,.txt,155635,3202
mbvx.us.txt,market/Stocks,.txt,57386,1311
pb.us.txt,market/Stocks,.txt,71755,1479
ssw.us.txt,market/Stocks,.txt,149764,3089
jphf.us.txt,market/Stocks,.txt,12661,283
csf.us.txt,market/Stocks,.txt,37401,805
nano.us.txt,market/Stocks,.txt,136696,3202
uvv.us.txt,market/Stocks,.txt,155278,3202
sbfg.us.txt,market/Stocks,.txt,133188,2879
caro.us.txt,market/Stocks,.txt,43237,924
spib.us.txt,market/Stocks,.txt,105428,2205
cnacr.us.txt,market/Stocks,.txt,1709,42
evg.us.txt,market/Stocks,.txt,152263,3202
bsf.us.txt,market/Stocks,.txt,75246,1619
clir.us.txt,market/Stocks,.txt,55403,1399
hii.us.txt,market/Stocks,.txt,80805,1665
ocsll.us.txt,market/Stocks,.txt,53896,1152
ttf.us.txt,market/Stocks,.txt,153440,3201
jbn.us.txt,market/Stocks,.txt,82398,1768
drna.us.txt,market/Stocks,.txt,40190,956
divo.us.txt,market/Stocks,.txt,10560,230
stag.us.txt,market/Stocks,.txt,78232,1617
utf.us.txt,market/Stocks,.txt,164491,3403
epd.us.txt,market/Stocks,.txt,157934,3202
boot.us.txt,market/Stocks,.txt,32974,766
iii.us.txt,market/Stocks,.txt,123173,2699
cmre_c.us.txt,market/Stocks,.txt,30248,682
arex.us.txt,market/Stocks,.txt,107204,2522
gpre.us.txt,market/Stocks,.txt,140725,2936
etw.us.txt,market/Stocks,.txt,147452,3053
esgs.us.txt,market/Stocks,.txt,7168,157
dgx.us.txt,market/Stocks,.txt,257957,5253
tcfc.us.txt,market/Stocks,.txt,36122,784
tgi.us.txt,market/Stocks,.txt,155398,3202
sbh.us.txt,market/Stocks,.txt,120710,2769
ohai.us.txt,market/Stocks,.txt,153966,3202
scwx.us.txt,market/Stocks,.txt,17241,395
akam.us.txt,market/Stocks,.txt,144917,3202
bby.us.txt,market/Stocks,.txt,413038,8212
ghl.us.txt,market/Stocks,.txt,155277,3202
syke.us.txt,market/Stocks,.txt,141509,3202
ugi.us.txt,market/Stocks,.txt,156553,3202
flqd.us.txt,market/Stocks,.txt,14592,319
jpih.us.txt,market/Stocks,.txt,9705,211
oke.us.txt,market/Stocks,.txt,157999,3202
rose.us.txt,market/Stocks,.txt,12059,290
sohoo.us.txt,market/Stocks,.txt,923,21
crh.us.txt,market/Stocks,.txt,154416,3202
ahl_c.us.txt,market/Stocks,.txt,141767,3009
jec.us.txt,market/Stocks,.txt,156670,3202
twx.us.txt,market/Stocks,.txt,323716,6456
hlne.us.txt,market/Stocks,.txt,8480,180
nke.us.txt,market/Stocks,.txt,382623,7621
kap.us.txt,market/Stocks,.txt,52643,1135
pxlw.us.txt,market/Stocks,.txt,129037,3202
tess.us.txt,market/Stocks,.txt,151338,3197
flau.us.txt,market/Stocks,.txt,209,5
nov.us.txt,market/Stocks,.txt,158850,3202
alpn.us.txt,market/Stocks,.txt,25336,609
oacqr.us.txt,market/Stocks,.txt,7195,172
ticcl.us.txt,market/Stocks,.txt,6600,146
sbgi.us.txt,market/Stocks,.txt,155961,3202
logi.us.txt,market/Stocks,.txt,88506,1820
pcty.us.txt,market/Stocks,.txt,41032,923
tdw.us.txt,market/Stocks,.txt,156672,3202
cet.us.txt,market/Stocks,.txt,151483,3200
ds_c.us.txt,market/Stocks,.txt,8055,184
bc.us.txt,market/Stocks,.txt,439470,9043
msm.us.txt,market/Stocks,.txt,155669,3202
amca.us.txt,market/Stocks,.txt,1599,36
cic-ws.us.txt,market/Stocks,.txt,885,22
see.us.txt,market/Stocks,.txt,365948,7523
cag.us.txt,market/Stocks,.txt,411333,8363
lbix.us.txt,market/Stocks,.txt,119907,3085
itcb.us.txt,market/Stocks,.txt,141899,3013
ddf.us.txt,market/Stocks,.txt,151542,3202
lmrko.us.txt,market/Stocks,.txt,13792,300
once.us.txt,market/Stocks,.txt,31164,703
edf.us.txt,market/Stocks,.txt,83025,1732
rosew.us.txt,market/Stocks,.txt,14024,350
nxj.us.txt,market/Stocks,.txt,150004,3196
auph.us.txt,market/Stocks,.txt,31738,791
ntrsp.us.txt,market/Stocks,.txt,38146,805
bbu.us.txt,market/Stocks,.txt,16447,354
wlb.us.txt,market/Stocks,.txt,134747,3202
psa_f.us.txt,market/Stocks,.txt,5006,113
aker.us.txt,market/Stocks,.txt,37957,957
ofg_a.us.txt,market/Stocks,.txt,62499,1394
qvca.us.txt,market/Stocks,.txt,140760,2903
flqh.us.txt,market/Stocks,.txt,12794,280
msci.us.txt,market/Stocks,.txt,122541,2517
mtl.us.txt,market/Stocks,.txt,145150,3202
cbu.us.txt,market/Stocks,.txt,154853,3202
nhld.us.txt,market/Stocks,.txt,26140,659
adsk.us.txt,market/Stocks,.txt,353750,8159
aq.us.txt,market/Stocks,.txt,315,7
fls.us.txt,market/Stocks,.txt,157813,3202
air.us.txt,market/Stocks,.txt,155220,3202
bui.us.txt,market/Stocks,.txt,71483,1501
hygs.us.txt,market/Stocks,.txt,127811,3199
nubd.us.txt,market/Stocks,.txt,925,20
chgx.us.txt,market/Stocks,.txt,961,22
mjco.us.txt,market/Stocks,.txt,23151,598
rgco.us.txt,market/Stocks,.txt,128223,2764
cui.us.txt,market/Stocks,.txt,109512,2911
hie.us.txt,market/Stocks,.txt,35420,748
old.us.txt,market/Stocks,.txt,15878,345
kblm.us.txt,market/Stocks,.txt,1667,42
aset.us.txt,market/Stocks,.txt,15234,332
buse.us.txt,market/Stocks,.txt,151980,3201
lfgr.us.txt,market/Stocks,.txt,74914,1711
jazz.us.txt,market/Stocks,.txt,117739,2633
stt_e.us.txt,market/Stocks,.txt,33168,743
twou.us.txt,market/Stocks,.txt,40705,916
bak.us.txt,market/Stocks,.txt,154118,3202
rei.us.txt,market/Stocks,.txt,44953,1059
msa.us.txt,market/Stocks,.txt,310427,6423
hyt.us.txt,market/Stocks,.txt,155106,3202
jrs.us.txt,market/Stocks,.txt,153146,3202
usg.us.txt,market/Stocks,.txt,143616,3202
fbss.us.txt,market/Stocks,.txt,106704,2326
qmom.us.txt,market/Stocks,.txt,21385,468
uwt.us.txt,market/Stocks,.txt,10744,233
swir.us.txt,market/Stocks,.txt,137498,3202
casm.us.txt,market/Stocks,.txt,119257,3076
mmac.us.txt,market/Stocks,.txt,32851,777
esv.us.txt,market/Stocks,.txt,158359,3202
clns.us.txt,market/Stocks,.txt,41644,849
tsg.us.txt,market/Stocks,.txt,26773,616
cyccp.us.txt,market/Stocks,.txt,17461,391
jw-b.us.txt,market/Stocks,.txt,54009,1180
cnet.us.txt,market/Stocks,.txt,86318,2095
xny.us.txt,market/Stocks,.txt,66177,1697
bpt.us.txt,market/Stocks,.txt,155253,3202
sedg.us.txt,market/Stocks,.txt,29294,666
lmnr.us.txt,market/Stocks,.txt,121354,2578
nwhm.us.txt,market/Stocks,.txt,41202,955
btg.us.txt,market/Stocks,.txt,46603,1120
cpt.us.txt,market/Stocks,.txt,156349,3202
hlx.us.txt,market/Stocks,.txt,141416,3202
mfm.us.txt,market/Stocks,.txt,153430,3202
issc.us.txt,market/Stocks,.txt,142246,3187
ctg.us.txt,market/Stocks,.txt,150088,3201
sp.us.txt,market/Stocks,.txt,137333,3197
fmci.us.txt,market/Stocks,.txt,4183,108
imax.us.txt,market/Stocks,.txt,137686,3202
spe.us.txt,market/Stocks,.txt,149877,3191
nept.us.txt,market/Stocks,.txt,105996,2682
bgh.us.txt,market/Stocks,.txt,60802,1270
ktp.us.txt,market/Stocks,.txt,85323,1817
ehic.us.txt,market/Stocks,.txt,32024,753
synt.us.txt,market/Stocks,.txt,154176,3202
lub.us.txt,market/Stocks,.txt,128406,3202
trgp.us.txt,market/Stocks,.txt,85208,1744
chuy.us.txt,market/Stocks,.txt,58781,1337
phm.us.txt,market/Stocks,.txt,400962,8161
hbio.us.txt,market/Stocks,.txt,142594,3202
msft.us.txt,market/Stocks,.txt,409074,7984
prah.us.txt,market/Stocks,.txt,33718,756
sgy.us.txt,market/Stocks,.txt,156890,3202
dl.us.txt,market/Stocks,.txt,107795,2297
jpc.us.txt,market/Stocks,.txt,155085,3202
alo.us.txt,market/Stocks,.txt,58767,1514
wyn.us.txt,market/Stocks,.txt,140517,2851
arcw.us.txt,market/Stocks,.txt,115022,2694
lfus.us.txt,market/Stocks,.txt,154118,3202
uri.us.txt,market/Stocks,.txt,144253,3202
evk.us.txt,market/Stocks,.txt,103694,2760
sbbx.us.txt,market/Stocks,.txt,117772,2546
pn.us.txt,market/Stocks,.txt,30384,713
ssbi.us.txt,market/Stocks,.txt,116581,2521
tri.us.txt,market/Stocks,.txt,155420,3202
nyh.us.txt,market/Stocks,.txt,143544,3140
qada.us.txt,market/Stocks,.txt,81926,1737
gjp.us.txt,market/Stocks,.txt,44480,968
kkr_b.us.txt,market/Stocks,.txt,15616,349
slgn.us.txt,market/Stocks,.txt,155747,3202
chscn.us.txt,market/Stocks,.txt,43769,927
gnc.us.txt,market/Stocks,.txt,80408,1665
frac.us.txt,market/Stocks,.txt,9333,207
kwn.us.txt,market/Stocks,.txt,50146,1080
iccc.us.txt,market/Stocks,.txt,103618,2719
nycb_a.us.txt,market/Stocks,.txt,7294,165
cnsf.us.txt,market/Stocks,.txt,16082,366
rxdx.us.txt,market/Stocks,.txt,38471,947
dd_b.us.txt,market/Stocks,.txt,74044,1645
wern.us.txt,market/Stocks,.txt,156292,3202
plpm.us.txt,market/Stocks,.txt,49763,1236
ca.us.txt,market/Stocks,.txt,413401,8367
mro.us.txt,market/Stocks,.txt,595608,12074
ambc.us.txt,market/Stocks,.txt,51013,1143
fsac.us.txt,market/Stocks,.txt,1233,31
jwn.us.txt,market/Stocks,.txt,389990,7904
tsq.us.txt,market/Stocks,.txt,35473,835
crr.us.txt,market/Stocks,.txt,152952,3202
ue.us.txt,market/Stocks,.txt,34421,711
salt.us.txt,market/Stocks,.txt,41575,988
clne.us.txt,market/Stocks,.txt,113799,2638
mrsn.us.txt,market/Stocks,.txt,4242,97
fmao.us.txt,market/Stocks,.txt,30443,657
src.us.txt,market/Stocks,.txt,63460,1296
cva.us.txt,market/Stocks,.txt,156979,3202
rvp.us.txt,market/Stocks,.txt,118970,3071
key.us.txt,market/Stocks,.txt,372299,7564
rrc.us.txt,market/Stocks,.txt,158147,3202
by.us.txt,market/Stocks,.txt,4178,95
discb.us.txt,market/Stocks,.txt,64391,1430
cen.us.txt,market/Stocks,.txt,49668,1042
hyb.us.txt,market/Stocks,.txt,152553,3202
sal.us.txt,market/Stocks,.txt,121652,2639
ftai.us.txt,market/Stocks,.txt,30137,631
elec.us.txt,market/Stocks,.txt,11262,277
pre_i.us.txt,market/Stocks,.txt,16830,385
imtb.us.txt,market/Stocks,.txt,11310,245
ben.us.txt,market/Stocks,.txt,413477,8363
tedu.us.txt,market/Stocks,.txt,43534,912
nxp.us.txt,market/Stocks,.txt,151505,3202
silc.us.txt,market/Stocks,.txt,150846,3194
xlrn.us.txt,market/Stocks,.txt,46384,1047
rmpl_.us.txt,market/Stocks,.txt,561,13
bwxt.us.txt,market/Stocks,.txt,28878,599
smrt.us.txt,market/Stocks,.txt,153885,3202
rh.us.txt,market/Stocks,.txt,56717,1267
mcf.us.txt,market/Stocks,.txt,137902,3202
sun.us.txt,market/Stocks,.txt,62594,1296
jbt.us.txt,market/Stocks,.txt,112872,2346
mgu.us.txt,market/Stocks,.txt,146680,3076
veacu.us.txt,market/Stocks,.txt,4664,107
tnp_e.us.txt,market/Stocks,.txt,6632,150
sov_c.us.txt,market/Stocks,.txt,55971,1245
fihd.us.txt,market/Stocks,.txt,20739,437
wair.us.txt,market/Stocks,.txt,69449,1584
akrx.us.txt,market/Stocks,.txt,135431,3201
etm.us.txt,market/Stocks,.txt,153203,3202
nha.us.txt,market/Stocks,.txt,19559,455
glop.us.txt,market/Stocks,.txt,42788,889
run.us.txt,market/Stocks,.txt,23767,575
mbcn.us.txt,market/Stocks,.txt,23597,518
mtz.us.txt,market/Stocks,.txt,140711,3202
cim_a.us.txt,market/Stocks,.txt,12155,271
hdmv.us.txt,market/Stocks,.txt,13884,299
vlt.us.txt,market/Stocks,.txt,150373,3202
ag.us.txt,market/Stocks,.txt,131423,3158
mlqd.us.txt,market/Stocks,.txt,1604,36
sbr.us.txt,market/Stocks,.txt,152215,3202
tgs.us.txt,market/Stocks,.txt,149718,3198
hemv.us.txt,market/Stocks,.txt,19702,445
bbc.us.txt,market/Stocks,.txt,33424,730
ainc.us.txt,market/Stocks,.txt,28105,684
pmf.us.txt,market/Stocks,.txt,151878,3202
whg.us.txt,market/Stocks,.txt,149598,3173
lpi.us.txt,market/Stocks,.txt,66336,1486
rbs_s.us.txt,market/Stocks,.txt,84382,1820
gd.us.txt,market/Stocks,.txt,507962,10305
tap.us.txt,market/Stocks,.txt,157602,3202
cw.us.txt,market/Stocks,.txt,155098,3202
hxl.us.txt,market/Stocks,.txt,156345,3202
aspn.us.txt,market/Stocks,.txt,34298,862
kndi.us.txt,market/Stocks,.txt,74396,1820
pke.us.txt,market/Stocks,.txt,153436,3202
uec.us.txt,market/Stocks,.txt,119595,2955
rnem.us.txt,market/Stocks,.txt,2293,51
taxr.us.txt,market/Stocks,.txt,839,19
onb.us.txt,market/Stocks,.txt,155062,3202
mav.us.txt,market/Stocks,.txt,151936,3202
px.us.txt,market/Stocks,.txt,315082,6400
nsec.us.txt,market/Stocks,.txt,97835,2130
accp.us.txt,market/Stocks,.txt,0,0
tk.us.txt,market/Stocks,.txt,155836,3202
ern.us.txt,market/Stocks,.txt,116711,2632
afsi_c.us.txt,market/Stocks,.txt,30033,678
evol.us.txt,market/Stocks,.txt,149207,3201
lee.us.txt,market/Stocks,.txt,131187,3202
scvl.us.txt,market/Stocks,.txt,153307,3202
plse.us.txt,market/Stocks,.txt,15718,373
fsbk.us.txt,market/Stocks,.txt,146030,3132
nrcib.us.txt,market/Stocks,.txt,46996,1015
vii.us.txt,market/Stocks,.txt,132157,2922
lens.us.txt,market/Stocks,.txt,25661,656
fix.us.txt,market/Stocks,.txt,153954,3202
ccm.us.txt,market/Stocks,.txt,91203,1992
jone.us.txt,market/Stocks,.txt,51184,1087
snoa.us.txt,market/Stocks,.txt,110315,2722
ktf.us.txt,market/Stocks,.txt,153098,3202
ccmp.us.txt,market/Stocks,.txt,154915,3202
frbk.us.txt,market/Stocks,.txt,126495,3187
sgy-ws.us.txt,market/Stocks,.txt,6731,172
alex.us.txt,market/Stocks,.txt,155107,3202
efl.us.txt,market/Stocks,.txt,3273,76
vive.us.txt,market/Stocks,.txt,62989,1734
cpb.us.txt,market/Stocks,.txt,400003,8160
scap.us.txt,market/Stocks,.txt,8247,184
wu.us.txt,market/Stocks,.txt,139264,2807
sand.us.txt,market/Stocks,.txt,54384,1318
duc.us.txt,market/Stocks,.txt,152889,3202
dish.us.txt,market/Stocks,.txt,273817,5638
race.us.txt,market/Stocks,.txt,25160,521
sf.us.txt,market/Stocks,.txt,154854,3202
dwas.us.txt,market/Stocks,.txt,63303,1335
ahpau.us.txt,market/Stocks,.txt,7144,170
all_b.us.txt,market/Stocks,.txt,70513,1526
nnn.us.txt,market/Stocks,.txt,157096,3202
laz.us.txt,market/Stocks,.txt,154249,3155
mdso.us.txt,market/Stocks,.txt,94500,2113
arcm.us.txt,market/Stocks,.txt,6136,149
agii.us.txt,market/Stocks,.txt,153920,3202
fcvt.us.txt,market/Stocks,.txt,17335,373
kirk.us.txt,market/Stocks,.txt,150693,3201
xom.us.txt,market/Stocks,.txt,602987,12075
mrrl.us.txt,market/Stocks,.txt,22111,476
meso.us.txt,market/Stocks,.txt,19857,493
trs.us.txt,market/Stocks,.txt,113573,2643
mei.us.txt,market/Stocks,.txt,154297,3202
tg.us.txt,market/Stocks,.txt,153594,3202
pets.us.txt,market/Stocks,.txt,154867,3202
nusa.us.txt,market/Stocks,.txt,3843,87
pki.us.txt,market/Stocks,.txt,424746,8727
supn.us.txt,market/Stocks,.txt,59280,1395
bscr.us.txt,market/Stocks,.txt,1198,26
gbli.us.txt,market/Stocks,.txt,138066,3202
bdl.us.txt,market/Stocks,.txt,107501,2356
pdco.us.txt,market/Stocks,.txt,307784,6308
mpacw.us.txt,market/Stocks,.txt,2347,60
usmf.us.txt,market/Stocks,.txt,4262,95
wpxp.us.txt,market/Stocks,.txt,27097,575
mvf.us.txt,market/Stocks,.txt,153175,3202
hsni.us.txt,market/Stocks,.txt,112978,2331
ksu_.us.txt,market/Stocks,.txt,123466,2630
cdl.us.txt,market/Stocks,.txt,25845,552
teo.us.txt,market/Stocks,.txt,153055,3202
mxim.us.txt,market/Stocks,.txt,344595,6964
uqm.us.txt,market/Stocks,.txt,128403,3202
sbfgp.us.txt,market/Stocks,.txt,7921,174
obor.us.txt,market/Stocks,.txt,2017,46
apog.us.txt,market/Stocks,.txt,154709,3202
stl.us.txt,market/Stocks,.txt,153913,3202
icsh.us.txt,market/Stocks,.txt,32281,703
wy.us.txt,market/Stocks,.txt,506977,10305
ncbs.us.txt,market/Stocks,.txt,18540,430
gtyh.us.txt,market/Stocks,.txt,4147,107
cpn.us.txt,market/Stocks,.txt,112058,2479
bbt_f.us.txt,market/Stocks,.txt,58083,1268
omp.us.txt,market/Stocks,.txt,1665,38
amrh.us.txt,market/Stocks,.txt,0,0
adap.us.txt,market/Stocks,.txt,26355,638
pld.us.txt,market/Stocks,.txt,272680,5592
bgr.us.txt,market/Stocks,.txt,154740,3202
cof-ws.us.txt,market/Stocks,.txt,76113,1792
ebs.us.txt,market/Stocks,.txt,121251,2768
mitt_b.us.txt,market/Stocks,.txt,29715,679
gene.us.txt,market/Stocks,.txt,107004,2728
rgc.us.txt,market/Stocks,.txt,156529,3202
panw.us.txt,market/Stocks,.txt,62838,1339
amag.us.txt,market/Stocks,.txt,140115,3199
oasi.us.txt,market/Stocks,.txt,24186,525
taho.us.txt,market/Stocks,.txt,66959,1390
gcow.us.txt,market/Stocks,.txt,20503,436
cbio.us.txt,market/Stocks,.txt,132666,2917
blvd.us.txt,market/Stocks,.txt,13023,331
cca.us.txt,market/Stocks,.txt,146489,3182
mux.us.txt,market/Stocks,.txt,156598,3197
fit.us.txt,market/Stocks,.txt,26670,608
tbb.us.txt,market/Stocks,.txt,268,6
sgc.us.txt,market/Stocks,.txt,144298,3077
arql.us.txt,market/Stocks,.txt,129138,3202
ryam_a.us.txt,market/Stocks,.txt,12104,266
nuro.us.txt,market/Stocks,.txt,64872,1538
res.us.txt,market/Stocks,.txt,157208,3202
fsacw.us.txt,market/Stocks,.txt,1053,27
oncs.us.txt,market/Stocks,.txt,65095,1664
corr.us.txt,market/Stocks,.txt,128194,2714
lgf-a.us.txt,market/Stocks,.txt,10427,233
gsie.us.txt,market/Stocks,.txt,24097,507
tda.us.txt,market/Stocks,.txt,58993,1246
rave.us.txt,market/Stocks,.txt,236820,5871
jri.us.txt,market/Stocks,.txt,66389,1398
jsynu.us.txt,market/Stocks,.txt,10245,236
cyhhz.us.txt,market/Stocks,.txt,43531,956
ff.us.txt,market/Stocks,.txt,79573,1673
shlo.us.txt,market/Stocks,.txt,141042,3152
bwl-a.us.txt,market/Stocks,.txt,49485,1081
rivr.us.txt,market/Stocks,.txt,786,18
gs_j.us.txt,market/Stocks,.txt,52501,1147
esl.us.txt,market/Stocks,.txt,142139,3202
frsx.us.txt,market/Stocks,.txt,4267,106
bmch.us.txt,market/Stocks,.txt,46810,1075
jmpb.us.txt,market/Stocks,.txt,53815,1157
uwn.us.txt,market/Stocks,.txt,125671,3193
ntes.us.txt,market/Stocks,.txt,156929,3202
twn.us.txt,market/Stocks,.txt,147963,3186
brqs.us.txt,market/Stocks,.txt,11095,272
dsl.us.txt,market/Stocks,.txt,55703,1148
ndaq.us.txt,market/Stocks,.txt,157464,3201
nakd.us.txt,market/Stocks,.txt,19262,474
cvm.us.txt,market/Stocks,.txt,123863,3202
ctib.us.txt,market/Stocks,.txt,120428,2790
psdo.us.txt,market/Stocks,.txt,7699,173
piy.us.txt,market/Stocks,.txt,71625,1549
egn.us.txt,market/Stocks,.txt,154139,3202
smed.us.txt,market/Stocks,.txt,112434,2888
cbo.us.txt,market/Stocks,.txt,1236,33
sfm.us.txt,market/Stocks,.txt,48781,1081
agm-a.us.txt,market/Stocks,.txt,57542,1247
sonc.us.txt,market/Stocks,.txt,155815,3202
andau.us.txt,market/Stocks,.txt,1402,33
epr.us.txt,market/Stocks,.txt,155621,3202
tcbil.us.txt,market/Stocks,.txt,58332,1249
kffb.us.txt,market/Stocks,.txt,113312,2448
esge.us.txt,market/Stocks,.txt,12766,281
mhla.us.txt,market/Stocks,.txt,16701,357
pcsb.us.txt,market/Stocks,.txt,6325,144
yin.us.txt,market/Stocks,.txt,17938,392
time.us.txt,market/Stocks,.txt,42146,865
prss.us.txt,market/Stocks,.txt,56267,1416
azre.us.txt,market/Stocks,.txt,11565,271
ttp.us.txt,market/Stocks,.txt,72185,1519
vist.us.txt,market/Stocks,.txt,0,0
amsf.us.txt,market/Stocks,.txt,144036,3016
ohrp.us.txt,market/Stocks,.txt,45355,1114
wfc_w.us.txt,market/Stocks,.txt,20009,451
divy.us.txt,market/Stocks,.txt,32876,725
xin.us.txt,market/Stocks,.txt,120738,2499
tpc.us.txt,market/Stocks,.txt,141872,3202
ufi.us.txt,market/Stocks,.txt,134693,3202
efx.us.txt,market/Stocks,.txt,367633,7567
gil.us.txt,market/Stocks,.txt,156041,3202
nete.us.txt,market/Stocks,.txt,45853,1281
ladr.us.txt,market/Stocks,.txt,45798,951
pho.us.txt,market/Stocks,.txt,144907,3005
nnn_f.us.txt,market/Stocks,.txt,12098,274
zagg.us.txt,market/Stocks,.txt,104749,2582
ardx.us.txt,market/Stocks,.txt,36324,859
xcem.us.txt,market/Stocks,.txt,17553,387
bte.us.txt,market/Stocks,.txt,151243,3199
bont.us.txt,market/Stocks,.txt,150765,3200
aaon.us.txt,market/Stocks,.txt,154078,3202
bles.us.txt,market/Stocks,.txt,8306,178
mfo.us.txt,market/Stocks,.txt,64828,1386
stt.us.txt,market/Stocks,.txt,389712,7903
nail.us.txt,market/Stocks,.txt,21642,492
sr.us.txt,market/Stocks,.txt,154370,3202
tctl.us.txt,market/Stocks,.txt,11147,252
spg.us.txt,market/Stocks,.txt,295137,6020
gjr.us.txt,market/Stocks,.txt,41190,898
bfin.us.txt,market/Stocks,.txt,147922,3120
chscl.us.txt,market/Stocks,.txt,33615,709
supv.us.txt,market/Stocks,.txt,18076,376
ddr_k.us.txt,market/Stocks,.txt,51592,1145
ircp.us.txt,market/Stocks,.txt,99387,2173
abtx.us.txt,market/Stocks,.txt,22448,530
tlrd.us.txt,market/Stocks,.txt,156448,3202
lpcn.us.txt,market/Stocks,.txt,37532,915
fcap.us.txt,market/Stocks,.txt,82116,1793
aos.us.txt,market/Stocks,.txt,157468,3202
amba.us.txt,market/Stocks,.txt,57193,1282
cc.us.txt,market/Stocks,.txt,29371,599
pglc.us.txt,market/Stocks,.txt,70435,1733
wbs_e.us.txt,market/Stocks,.txt,55931,1237
efoi.us.txt,market/Stocks,.txt,91736,2313
cara.us.txt,market/Stocks,.txt,41224,955
rgen.us.txt,market/Stocks,.txt,132324,3202
codx.us.txt,market/Stocks,.txt,3534,88
spil.us.txt,market/Stocks,.txt,156627,3201
giga.us.txt,market/Stocks,.txt,121076,3071
mdwd.us.txt,market/Stocks,.txt,36347,922
abcd.us.txt,market/Stocks,.txt,77804,1971
evi.us.txt,market/Stocks,.txt,130786,2821
mab.us.txt,market/Stocks,.txt,133201,2893
ssy.us.txt,market/Stocks,.txt,113417,2943
else.us.txt,market/Stocks,.txt,113356,2573
ovbc.us.txt,market/Stocks,.txt,110954,2399
smtc.us.txt,market/Stocks,.txt,142439,3202
mini.us.txt,market/Stocks,.txt,154939,3202
rore.us.txt,market/Stocks,.txt,9113,197
osle.us.txt,market/Stocks,.txt,58728,1255
trk.us.txt,market/Stocks,.txt,152788,3202
swj.us.txt,market/Stocks,.txt,63715,1335
pphmp.us.txt,market/Stocks,.txt,42715,920
rqi.us.txt,market/Stocks,.txt,153898,3202
chci.us.txt,market/Stocks,.txt,129427,3172
kfs.us.txt,market/Stocks,.txt,125819,3184
pzn.us.txt,market/Stocks,.txt,120342,2532
catb.us.txt,market/Stocks,.txt,24500,603
gprk.us.txt,market/Stocks,.txt,37031,946
ety.us.txt,market/Stocks,.txt,133801,2760
rely.us.txt,market/Stocks,.txt,25898,649
cuk.us.txt,market/Stocks,.txt,154367,3202
hig.us.txt,market/Stocks,.txt,272060,5515
mbtf.us.txt,market/Stocks,.txt,150688,3187
mcr.us.txt,market/Stocks,.txt,154807,3202
dty.us.txt,market/Stocks,.txt,10707,233
mga.us.txt,market/Stocks,.txt,157909,3202
wfc_o.us.txt,market/Stocks,.txt,57427,1254
diva.us.txt,market/Stocks,.txt,7875,171
sgyp.us.txt,market/Stocks,.txt,60520,1475
bbw.us.txt,market/Stocks,.txt,133189,3202
geos.us.txt,market/Stocks,.txt,142466,3198
hbhc.us.txt,market/Stocks,.txt,154952,3202
psa_d.us.txt,market/Stocks,.txt,14783,332
glq.us.txt,market/Stocks,.txt,150107,3161
two_a.us.txt,market/Stocks,.txt,7452,168
bac_l.us.txt,market/Stocks,.txt,86254,1820
dare.us.txt,market/Stocks,.txt,35287,906
unvr.us.txt,market/Stocks,.txt,27104,608
hchc.us.txt,market/Stocks,.txt,94733,2076
ffiu.us.txt,market/Stocks,.txt,1521,35
mtn.us.txt,market/Stocks,.txt,155263,3202
fhb.us.txt,market/Stocks,.txt,15459,323
amc.us.txt,market/Stocks,.txt,47678,984
cof_c.us.txt,market/Stocks,.txt,38680,860
hclp.us.txt,market/Stocks,.txt,64087,1320
ebtc.us.txt,market/Stocks,.txt,135018,2900
drys.us.txt,market/Stocks,.txt,201523,3201
ncty.us.txt,market/Stocks,.txt,130887,3195
srce.us.txt,market/Stocks,.txt,152351,3202
nee_h-cl.us.txt,market/Stocks,.txt,872,20
kem.us.txt,market/Stocks,.txt,133787,3202
bold.us.txt,market/Stocks,.txt,14732,334
crf.us.txt,market/Stocks,.txt,151525,3202
tse.us.txt,market/Stocks,.txt,41757,864
cvu.us.txt,market/Stocks,.txt,125929,3179
ftva.us.txt,market/Stocks,.txt,395,9
arr_b.us.txt,market/Stocks,.txt,54322,1198
dst.us.txt,market/Stocks,.txt,156168,3202
myov.us.txt,market/Stocks,.txt,11572,264
stl_a.us.txt,market/Stocks,.txt,1317,30
alco.us.txt,market/Stocks,.txt,150637,3201
stt_g.us.txt,market/Stocks,.txt,17733,401
grmn.us.txt,market/Stocks,.txt,209401,4256
vly_a.us.txt,market/Stocks,.txt,25822,596
twow.us.txt,market/Stocks,.txt,380,9
jhms.us.txt,market/Stocks,.txt,8806,194
gbil.us.txt,market/Stocks,.txt,11154,254
ppln.us.txt,market/Stocks,.txt,3633,79
tdy.us.txt,market/Stocks,.txt,143383,3202
bpmp.us.txt,market/Stocks,.txt,569,13
attu.us.txt,market/Stocks,.txt,54046,1334
lnth.us.txt,market/Stocks,.txt,24608,603
cez.us.txt,market/Stocks,.txt,16662,362
cai.us.txt,market/Stocks,.txt,112770,2644
qnst.us.txt,market/Stocks,.txt,80200,1954
tcx.us.txt,market/Stocks,.txt,127504,3199
nw_c-cl.us.txt,market/Stocks,.txt,1700,39
mgic.us.txt,market/Stocks,.txt,152073,3200
ixys.us.txt,market/Stocks,.txt,151191,3202
jqc.us.txt,market/Stocks,.txt,155304,3202
mtb.us.txt,market/Stocks,.txt,318298,6578
fhn.us.txt,market/Stocks,.txt,340522,6962
el.us.txt,market/Stocks,.txt,158445,3202
avxs.us.txt,market/Stocks,.txt,19827,444
govni.us.txt,market/Stocks,.txt,16015,346
dci.us.txt,market/Stocks,.txt,155733,3202
akao.us.txt,market/Stocks,.txt,39023,928
amswa.us.txt,market/Stocks,.txt,152699,3202
pdex.us.txt,market/Stocks,.txt,118969,3070
sbsi.us.txt,market/Stocks,.txt,152070,3202
wll.us.txt,market/Stocks,.txt,146824,3202
pim.us.txt,market/Stocks,.txt,155548,3202
hwbk.us.txt,market/Stocks,.txt,117938,2554
wttr.us.txt,market/Stocks,.txt,6369,144
rp.us.txt,market/Stocks,.txt,80706,1828
fmbi.us.txt,market/Stocks,.txt,155138,3202
ttd.us.txt,market/Stocks,.txt,12952,290
vc.us.txt,market/Stocks,.txt,86070,1791
mgm.us.txt,market/Stocks,.txt,159219,3202
jbl.us.txt,market/Stocks,.txt,304243,6171
egif.us.txt,market/Stocks,.txt,28725,607
kemq.us.txt,market/Stocks,.txt,903,21
etfc.us.txt,market/Stocks,.txt,230952,5338
pdvw.us.txt,market/Stocks,.txt,29837,702
bcrh.us.txt,market/Stocks,.txt,47951,1013
abax.us.txt,market/Stocks,.txt,154452,3202
frta.us.txt,market/Stocks,.txt,11586,269
ht_c.us.txt,market/Stocks,.txt,37311,838
keys.us.txt,market/Stocks,.txt,34010,762
cev.us.txt,market/Stocks,.txt,150095,3202
ba.us.txt,market/Stocks,.txt,600366,12075
ebsb.us.txt,market/Stocks,.txt,117955,2471
cae.us.txt,market/Stocks,.txt,151192,3202
ddd.us.txt,market/Stocks,.txt,74507,1628
amgp.us.txt,market/Stocks,.txt,6536,135
bbby.us.txt,market/Stocks,.txt,316797,6407
fr.us.txt,market/Stocks,.txt,155963,3202
nghcp.us.txt,market/Stocks,.txt,37800,813
mtex.us.txt,market/Stocks,.txt,148552,3172
edd.us.txt,market/Stocks,.txt,127247,2661
roseu.us.txt,market/Stocks,.txt,7209,169
wor.us.txt,market/Stocks,.txt,337397,6961
aht_g.us.txt,market/Stocks,.txt,11900,267
cxse.us.txt,market/Stocks,.txt,50070,1082
reg.us.txt,market/Stocks,.txt,156117,3202
rosg.us.txt,market/Stocks,.txt,65992,1580
mgyr.us.txt,market/Stocks,.txt,74905,1920
sohom.us.txt,market/Stocks,.txt,21078,460
elvt.us.txt,market/Stocks,.txt,6225,154
tsi.us.txt,market/Stocks,.txt,153821,3202
dsx.us.txt,market/Stocks,.txt,137247,3188
tayd.us.txt,market/Stocks,.txt,121918,3084
nkg.us.txt,market/Stocks,.txt,145448,3158
inf.us.txt,market/Stocks,.txt,74413,1563
kar.us.txt,market/Stocks,.txt,97045,1995
ogcp.us.txt,market/Stocks,.txt,35424,767
orit.us.txt,market/Stocks,.txt,131208,2722
srci.us.txt,market/Stocks,.txt,66175,1585
dota.us.txt,market/Stocks,.txt,731,18
casc.us.txt,market/Stocks,.txt,144607,3202
wm.us.txt,market/Stocks,.txt,158519,3202
mfc.us.txt,market/Stocks,.txt,157557,3202
vrns.us.txt,market/Stocks,.txt,40902,936
stx.us.txt,market/Stocks,.txt,159610,3202
denn.us.txt,market/Stocks,.txt,132554,3202
gasx.us.txt,market/Stocks,.txt,21535,490
flgt.us.txt,market/Stocks,.txt,11659,284
lfc.us.txt,market/Stocks,.txt,156729,3200
pcrx.us.txt,market/Stocks,.txt,74530,1704
ty_.us.txt,market/Stocks,.txt,118006,2541
jakk.us.txt,market/Stocks,.txt,146020,3202
bti.us.txt,market/Stocks,.txt,155532,3202
atvi.us.txt,market/Stocks,.txt,158860,3202
scd.us.txt,market/Stocks,.txt,152898,3202
qumu.us.txt,market/Stocks,.txt,142873,3199
fms.us.txt,market/Stocks,.txt,154086,3202
qhc.us.txt,market/Stocks,.txt,16023,389
zto.us.txt,market/Stocks,.txt,11962,264
jpm.us.txt,market/Stocks,.txt,596237,12075
ccu.us.txt,market/Stocks,.txt,153093,3202
db.us.txt,market/Stocks,.txt,156935,3202
bmrc.us.txt,market/Stocks,.txt,148107,3154
bpopm.us.txt,market/Stocks,.txt,71179,1534
gms.us.txt,market/Stocks,.txt,16497,371
msbi.us.txt,market/Stocks,.txt,17531,373
banfp.us.txt,market/Stocks,.txt,40816,887
eft.us.txt,market/Stocks,.txt,154148,3202
wmb.us.txt,market/Stocks,.txt,446913,9041
man.us.txt,market/Stocks,.txt,156346,3202
cndt.us.txt,market/Stocks,.txt,9929,218
amh_c.us.txt,market/Stocks,.txt,36889,837
ts.us.txt,market/Stocks,.txt,157811,3202
mnkd.us.txt,market/Stocks,.txt,134616,3201
cyad.us.txt,market/Stocks,.txt,22868,548
opgn.us.txt,market/Stocks,.txt,26230,635
urg.us.txt,market/Stocks,.txt,121225,2963
gigm.us.txt,market/Stocks,.txt,127681,3202
esea.us.txt,market/Stocks,.txt,122701,2797
mcri.us.txt,market/Stocks,.txt,136982,3202
chef.us.txt,market/Stocks,.txt,69161,1584
turn.us.txt,market/Stocks,.txt,130590,3202
bsd.us.txt,market/Stocks,.txt,150525,3202
ifix.us.txt,market/Stocks,.txt,11230,256
aste.us.txt,market/Stocks,.txt,154284,3202
fanh.us.txt,market/Stocks,.txt,120611,2528
gtim.us.txt,market/Stocks,.txt,105413,2696
pbbi.us.txt,market/Stocks,.txt,20206,438
civi.us.txt,market/Stocks,.txt,34281,797
ifmk.us.txt,market/Stocks,.txt,8112,186
enor.us.txt,market/Stocks,.txt,62277,1334
bebe.us.txt,market/Stocks,.txt,146691,3201
fsam.us.txt,market/Stocks,.txt,35820,761
plpc.us.txt,market/Stocks,.txt,146773,3146
co.us.txt,market/Stocks,.txt,88942,2256
kss.us.txt,market/Stocks,.txt,316728,6419
nbrv.us.txt,market/Stocks,.txt,21993,542
rdi.us.txt,market/Stocks,.txt,123488,3102
bdx.us.txt,market/Stocks,.txt,427932,8726
ftv.us.txt,market/Stocks,.txt,16802,344
ivr_c.us.txt,market/Stocks,.txt,2648,60
frc_c.us.txt,market/Stocks,.txt,56679,1249
wbii.us.txt,market/Stocks,.txt,38175,809
rmti.us.txt,market/Stocks,.txt,129260,3201
mli.us.txt,market/Stocks,.txt,155114,3202
linc.us.txt,market/Stocks,.txt,143283,3121
nm_g.us.txt,market/Stocks,.txt,40180,939
ibo.us.txt,market/Stocks,.txt,929,22
rza.us.txt,market/Stocks,.txt,62132,1314
stlrw.us.txt,market/Stocks,.txt,6188,150
oran.us.txt,market/Stocks,.txt,155682,3202
nwbi.us.txt,market/Stocks,.txt,155345,3202
c_p.us.txt,market/Stocks,.txt,80775,1772
nh.us.txt,market/Stocks,.txt,15412,367
chekw.us.txt,market/Stocks,.txt,13056,334
abx.us.txt,market/Stocks,.txt,407512,8256
hscz.us.txt,market/Stocks,.txt,18613,405
nmih.us.txt,market/Stocks,.txt,42016,1011
inst.us.txt,market/Stocks,.txt,21769,504
csgs.us.txt,market/Stocks,.txt,155123,3202
pbi.us.txt,market/Stocks,.txt,443198,9045
trmt.us.txt,market/Stocks,.txt,1864,43
spwh.us.txt,market/Stocks,.txt,37819,902
snes.us.txt,market/Stocks,.txt,9373,235
stag_b.us.txt,market/Stocks,.txt,26944,621
ceva.us.txt,market/Stocks,.txt,135024,3202
heb.us.txt,market/Stocks,.txt,129227,3202
stml.us.txt,market/Stocks,.txt,51046,1208
odp.us.txt,market/Stocks,.txt,343544,6963
ari.us.txt,market/Stocks,.txt,99319,2050
low.us.txt,market/Stocks,.txt,406317,8159
sypr.us.txt,market/Stocks,.txt,146155,3196
ndp.us.txt,market/Stocks,.txt,63449,1334
bntc.us.txt,market/Stocks,.txt,31851,784
dks.us.txt,market/Stocks,.txt,157930,3202
too_a.us.txt,market/Stocks,.txt,51601,1144
pbhc.us.txt,market/Stocks,.txt,72585,1581
snc.us.txt,market/Stocks,.txt,35699,758
ped.us.txt,market/Stocks,.txt,39873,1053
fisi.us.txt,market/Stocks,.txt,151506,3201
cmre.us.txt,market/Stocks,.txt,84912,1766
mson.us.txt,market/Stocks,.txt,122689,3134
nsl.us.txt,market/Stocks,.txt,154317,3202
allt.us.txt,market/Stocks,.txt,113784,2763
acv.us.txt,market/Stocks,.txt,29812,626
clb.us.txt,market/Stocks,.txt,155500,3202
vesh.us.txt,market/Stocks,.txt,1354,31
isp-cl.us.txt,market/Stocks,.txt,1007,23
ello.us.txt,market/Stocks,.txt,46916,1061
b.us.txt,market/Stocks,.txt,155198,3202
fcnca.us.txt,market/Stocks,.txt,150525,3200
nuo.us.txt,market/Stocks,.txt,150381,3199
pcg.us.txt,market/Stocks,.txt,468444,9551
rrts.us.txt,market/Stocks,.txt,81805,1891
cor_a.us.txt,market/Stocks,.txt,50810,1134
emp.us.txt,market/Stocks,.txt,13594,292
llex.us.txt,market/Stocks,.txt,6462,160
saex.us.txt,market/Stocks,.txt,51652,1184
entg.us.txt,market/Stocks,.txt,155470,3202
avav.us.txt,market/Stocks,.txt,120117,2724
hca.us.txt,market/Stocks,.txt,76115,1680
usrt.us.txt,market/Stocks,.txt,123290,2630
pfsi.us.txt,market/Stocks,.txt,53290,1139
wtid.us.txt,market/Stocks,.txt,9411,214
igr.us.txt,market/Stocks,.txt,154960,3202
evgn.us.txt,market/Stocks,.txt,42137,1058
voxx.us.txt,market/Stocks,.txt,131861,3202
kamn.us.txt,market/Stocks,.txt,153902,3202
dnn.us.txt,market/Stocks,.txt,132256,3192
mye.us.txt,market/Stocks,.txt,153878,3202
hk.us.txt,market/Stocks,.txt,77405,1641
nxeo.us.txt,market/Stocks,.txt,33300,814
wex.us.txt,market/Stocks,.txt,143937,3202
mtor.us.txt,market/Stocks,.txt,72120,1668
fbnk.us.txt,market/Stocks,.txt,75858,1603
dxlg.us.txt,market/Stocks,.txt,129356,3202
maa_i.us.txt,market/Stocks,.txt,4337,110
asg.us.txt,market/Stocks,.txt,153033,3202
crvl.us.txt,market/Stocks,.txt,142279,3202
kref.us.txt,market/Stocks,.txt,6276,134
loma.us.txt,market/Stocks,.txt,395,9
lvnta.us.txt,market/Stocks,.txt,63194,1321
htf-cl.us.txt,market/Stocks,.txt,781,18
wrd.us.txt,market/Stocks,.txt,10292,231
induu.us.txt,market/Stocks,.txt,2787,63
ccrn.us.txt,market/Stocks,.txt,135755,3202
hewu.us.txt,market/Stocks,.txt,22579,487
inbk.us.txt,market/Stocks,.txt,55854,1189
basi.us.txt,market/Stocks,.txt,113861,2945
gut.us.txt,market/Stocks,.txt,153112,3202
colb.us.txt,market/Stocks,.txt,154678,3202
deef.us.txt,market/Stocks,.txt,13416,291
holx.us.txt,market/Stocks,.txt,144830,3202
mnga.us.txt,market/Stocks,.txt,50841,1320
hcm.us.txt,market/Stocks,.txt,18119,420
apu.us.txt,market/Stocks,.txt,154558,3202
fut.us.txt,market/Stocks,.txt,18024,419
tcf_d.us.txt,market/Stocks,.txt,1843,41
inve.us.txt,market/Stocks,.txt,119167,3125
eio.us.txt,market/Stocks,.txt,141584,3071
rnmc.us.txt,market/Stocks,.txt,3039,68
bcor.us.txt,market/Stocks,.txt,136069,3202
ipb.us.txt,market/Stocks,.txt,58461,1272
lake.us.txt,market/Stocks,.txt,129241,3179
pck.us.txt,market/Stocks,.txt,151528,3202
nqp.us.txt,market/Stocks,.txt,150871,3202
mdlq.us.txt,market/Stocks,.txt,9166,203
lgnd.us.txt,market/Stocks,.txt,141425,3203
hain.us.txt,market/Stocks,.txt,146651,3202
agi.us.txt,market/Stocks,.txt,58274,1198
diod.us.txt,market/Stocks,.txt,141713,3202
snps.us.txt,market/Stocks,.txt,287408,6477
reem.us.txt,market/Stocks,.txt,3739,83
hewy.us.txt,market/Stocks,.txt,9976,218
mpvd.us.txt,market/Stocks,.txt,124067,3196
acls.us.txt,market/Stocks,.txt,133062,3202
bcs_d.us.txt,market/Stocks,.txt,84912,1820
awx.us.txt,market/Stocks,.txt,111144,2905
adma.us.txt,market/Stocks,.txt,30208,756
fpi_b.us.txt,market/Stocks,.txt,2657,61
psmc.us.txt,market/Stocks,.txt,7574,174
ulta.us.txt,market/Stocks,.txt,115397,2532
eqrr.us.txt,market/Stocks,.txt,2362,53
enb.us.txt,market/Stocks,.txt,156316,3202
dspg.us.txt,market/Stocks,.txt,132417,3202
orn.us.txt,market/Stocks,.txt,104396,2492
dnb.us.txt,market/Stocks,.txt,155409,3202
clwt.us.txt,market/Stocks,.txt,119688,2891
vet.us.txt,market/Stocks,.txt,56344,1180
myi.us.txt,market/Stocks,.txt,152947,3202
sogo.us.txt,market/Stocks,.txt,127,3
cptal.us.txt,market/Stocks,.txt,5346,120
cop.us.txt,market/Stocks,.txt,449550,9042
arnc_b.us.txt,market/Stocks,.txt,10163,230
apri.us.txt,market/Stocks,.txt,123419,3203
cali.us.txt,market/Stocks,.txt,90188,2251
inwk.us.txt,market/Stocks,.txt,118542,2832
anda.us.txt,market/Stocks,.txt,3553,86
dlr.us.txt,market/Stocks,.txt,157431,3202
fcf.us.txt,market/Stocks,.txt,154830,3202
afg.us.txt,market/Stocks,.txt,155613,3202
nxeou.us.txt,market/Stocks,.txt,29636,706
abt.us.txt,market/Stocks,.txt,435261,8727
hql.us.txt,market/Stocks,.txt,153034,3202
dest.us.txt,market/Stocks,.txt,149139,3199
recn.us.txt,market/Stocks,.txt,154664,3202
wpx.us.txt,market/Stocks,.txt,66145,1475
gpi.us.txt,market/Stocks,.txt,155308,3202
obas.us.txt,market/Stocks,.txt,89428,2376
rwlk.us.txt,market/Stocks,.txt,32547,800
goog.us.txt,market/Stocks,.txt,44504,917
wbie.us.txt,market/Stocks,.txt,37836,809
egbn.us.txt,market/Stocks,.txt,142140,3132
veev.us.txt,market/Stocks,.txt,46067,1028
snhni.us.txt,market/Stocks,.txt,15839,345
tcf-ws.us.txt,market/Stocks,.txt,3505,90
fpi.us.txt,market/Stocks,.txt,42374,906
intu.us.txt,market/Stocks,.txt,307359,6209
nws.us.txt,market/Stocks,.txt,53876,1108
irr.us.txt,market/Stocks,.txt,134028,2783
sppi.us.txt,market/Stocks,.txt,146411,3202
snbr.us.txt,market/Stocks,.txt,139806,3202
ottr.us.txt,market/Stocks,.txt,153794,3202
klac.us.txt,market/Stocks,.txt,344251,6963
amlx.us.txt,market/Stocks,.txt,5179,115
smmf.us.txt,market/Stocks,.txt,133485,2883
aey.us.txt,market/Stocks,.txt,123162,3145
unit.us.txt,market/Stocks,.txt,31586,645
exp.us.txt,market/Stocks,.txt,156057,3202
pvg.us.txt,market/Stocks,.txt,61607,1469
athm.us.txt,market/Stocks,.txt,43777,989
asml.us.txt,market/Stocks,.txt,157826,3202
sbnyw.us.txt,market/Stocks,.txt,757,18
byfc.us.txt,market/Stocks,.txt,80798,2079
zayo.us.txt,market/Stocks,.txt,34925,775
usph.us.txt,market/Stocks,.txt,152305,3202
are.us.txt,market/Stocks,.txt,155749,3202
bkmu.us.txt,market/Stocks,.txt,152876,3202
zf.us.txt,market/Stocks,.txt,152142,3202
afgh.us.txt,market/Stocks,.txt,23602,500
oilx.us.txt,market/Stocks,.txt,1766,41
enz.us.txt,market/Stocks,.txt,131874,3202
inn_b.us.txt,market/Stocks,.txt,52377,1158
uuuu-ws.us.txt,market/Stocks,.txt,2770,69
isd.us.txt,market/Stocks,.txt,67574,1398
boh.us.txt,market/Stocks,.txt,155482,3202
fpei.us.txt,market/Stocks,.txt,2647,57
sce_c.us.txt,market/Stocks,.txt,63186,1407
ktwo.us.txt,market/Stocks,.txt,39283,887
next.us.txt,market/Stocks,.txt,8138,189
anfi.us.txt,market/Stocks,.txt,53163,1282
tjx.us.txt,market/Stocks,.txt,374030,7524
rtrx.us.txt,market/Stocks,.txt,55258,1305
kins.us.txt,market/Stocks,.txt,110650,2372
smlp.us.txt,market/Stocks,.txt,62161,1290
fsnn.us.txt,market/Stocks,.txt,34268,856
ll.us.txt,market/Stocks,.txt,111806,2521
tnk.us.txt,market/Stocks,.txt,121663,2498
plym_a.us.txt,market/Stocks,.txt,538,12
lpla.us.txt,market/Stocks,.txt,85559,1756
dyls.us.txt,market/Stocks,.txt,21745,475
pcg_i.us.txt,market/Stocks,.txt,33751,760
dyn-ws-a.us.txt,market/Stocks,.txt,6251,151
tlnd.us.txt,market/Stocks,.txt,14409,327
kcap.us.txt,market/Stocks,.txt,133199,2750
arlz.us.txt,market/Stocks,.txt,147553,3202
psb.us.txt,market/Stocks,.txt,153773,3202
gra.us.txt,market/Stocks,.txt,155368,3202
bobe.us.txt,market/Stocks,.txt,155232,3202
sxe.us.txt,market/Stocks,.txt,57103,1267
fra.us.txt,market/Stocks,.txt,153164,3202
cldc.us.txt,market/Stocks,.txt,20998,470
vvc.us.txt,market/Stocks,.txt,155356,3202
rvnc.us.txt,market/Stocks,.txt,41592,951
wba.us.txt,market/Stocks,.txt,404007,8158
v.us.txt,market/Stocks,.txt,122132,2433
rht.us.txt,market/Stocks,.txt,144979,3202
bhe.us.txt,market/Stocks,.txt,141759,3202
iti.us.txt,market/Stocks,.txt,126066,3201
emd.us.txt,market/Stocks,.txt,153858,3202
hlth.us.txt,market/Stocks,.txt,25903,650
ibkc.us.txt,market/Stocks,.txt,154085,3202
jpm_f.us.txt,market/Stocks,.txt,30525,687
mosc-u.us.txt,market/Stocks,.txt,689,16
tour.us.txt,market/Stocks,.txt,37672,887
fsic.us.txt,market/Stocks,.txt,43647,903
ffc.us.txt,market/Stocks,.txt,154339,3202
tif.us.txt,market/Stocks,.txt,369068,7528
slg.us.txt,market/Stocks,.txt,156191,3202
bwen.us.txt,market/Stocks,.txt,116755,3020
che.us.txt,market/Stocks,.txt,154666,3202
meli.us.txt,market/Stocks,.txt,125865,2585
jpse.us.txt,market/Stocks,.txt,10394,232
or.us.txt,market/Stocks,.txt,16378,343
fbp.us.txt,market/Stocks,.txt,135076,3202
rubi.us.txt,market/Stocks,.txt,39252,913
vsec.us.txt,market/Stocks,.txt,151590,3194
arkw.us.txt,market/Stocks,.txt,35322,778
tco_k.us.txt,market/Stocks,.txt,51527,1150
jhsc.us.txt,market/Stocks,.txt,88,2
nulg.us.txt,market/Stocks,.txt,9607,221
mms.us.txt,market/Stocks,.txt,155305,3202
cnhi.us.txt,market/Stocks,.txt,50334,1040
ful.us.txt,market/Stocks,.txt,155595,3202
vale.us.txt,market/Stocks,.txt,160595,3202
mfinl.us.txt,market/Stocks,.txt,16880,364
tpre.us.txt,market/Stocks,.txt,47119,1071
tndm.us.txt,market/Stocks,.txt,41059,1007
csse.us.txt,market/Stocks,.txt,2458,61
anth.us.txt,market/Stocks,.txt,84271,1943
aggp.us.txt,market/Stocks,.txt,17891,382
iae.us.txt,market/Stocks,.txt,126230,2679
moc.us.txt,market/Stocks,.txt,116854,3040
dx_a.us.txt,market/Stocks,.txt,57665,1279
adhd.us.txt,market/Stocks,.txt,46515,1130
hae.us.txt,market/Stocks,.txt,146322,3202
lkfn.us.txt,market/Stocks,.txt,152455,3202
syk.us.txt,market/Stocks,.txt,369663,7505
mpwr.us.txt,market/Stocks,.txt,155385,3202
nhldw.us.txt,market/Stocks,.txt,3954,95
slim.us.txt,market/Stocks,.txt,8618,188
gds.us.txt,market/Stocks,.txt,10637,260
ctek.us.txt,market/Stocks,.txt,7585,190
pep.us.txt,market/Stocks,.txt,510938,10308
eot.us.txt,market/Stocks,.txt,101666,2134
fenc.us.txt,market/Stocks,.txt,1879,44
pac.us.txt,market/Stocks,.txt,141434,2944
kbwb.us.txt,market/Stocks,.txt,72623,1515
qep.us.txt,market/Stocks,.txt,90008,1867
zsan.us.txt,market/Stocks,.txt,28311,693
fds.us.txt,market/Stocks,.txt,155399,3202
sats.us.txt,market/Stocks,.txt,109885,2486
mb.us.txt,market/Stocks,.txt,26401,607
qxmi.us.txt,market/Stocks,.txt,8802,198
hiho.us.txt,market/Stocks,.txt,141425,3010
rglb.us.txt,market/Stocks,.txt,3611,83
evbg.us.txt,market/Stocks,.txt,13087,293
wts.us.txt,market/Stocks,.txt,154817,3202
nci.us.txt,market/Stocks,.txt,141169,3202
mhn.us.txt,market/Stocks,.txt,150627,3202
jrjc.us.txt,market/Stocks,.txt,129016,3199
nxtd.us.txt,market/Stocks,.txt,40988,1068
gsvc.us.txt,market/Stocks,.txt,76806,1647
bprn.us.txt,market/Stocks,.txt,3065,74
elj.us.txt,market/Stocks,.txt,63561,1349
fgbi.us.txt,market/Stocks,.txt,22232,481
ggm.us.txt,market/Stocks,.txt,52458,1106
pfn.us.txt,market/Stocks,.txt,155286,3202
smi.us.txt,market/Stocks,.txt,127840,3182
cik.us.txt,market/Stocks,.txt,155106,3202
vco.us.txt,market/Stocks,.txt,144044,3097
dync.us.txt,market/Stocks,.txt,14740,317
dhy.us.txt,market/Stocks,.txt,155571,3202
town.us.txt,market/Stocks,.txt,151705,3199
mysz.us.txt,market/Stocks,.txt,8661,207
amt_b.us.txt,market/Stocks,.txt,31428,678
mn.us.txt,market/Stocks,.txt,71367,1503
dox.us.txt,market/Stocks,.txt,156575,3202
menu.us.txt,market/Stocks,.txt,7611,165
bgcp.us.txt,market/Stocks,.txt,156764,3202
aem.us.txt,market/Stocks,.txt,404786,8359
bnj.us.txt,market/Stocks,.txt,150357,3200
ibml.us.txt,market/Stocks,.txt,6670,143
lvhb.us.txt,market/Stocks,.txt,12661,269
sptn.us.txt,market/Stocks,.txt,154258,3202
ancx.us.txt,market/Stocks,.txt,146924,3124
cdev.us.txt,market/Stocks,.txt,16549,369
lamr.us.txt,market/Stocks,.txt,261113,5354
avb.us.txt,market/Stocks,.txt,156585,3202
eros.us.txt,market/Stocks,.txt,43280,1008
fwp.us.txt,market/Stocks,.txt,37151,776
clar.us.txt,market/Stocks,.txt,122564,3156
hbann.us.txt,market/Stocks,.txt,13871,302
agco.us.txt,market/Stocks,.txt,157307,3202
wsr.us.txt,market/Stocks,.txt,86857,1815
ingn.us.txt,market/Stocks,.txt,41880,945
dmpi.us.txt,market/Stocks,.txt,13785,339
exd.us.txt,market/Stocks,.txt,87509,1860
rxii.us.txt,market/Stocks,.txt,53753,1388
np.us.txt,market/Stocks,.txt,153290,3202
fslr.us.txt,market/Stocks,.txt,128398,2766
cig.us.txt,market/Stocks,.txt,158197,3202
san_b.us.txt,market/Stocks,.txt,83852,1820
ivfgc.us.txt,market/Stocks,.txt,2394,52
sasr.us.txt,market/Stocks,.txt,152487,3202
cmt.us.txt,market/Stocks,.txt,149882,3185
elf.us.txt,market/Stocks,.txt,12873,289
big.us.txt,market/Stocks,.txt,157307,3202
gbab.us.txt,market/Stocks,.txt,84793,1772
spsc.us.txt,market/Stocks,.txt,82964,1906
wgp.us.txt,market/Stocks,.txt,59843,1243
nice.us.txt,market/Stocks,.txt,154354,3202
riv.us.txt,market/Stocks,.txt,22464,475
wcc.us.txt,market/Stocks,.txt,141658,3202
homb.us.txt,market/Stocks,.txt,138812,2869
goos.us.txt,market/Stocks,.txt,7576,169
gtn.us.txt,market/Stocks,.txt,133036,3202
alxn.us.txt,market/Stocks,.txt,150569,3202
extr.us.txt,market/Stocks,.txt,131220,3202
echo.us.txt,market/Stocks,.txt,89641,2044
bzh.us.txt,market/Stocks,.txt,140001,3202
vsda.us.txt,market/Stocks,.txt,4019,87
regi.us.txt,market/Stocks,.txt,61062,1463
blin.us.txt,market/Stocks,.txt,97385,2510
sxi.us.txt,market/Stocks,.txt,152552,3202
axti.us.txt,market/Stocks,.txt,127900,3202
ftxl.us.txt,market/Stocks,.txt,12753,275
wnrl.us.txt,market/Stocks,.txt,48686,1023
pcg_e.us.txt,market/Stocks,.txt,48412,1082
shipw.us.txt,market/Stocks,.txt,7848,191
mdxg.us.txt,market/Stocks,.txt,48080,1148
kos.us.txt,market/Stocks,.txt,70218,1638
nly_f.us.txt,market/Stocks,.txt,3232,73
scacu.us.txt,market/Stocks,.txt,8303,190
idt.us.txt,market/Stocks,.txt,155122,3202
prmw.us.txt,market/Stocks,.txt,73055,1764
quad.us.txt,market/Stocks,.txt,89446,1854
jkhy.us.txt,market/Stocks,.txt,155669,3202
hcac.us.txt,market/Stocks,.txt,2203,56
xncr.us.txt,market/Stocks,.txt,43547,995
hsea.us.txt,market/Stocks,.txt,87469,1820
eprf.us.txt,market/Stocks,.txt,17224,370
cbay.us.txt,market/Stocks,.txt,34458,855
adc.us.txt,market/Stocks,.txt,153045,3202
sifi.us.txt,market/Stocks,.txt,138890,2984
gab.us.txt,market/Stocks,.txt,155385,3202
nrz.us.txt,market/Stocks,.txt,56231,1144
env.us.txt,market/Stocks,.txt,80262,1838
cmss.us.txt,market/Stocks,.txt,198,5
tisa.us.txt,market/Stocks,.txt,121938,3094
atr.us.txt,market/Stocks,.txt,155410,3202
vedl.us.txt,market/Stocks,.txt,50344,1055
bned.us.txt,market/Stocks,.txt,24478,576
apa.us.txt,market/Stocks,.txt,442335,9044
fogo.us.txt,market/Stocks,.txt,26115,607
spab.us.txt,market/Stocks,.txt,125194,2621
cdti.us.txt,market/Stocks,.txt,117339,3023
kmph.us.txt,market/Stocks,.txt,26526,651
dakt.us.txt,market/Stocks,.txt,154296,3202
ptc.us.txt,market/Stocks,.txt,44537,992
nfx.us.txt,market/Stocks,.txt,144994,3202
ezt.us.txt,market/Stocks,.txt,40111,866
axdx.us.txt,market/Stocks,.txt,125036,3121
lnc-ws.us.txt,market/Stocks,.txt,693,19
lead.us.txt,market/Stocks,.txt,20816,453
htgm.us.txt,market/Stocks,.txt,25696,637
usac.us.txt,market/Stocks,.txt,58564,1218
acn.us.txt,market/Stocks,.txt,158672,3202
cdr_c.us.txt,market/Stocks,.txt,2459,56
chi.us.txt,market/Stocks,.txt,153901,3202
tpge.us.txt,market/Stocks,.txt,1783,45
nuw.us.txt,market/Stocks,.txt,104425,2197
snde.us.txt,market/Stocks,.txt,11902,288
z.us.txt,market/Stocks,.txt,26013,577
ccbg.us.txt,market/Stocks,.txt,151058,3202
eocc.us.txt,market/Stocks,.txt,18376,392
sap.us.txt,market/Stocks,.txt,157658,3202
bpmx.us.txt,market/Stocks,.txt,29425,713
gabc.us.txt,market/Stocks,.txt,149717,3181
keyw.us.txt,market/Stocks,.txt,76071,1789
dwpp.us.txt,market/Stocks,.txt,43294,941
mrdn.us.txt,market/Stocks,.txt,8206,204
caa.us.txt,market/Stocks,.txt,155722,3202
vuzi.us.txt,market/Stocks,.txt,27792,705
chsp.us.txt,market/Stocks,.txt,95022,1968
algt.us.txt,market/Stocks,.txt,132846,2752
baa.us.txt,market/Stocks,.txt,120830,3151
jpin.us.txt,market/Stocks,.txt,33884,727
tsm.us.txt,market/Stocks,.txt,160220,3202
idti.us.txt,market/Stocks,.txt,139752,3202
ntap.us.txt,market/Stocks,.txt,274313,5531
hfro.us.txt,market/Stocks,.txt,261,6
ayi.us.txt,market/Stocks,.txt,155549,3202
amph.us.txt,market/Stocks,.txt,37662,855
eaglu.us.txt,market/Stocks,.txt,12648,305
ntec.us.txt,market/Stocks,.txt,21482,557
nesrw.us.txt,market/Stocks,.txt,2604,67
usm.us.txt,market/Stocks,.txt,149047,3202
inb.us.txt,market/Stocks,.txt,124474,2595
brn.us.txt,market/Stocks,.txt,117621,3003
rnsc.us.txt,market/Stocks,.txt,2769,61
frsh.us.txt,market/Stocks,.txt,37421,892
logo.us.txt,market/Stocks,.txt,643,15
cgbd.us.txt,market/Stocks,.txt,5016,107
acrs.us.txt,market/Stocks,.txt,23360,530
mrcc.us.txt,market/Stocks,.txt,59648,1271
dwsn.us.txt,market/Stocks,.txt,145869,3201
dcm.us.txt,market/Stocks,.txt,154265,3202
jynt.us.txt,market/Stocks,.txt,29894,755
fly.us.txt,market/Stocks,.txt,120210,2552
sons.us.txt,market/Stocks,.txt,134083,3202
bcac.us.txt,market/Stocks,.txt,1348,34
agncb.us.txt,market/Stocks,.txt,41667,883
bokfl.us.txt,market/Stocks,.txt,16173,348
pii.us.txt,market/Stocks,.txt,156670,3202
wlh.us.txt,market/Stocks,.txt,53806,1212
bac_d.us.txt,market/Stocks,.txt,84384,1820
tecd.us.txt,market/Stocks,.txt,142665,3202
mtfb.us.txt,market/Stocks,.txt,9206,226
mscc.us.txt,market/Stocks,.txt,142919,3202
isrg.us.txt,market/Stocks,.txt,155186,3202
hio.us.txt,market/Stocks,.txt,155479,3202
oln.us.txt,market/Stocks,.txt,157109,3202
rt.us.txt,market/Stocks,.txt,133702,3202
txmd.us.txt,market/Stocks,.txt,62733,1597
prsc.us.txt,market/Stocks,.txt,138951,3202
cqp.us.txt,market/Stocks,.txt,129744,2684
ajrd.us.txt,market/Stocks,.txt,137516,3202
dtq.us.txt,market/Stocks,.txt,60704,1287
vg.us.txt,market/Stocks,.txt,118895,2890
mgi.us.txt,market/Stocks,.txt,139261,3202
staa.us.txt,market/Stocks,.txt,129442,3202
iiji.us.txt,market/Stocks,.txt,145487,3115
abeo.us.txt,market/Stocks,.txt,29212,730
ups.us.txt,market/Stocks,.txt,224137,4528
kbh.us.txt,market/Stocks,.txt,369170,7550
lgi.us.txt,market/Stocks,.txt,151296,3202
esgu.us.txt,market/Stocks,.txt,4366,96
cws.us.txt,market/Stocks,.txt,12741,278
schw_b-cl.us.txt,market/Stocks,.txt,396,9
amh_g.us.txt,market/Stocks,.txt,3596,82
dva.us.txt,market/Stocks,.txt,148970,3202
trc.us.txt,market/Stocks,.txt,139432,3202
cprx.us.txt,market/Stocks,.txt,110321,2746
asgn.us.txt,market/Stocks,.txt,136528,3202
bspm.us.txt,market/Stocks,.txt,86436,2107
nudm.us.txt,market/Stocks,.txt,4732,111
kaac.us.txt,market/Stocks,.txt,3247,83
yorw.us.txt,market/Stocks,.txt,151063,3201
eva.us.txt,market/Stocks,.txt,30411,643
cbmxw.us.txt,market/Stocks,.txt,8249,215
tal.us.txt,market/Stocks,.txt,86524,1776
cnsl.us.txt,market/Stocks,.txt,149982,3101
atus.us.txt,market/Stocks,.txt,4527,101
lexea.us.txt,market/Stocks,.txt,11406,256
news.us.txt,market/Stocks,.txt,130153,2748
xxii.us.txt,market/Stocks,.txt,63570,1577
pky.us.txt,market/Stocks,.txt,153760,3179
ual.us.txt,market/Stocks,.txt,133978,2973
rlje.us.txt,market/Stocks,.txt,49870,1225
mtdr.us.txt,market/Stocks,.txt,64497,1454
ades.us.txt,market/Stocks,.txt,16009,341
mfg.us.txt,market/Stocks,.txt,133360,2772
ois.us.txt,market/Stocks,.txt,153305,3202
mbt.us.txt,market/Stocks,.txt,158297,3202
brss.us.txt,market/Stocks,.txt,54290,1129
lmnx.us.txt,market/Stocks,.txt,154540,3202
onvo.us.txt,market/Stocks,.txt,44864,1096
mh_c.us.txt,market/Stocks,.txt,21693,495
adro.us.txt,market/Stocks,.txt,28390,653
fsbw.us.txt,market/Stocks,.txt,58124,1255
idev.us.txt,market/Stocks,.txt,6519,145
pwod.us.txt,market/Stocks,.txt,138509,2969
muh.us.txt,market/Stocks,.txt,150161,3202
df.us.txt,market/Stocks,.txt,157847,3202
amed.us.txt,market/Stocks,.txt,142226,3202
dfp.us.txt,market/Stocks,.txt,53941,1128
jpi.us.txt,market/Stocks,.txt,63736,1334
rate.us.txt,market/Stocks,.txt,70322,1610
ale.us.txt,market/Stocks,.txt,155000,3202
bgb.us.txt,market/Stocks,.txt,62501,1292
plt.us.txt,market/Stocks,.txt,155091,3202
sino.us.txt,market/Stocks,.txt,91275,2306
rgs.us.txt,market/Stocks,.txt,151261,3202
phg.us.txt,market/Stocks,.txt,156577,3202
wtfcm.us.txt,market/Stocks,.txt,27884,594
srva.us.txt,market/Stocks,.txt,0,0
moxc.us.txt,market/Stocks,.txt,9272,232
iphs.us.txt,market/Stocks,.txt,133692,2777
gjv.us.txt,market/Stocks,.txt,71003,1543
fedu.us.txt,market/Stocks,.txt,164,4
gne.us.txt,market/Stocks,.txt,72352,1518
vnce.us.txt,market/Stocks,.txt,40478,1001
ttai.us.txt,market/Stocks,.txt,4170,96
gt.us.txt,market/Stocks,.txt,587301,12074
gshtw.us.txt,market/Stocks,.txt,3153,81
cg.us.txt,market/Stocks,.txt,67823,1393
brg_a.us.txt,market/Stocks,.txt,22911,515
aple.us.txt,market/Stocks,.txt,30781,629
dlr_j.us.txt,market/Stocks,.txt,2829,64
trst.us.txt,market/Stocks,.txt,154577,3202
bomn.us.txt,market/Stocks,.txt,4658,108
evm.us.txt,market/Stocks,.txt,150327,3202
leu.us.txt,market/Stocks,.txt,244693,4861
bsl.us.txt,market/Stocks,.txt,89820,1882
ph.us.txt,market/Stocks,.txt,399362,8161
star_d.us.txt,market/Stocks,.txt,29367,667
gab_j.us.txt,market/Stocks,.txt,18242,404
avid.us.txt,market/Stocks,.txt,136247,3201
csl.us.txt,market/Stocks,.txt,155324,3202
cien.us.txt,market/Stocks,.txt,238871,5226
swn.us.txt,market/Stocks,.txt,144448,3202
cprt.us.txt,market/Stocks,.txt,150281,3202
plx.us.txt,market/Stocks,.txt,118174,2950
rcl.us.txt,market/Stocks,.txt,158328,3202
twmc.us.txt,market/Stocks,.txt,140336,3148
cfcow.us.txt,market/Stocks,.txt,9910,253
phk.us.txt,market/Stocks,.txt,156372,3202
geny.us.txt,market/Stocks,.txt,8808,193
scl.us.txt,market/Stocks,.txt,152732,3202
pran.us.txt,market/Stocks,.txt,127252,3173
mlpz.us.txt,market/Stocks,.txt,10085,219
itek.us.txt,market/Stocks,.txt,28160,691
mlti.us.txt,market/Stocks,.txt,11961,261
emtl.us.txt,market/Stocks,.txt,18038,397
flco.us.txt,market/Stocks,.txt,7576,165
spne.us.txt,market/Stocks,.txt,25283,598
nml.us.txt,market/Stocks,.txt,56307,1170
bta.us.txt,market/Stocks,.txt,138275,2952
gwrs.us.txt,market/Stocks,.txt,17994,391
cybr.us.txt,market/Stocks,.txt,35253,792
dwac.us.txt,market/Stocks,.txt,6542,147
aten.us.txt,market/Stocks,.txt,37864,921
cnbka.us.txt,market/Stocks,.txt,143167,3076
pyt.us.txt,market/Stocks,.txt,67510,1459
pstb.us.txt,market/Stocks,.txt,101587,2129
usa.us.txt,market/Stocks,.txt,155393,3202
sbcp.us.txt,market/Stocks,.txt,33712,787
inn.us.txt,market/Stocks,.txt,82073,1698
esp.us.txt,market/Stocks,.txt,140409,3031
ngl_b.us.txt,market/Stocks,.txt,4621,104
vgfo.us.txt,market/Stocks,.txt,323,7
bam.us.txt,market/Stocks,.txt,156801,3202
stt_c.us.txt,market/Stocks,.txt,60303,1311
emes.us.txt,market/Stocks,.txt,51866,1139
vki.us.txt,market/Stocks,.txt,152221,3202
tap-a.us.txt,market/Stocks,.txt,616,14
mear.us.txt,market/Stocks,.txt,25070,545
msg.us.txt,market/Stocks,.txt,25985,542
ntrs.us.txt,market/Stocks,.txt,341305,6965
brfs.us.txt,market/Stocks,.txt,155556,3199
icbk.us.txt,market/Stocks,.txt,30831,667
any.us.txt,market/Stocks,.txt,35221,846
snfca.us.txt,market/Stocks,.txt,135844,2950
edbi.us.txt,market/Stocks,.txt,15166,331
emqq.us.txt,market/Stocks,.txt,34747,751
inod.us.txt,market/Stocks,.txt,125323,3202
tcbip.us.txt,market/Stocks,.txt,54291,1159
spok.us.txt,market/Stocks,.txt,153604,3202
utl.us.txt,market/Stocks,.txt,151156,3198
momo.us.txt,market/Stocks,.txt,32974,737
zkin.us.txt,market/Stocks,.txt,2026,51
gpro.us.txt,market/Stocks,.txt,37863,854
mcv.us.txt,market/Stocks,.txt,52458,1131
cuo.us.txt,market/Stocks,.txt,72313,1780
sqm.us.txt,market/Stocks,.txt,155517,3202
rfci.us.txt,market/Stocks,.txt,14761,323
tannl.us.txt,market/Stocks,.txt,15833,344
agncn.us.txt,market/Stocks,.txt,2460,55
eca.us.txt,market/Stocks,.txt,158852,3202
glu.us.txt,market/Stocks,.txt,150574,3201
xone.us.txt,market/Stocks,.txt,52154,1202
rbb.us.txt,market/Stocks,.txt,3695,78
tech.us.txt,market/Stocks,.txt,154765,3202
tcp.us.txt,market/Stocks,.txt,72103,1490
cbs.us.txt,market/Stocks,.txt,158871,3202
amg.us.txt,market/Stocks,.txt,155313,3202
cbshp.us.txt,market/Stocks,.txt,40001,850
ed.us.txt,market/Stocks,.txt,594464,12076
tgc.us.txt,market/Stocks,.txt,115386,3202
cof_g.us.txt,market/Stocks,.txt,14293,321
ait.us.txt,market/Stocks,.txt,155028,3202
hvbc.us.txt,market/Stocks,.txt,7881,180
ftft.us.txt,market/Stocks,.txt,92469,2253
tsbk.us.txt,market/Stocks,.txt,139979,3026
hifr.us.txt,market/Stocks,.txt,34061,704
xoxo.us.txt,market/Stocks,.txt,68551,1606
nmt.us.txt,market/Stocks,.txt,146818,3155
wtfc.us.txt,market/Stocks,.txt,155025,3202
fnlc.us.txt,market/Stocks,.txt,148437,3161
qxgg.us.txt,market/Stocks,.txt,8922,199
dova.us.txt,market/Stocks,.txt,4223,96
ntct.us.txt,market/Stocks,.txt,137850,3202
tcpc.us.txt,market/Stocks,.txt,67895,1413
hlf.us.txt,market/Stocks,.txt,153313,3202
lbtya.us.txt,market/Stocks,.txt,153317,3125
umh_c.us.txt,market/Stocks,.txt,3329,76
duk.us.txt,market/Stocks,.txt,428805,8727
cty.us.txt,market/Stocks,.txt,54029,1128
sn.us.txt,market/Stocks,.txt,64512,1487
wia.us.txt,market/Stocks,.txt,150774,3202
cvco.us.txt,market/Stocks,.txt,138471,3202
ktn.us.txt,market/Stocks,.txt,73770,1600
grx_a.us.txt,market/Stocks,.txt,73492,1623
dtys.us.txt,market/Stocks,.txt,79883,1827
bce.us.txt,market/Stocks,.txt,156355,3202
fmc.us.txt,market/Stocks,.txt,157381,3202
oasm.us.txt,market/Stocks,.txt,20738,456
aaxn.us.txt,market/Stocks,.txt,136154,3202
mgln.us.txt,market/Stocks,.txt,141316,3202
mlpb.us.txt,market/Stocks,.txt,530,12
cbmx.us.txt,market/Stocks,.txt,124131,3165
fsbc.us.txt,market/Stocks,.txt,12235,282
cwco.us.txt,market/Stocks,.txt,152304,3202
via.us.txt,market/Stocks,.txt,143226,3006
cce.us.txt,market/Stocks,.txt,382938,7806
acsi.us.txt,market/Stocks,.txt,11746,260
cresy.us.txt,market/Stocks,.txt,152966,3202
xina.us.txt,market/Stocks,.txt,1453,34
ffhg.us.txt,market/Stocks,.txt,5213,113
jbss.us.txt,market/Stocks,.txt,151576,3201
akts.us.txt,market/Stocks,.txt,6892,172
bwg.us.txt,market/Stocks,.txt,67890,1418
phii.us.txt,market/Stocks,.txt,100587,2463
rnr_e.us.txt,market/Stocks,.txt,50964,1124
sect.us.txt,market/Stocks,.txt,2268,49
erf.us.txt,market/Stocks,.txt,156683,3202
glog_a.us.txt,market/Stocks,.txt,28568,655
arci.us.txt,market/Stocks,.txt,117753,3033
bst.us.txt,market/Stocks,.txt,36753,767
orly.us.txt,market/Stocks,.txt,147926,3202
mynd.us.txt,market/Stocks,.txt,3463,86
axs.us.txt,market/Stocks,.txt,156474,3202
smpl.us.txt,market/Stocks,.txt,3919,89
saia.us.txt,market/Stocks,.txt,145774,3202
itub.us.txt,market/Stocks,.txt,160077,3202
chscp.us.txt,market/Stocks,.txt,85775,1819
rdy.us.txt,market/Stocks,.txt,155057,3202
nyv.us.txt,market/Stocks,.txt,99320,2129
eai.us.txt,market/Stocks,.txt,14471,313
vr_a.us.txt,market/Stocks,.txt,15738,357
cpac.us.txt,market/Stocks,.txt,65552,1428
fcal.us.txt,market/Stocks,.txt,2847,64
foxa.us.txt,market/Stocks,.txt,160407,3202
tax.us.txt,market/Stocks,.txt,63793,1348
rfi.us.txt,market/Stocks,.txt,151666,3202
psa_x.us.txt,market/Stocks,.txt,53547,1178
banc.us.txt,market/Stocks,.txt,73154,1539
bbk.us.txt,market/Stocks,.txt,150901,3202
ribt.us.txt,market/Stocks,.txt,39633,982
mer_p.us.txt,market/Stocks,.txt,84037,1820
foanc.us.txt,market/Stocks,.txt,630,14
mtr.us.txt,market/Stocks,.txt,149524,3193
cbk.us.txt,market/Stocks,.txt,142829,3202
enia.us.txt,market/Stocks,.txt,18196,391
mpa.us.txt,market/Stocks,.txt,149978,3202
cfx.us.txt,market/Stocks,.txt,105882,2398
asrv.us.txt,market/Stocks,.txt,148252,3157
cytx.us.txt,market/Stocks,.txt,129951,3153
nktr.us.txt,market/Stocks,.txt,139162,3199
lode.us.txt,market/Stocks,.txt,64411,1618
aray.us.txt,market/Stocks,.txt,110638,2712
imh.us.txt,market/Stocks,.txt,128197,3200
ete.us.txt,market/Stocks,.txt,146753,2966
bcrx.us.txt,market/Stocks,.txt,132819,3202
nhi.us.txt,market/Stocks,.txt,154508,3202
tlgt.us.txt,market/Stocks,.txt,119000,3054
mcn.us.txt,market/Stocks,.txt,153039,3202
dte.us.txt,market/Stocks,.txt,584996,12076
ohi.us.txt,market/Stocks,.txt,156898,3202
bbrx.us.txt,market/Stocks,.txt,0,0
rad.us.txt,market/Stocks,.txt,134063,3202
pnc-ws.us.txt,market/Stocks,.txt,77330,1819
bef.us.txt,market/Stocks,.txt,124,3
uitb.us.txt,market/Stocks,.txt,515,12
pjc.us.txt,market/Stocks,.txt,154333,3202
akba.us.txt,market/Stocks,.txt,39083,922
cef.us.txt,market/Stocks,.txt,155731,3202
tde.us.txt,market/Stocks,.txt,83114,1752
vkq.us.txt,market/Stocks,.txt,151890,3202
fb.us.txt,market/Stocks,.txt,66012,1382
ddt.us.txt,market/Stocks,.txt,85355,1819
tanh.us.txt,market/Stocks,.txt,27437,668
abbv.us.txt,market/Stocks,.txt,60973,1225
pei_d.us.txt,market/Stocks,.txt,1939,44
kors.us.txt,market/Stocks,.txt,67279,1486
hcn_i.us.txt,market/Stocks,.txt,77057,1681
cass.us.txt,market/Stocks,.txt,147925,3133
gs_n.us.txt,market/Stocks,.txt,19291,434
gdv_a.us.txt,market/Stocks,.txt,79303,1752
azul.us.txt,market/Stocks,.txt,6731,151
mdc.us.txt,market/Stocks,.txt,156522,3202
hasi.us.txt,market/Stocks,.txt,55673,1154
aqms.us.txt,market/Stocks,.txt,23965,577
cvi.us.txt,market/Stocks,.txt,123655,2534
jeq.us.txt,market/Stocks,.txt,150676,3202
cownl.us.txt,market/Stocks,.txt,31619,682
rl.us.txt,market/Stocks,.txt,156692,3202
mcb.us.txt,market/Stocks,.txt,172,4
dpz.us.txt,market/Stocks,.txt,155821,3202
pnnt.us.txt,market/Stocks,.txt,129293,2664
hiw.us.txt,market/Stocks,.txt,156585,3202
azo.us.txt,market/Stocks,.txt,304359,6707
stay.us.txt,market/Stocks,.txt,48983,1008
cqh.us.txt,market/Stocks,.txt,47207,987
acad.us.txt,market/Stocks,.txt,135988,3201
alsn.us.txt,market/Stocks,.txt,69738,1427
wcfb.us.txt,market/Stocks,.txt,11667,260
utx.us.txt,market/Stocks,.txt,601622,12073
bqh.us.txt,market/Stocks,.txt,145874,3147
wsfs.us.txt,market/Stocks,.txt,153207,3202
srdx.us.txt,market/Stocks,.txt,139245,3202
cbg.us.txt,market/Stocks,.txt,144259,3202
lho_j.us.txt,market/Stocks,.txt,16182,368
ams.us.txt,market/Stocks,.txt,115211,3022
nmfc.us.txt,market/Stocks,.txt,78123,1631
vlp.us.txt,market/Stocks,.txt,47547,989
sfe.us.txt,market/Stocks,.txt,136102,3202
rfta.us.txt,market/Stocks,.txt,37723,812
ac.us.txt,market/Stocks,.txt,22667,492
nomd.us.txt,market/Stocks,.txt,20070,465
vhc.us.txt,market/Stocks,.txt,118584,2873
spxc.us.txt,market/Stocks,.txt,155494,3202
slg_i.us.txt,market/Stocks,.txt,59717,1316
bbg.us.txt,market/Stocks,.txt,140562,3202
aldr.us.txt,market/Stocks,.txt,38916,888
egf.us.txt,market/Stocks,.txt,143673,3033
pteu.us.txt,market/Stocks,.txt,21116,475
mvin.us.txt,market/Stocks,.txt,7603,169
svt.us.txt,market/Stocks,.txt,118596,2574
tsu.us.txt,market/Stocks,.txt,155793,3202
ua.us.txt,market/Stocks,.txt,19162,414
life.us.txt,market/Stocks,.txt,25710,637
srg.us.txt,market/Stocks,.txt,28825,597
jpme.us.txt,market/Stocks,.txt,15048,333
ttwo.us.txt,market/Stocks,.txt,143354,3202
cve.us.txt,market/Stocks,.txt,98629,2005
rbpaa.us.txt,market/Stocks,.txt,124000,3116
centa.us.txt,market/Stocks,.txt,114440,2714
dsx_b.us.txt,market/Stocks,.txt,41393,937
rvt.us.txt,market/Stocks,.txt,154493,3202
mtrx.us.txt,market/Stocks,.txt,138702,3202
flex.us.txt,market/Stocks,.txt,257804,5952
gs_b.us.txt,market/Stocks,.txt,84301,1820
bolt.us.txt,market/Stocks,.txt,0,0
lxft.us.txt,market/Stocks,.txt,48046,1106
tdi.us.txt,market/Stocks,.txt,84686,1813
ifly.us.txt,market/Stocks,.txt,19438,419
sah.us.txt,market/Stocks,.txt,155216,3202
fn.us.txt,market/Stocks,.txt,82060,1861
tcap.us.txt,market/Stocks,.txt,130078,2706
ssti.us.txt,market/Stocks,.txt,4894,112
pphm.us.txt,market/Stocks,.txt,145711,3202
ubp_h.us.txt,market/Stocks,.txt,1594,36
nerv.us.txt,market/Stocks,.txt,34218,851
jhmc.us.txt,market/Stocks,.txt,18413,399
cadc.us.txt,market/Stocks,.txt,81757,2056
bml_i.us.txt,market/Stocks,.txt,84377,1820
kra.us.txt,market/Stocks,.txt,88223,1991
pfin.us.txt,market/Stocks,.txt,133410,2875
cnty.us.txt,market/Stocks,.txt,127133,3202
fmo.us.txt,market/Stocks,.txt,153630,3202
bpop.us.txt,market/Stocks,.txt,155530,3202
scx.us.txt,market/Stocks,.txt,148830,3195
cci.us.txt,market/Stocks,.txt,158346,3202
crme.us.txt,market/Stocks,.txt,131172,3201
zts.us.txt,market/Stocks,.txt,59760,1206
ver_f.us.txt,market/Stocks,.txt,25502,577
gmo.us.txt,market/Stocks,.txt,129044,3164
coty.us.txt,market/Stocks,.txt,54631,1115
xcra.us.txt,market/Stocks,.txt,132363,3203
bci.us.txt,market/Stocks,.txt,5785,131
irdm.us.txt,market/Stocks,.txt,96204,2365
eght.us.txt,market/Stocks,.txt,131868,3202
atai.us.txt,market/Stocks,.txt,110599,2373
cnce.us.txt,market/Stocks,.txt,41107,946
cpf.us.txt,market/Stocks,.txt,152566,3202
sb.us.txt,market/Stocks,.txt,111213,2384
lkor.us.txt,market/Stocks,.txt,20162,438
ctu.us.txt,market/Stocks,.txt,64542,1356
evlv.us.txt,market/Stocks,.txt,131496,3202
srev.us.txt,market/Stocks,.txt,69638,1669
eqt.us.txt,market/Stocks,.txt,157520,3202
btu.us.txt,market/Stocks,.txt,6949,155
payc.us.txt,market/Stocks,.txt,40158,904
all_f.us.txt,market/Stocks,.txt,37914,855
tat.us.txt,market/Stocks,.txt,113846,3022
akp.us.txt,market/Stocks,.txt,149684,3202
cs.us.txt,market/Stocks,.txt,157175,3202
rvrs.us.txt,market/Stocks,.txt,400,9
msex.us.txt,market/Stocks,.txt,152350,3202
cost.us.txt,market/Stocks,.txt,388109,7904
symx.us.txt,market/Stocks,.txt,114023,2862
por.us.txt,market/Stocks,.txt,142413,2926
eae.us.txt,market/Stocks,.txt,52498,1118
ssi.us.txt,market/Stocks,.txt,154918,3202
mar.us.txt,market/Stocks,.txt,298898,6066
wrlsr.us.txt,market/Stocks,.txt,1928,47
swz.us.txt,market/Stocks,.txt,151139,3202
smts.us.txt,market/Stocks,.txt,3435,86
csx.us.txt,market/Stocks,.txt,464450,9336
erj.us.txt,market/Stocks,.txt,156583,3202
nbev.us.txt,market/Stocks,.txt,7700,189
spmo.us.txt,market/Stocks,.txt,4470,99
evy.us.txt,market/Stocks,.txt,148974,3200
lea.us.txt,market/Stocks,.txt,98551,2017
oibr-c.us.txt,market/Stocks,.txt,27405,682
bsx.us.txt,market/Stocks,.txt,281459,6419
aphb.us.txt,market/Stocks,.txt,217211,5738
tleh.us.txt,market/Stocks,.txt,22211,480
gpacw.us.txt,market/Stocks,.txt,10687,262
glmd.us.txt,market/Stocks,.txt,37212,927
sho_e.us.txt,market/Stocks,.txt,17279,392
cubn.us.txt,market/Stocks,.txt,24647,532
rso_a.us.txt,market/Stocks,.txt,58044,1293
cic.us.txt,market/Stocks,.txt,755,19
ewus.us.txt,market/Stocks,.txt,57545,1242
dlb.us.txt,market/Stocks,.txt,155705,3202
cgix.us.txt,market/Stocks,.txt,47106,1161
amov.us.txt,market/Stocks,.txt,149387,3191
kequ.us.txt,market/Stocks,.txt,129170,2793
psb_w.us.txt,market/Stocks,.txt,11762,267
bwina.us.txt,market/Stocks,.txt,70914,1546
sir.us.txt,market/Stocks,.txt,69565,1433
cmp.us.txt,market/Stocks,.txt,155249,3202
ipas.us.txt,market/Stocks,.txt,129242,3202
npn.us.txt,market/Stocks,.txt,90936,1963
gcv.us.txt,market/Stocks,.txt,151982,3202
wyigu.us.txt,market/Stocks,.txt,7052,178
hefv.us.txt,market/Stocks,.txt,21446,475
iivi.us.txt,market/Stocks,.txt,143331,3202
agiil.us.txt,market/Stocks,.txt,60639,1289
wcg.us.txt,market/Stocks,.txt,143478,3202
bsjn.us.txt,market/Stocks,.txt,22876,490
ptnq.us.txt,market/Stocks,.txt,28576,612
srunw.us.txt,market/Stocks,.txt,5061,128
ceqp.us.txt,market/Stocks,.txt,153556,3202
mhf.us.txt,market/Stocks,.txt,152172,3202
pyds.us.txt,market/Stocks,.txt,23048,569
idxx.us.txt,market/Stocks,.txt,149450,3202
xene.us.txt,market/Stocks,.txt,30249,762
imos.us.txt,market/Stocks,.txt,80815,1687
pui.us.txt,market/Stocks,.txt,142419,3026
xtnt.us.txt,market/Stocks,.txt,65110,1685
dfs_b.us.txt,market/Stocks,.txt,58138,1268
kmg.us.txt,market/Stocks,.txt,148961,3151
flmb.us.txt,market/Stocks,.txt,161,4
nca.us.txt,market/Stocks,.txt,151291,3202
expe.us.txt,market/Stocks,.txt,153693,3102
c_l.us.txt,market/Stocks,.txt,42745,943
mobl.us.txt,market/Stocks,.txt,34809,863
twtr.us.txt,market/Stocks,.txt,46845,1012
hrb.us.txt,market/Stocks,.txt,383891,7815
spkep.us.txt,market/Stocks,.txt,7286,159
gmta.us.txt,market/Stocks,.txt,17690,376
smmv.us.txt,market/Stocks,.txt,13447,294
ango.us.txt,market/Stocks,.txt,140581,3202
oiim.us.txt,market/Stocks,.txt,129332,3202
kye.us.txt,market/Stocks,.txt,150338,3118
nsp.us.txt,market/Stocks,.txt,80920,1683
czwi.us.txt,market/Stocks,.txt,117458,2535
znh.us.txt,market/Stocks,.txt,150998,3180
cern.us.txt,market/Stocks,.txt,150974,3202
isze.us.txt,market/Stocks,.txt,1259,29
pico.us.txt,market/Stocks,.txt,138395,3202
stmp.us.txt,market/Stocks,.txt,140036,3202
wwe.us.txt,market/Stocks,.txt,154852,3202
incy.us.txt,market/Stocks,.txt,140999,3202
zyne.us.txt,market/Stocks,.txt,24708,575
iam.us.txt,market/Stocks,.txt,815,20
atv.us.txt,market/Stocks,.txt,109868,2556
enph.us.txt,market/Stocks,.txt,58535,1416
stks.us.txt,market/Stocks,.txt,24054,609
kblmu.us.txt,market/Stocks,.txt,3716,87
cmcsa.us.txt,market/Stocks,.txt,366786,7397
ppt.us.txt,market/Stocks,.txt,154840,3202
uza.us.txt,market/Stocks,.txt,77457,1635
nbo.us.txt,market/Stocks,.txt,149089,3202
huntw.us.txt,market/Stocks,.txt,4966,123
soda.us.txt,market/Stocks,.txt,78417,1767
hta.us.txt,market/Stocks,.txt,66766,1370
tslf.us.txt,market/Stocks,.txt,49601,1046
ipdn.us.txt,market/Stocks,.txt,44702,1108
nus.us.txt,market/Stocks,.txt,155978,3202
awre.us.txt,market/Stocks,.txt,144643,3194
igem.us.txt,market/Stocks,.txt,229,5
csbr.us.txt,market/Stocks,.txt,18572,467
pgh.us.txt,market/Stocks,.txt,137231,2844
ns_a.us.txt,market/Stocks,.txt,10668,240
gbx.us.txt,market/Stocks,.txt,154826,3202
eml.us.txt,market/Stocks,.txt,143239,3067
cvlt.us.txt,market/Stocks,.txt,124009,2806
onsiw.us.txt,market/Stocks,.txt,12573,291
hvt-a.us.txt,market/Stocks,.txt,41761,924
fbiz.us.txt,market/Stocks,.txt,111344,2381
whfbl.us.txt,market/Stocks,.txt,41946,905
dyn.us.txt,market/Stocks,.txt,285598,5951
mndo.us.txt,market/Stocks,.txt,153324,3196
ffwm.us.txt,market/Stocks,.txt,33189,755
vrx.us.txt,market/Stocks,.txt,146356,3202
ftxh.us.txt,market/Stocks,.txt,7618,166
epam.us.txt,market/Stocks,.txt,64050,1450
mne.us.txt,market/Stocks,.txt,147409,3187
tzoo.us.txt,market/Stocks,.txt,137117,3202
hdp.us.txt,market/Stocks,.txt,32254,736
crvp.us.txt,market/Stocks,.txt,120659,3089
ensv.us.txt,market/Stocks,.txt,175231,4236
xbit.us.txt,market/Stocks,.txt,27595,653
jout.us.txt,market/Stocks,.txt,145370,3096
glbs.us.txt,market/Stocks,.txt,71704,1734
pcg_a.us.txt,market/Stocks,.txt,78700,1750
cool.us.txt,market/Stocks,.txt,147206,3200
hewi.us.txt,market/Stocks,.txt,26422,570
faf.us.txt,market/Stocks,.txt,91513,1883
dnr.us.txt,market/Stocks,.txt,154510,3202
tnc.us.txt,market/Stocks,.txt,153247,3202
dlbl.us.txt,market/Stocks,.txt,259,6
batrk.us.txt,market/Stocks,.txt,17636,399
hhyx.us.txt,market/Stocks,.txt,3426,75
ipcc.us.txt,market/Stocks,.txt,152750,3202
bks.us.txt,market/Stocks,.txt,157086,3202
enr.us.txt,market/Stocks,.txt,157798,3202
trox.us.txt,market/Stocks,.txt,66472,1362
ecyt.us.txt,market/Stocks,.txt,70709,1703
mfdx.us.txt,market/Stocks,.txt,2111,48
ipgp.us.txt,market/Stocks,.txt,128993,2749
sce_k.us.txt,market/Stocks,.txt,18748,425
isl.us.txt,market/Stocks,.txt,149048,3181
ears.us.txt,market/Stocks,.txt,33588,826
gut_a.us.txt,market/Stocks,.txt,65883,1458
ptla.us.txt,market/Stocks,.txt,50284,1130
flxn.us.txt,market/Stocks,.txt,41713,947
tgp_b.us.txt,market/Stocks,.txt,624,14
kwn-cl.us.txt,market/Stocks,.txt,1179,26
geccl.us.txt,market/Stocks,.txt,1443,33
gm-ws-b.us.txt,market/Stocks,.txt,30030,682
r.us.txt,market/Stocks,.txt,463386,9551
rhp.us.txt,market/Stocks,.txt,155733,3202
nwpx.us.txt,market/Stocks,.txt,138312,3202
lbrdk.us.txt,market/Stocks,.txt,33988,761
agrx.us.txt,market/Stocks,.txt,35269,877
gbt.us.txt,market/Stocks,.txt,25011,570
jpm_b.us.txt,market/Stocks,.txt,42991,950
vlgea.us.txt,market/Stocks,.txt,148213,3141
rspp.us.txt,market/Stocks,.txt,43565,964
brkl.us.txt,market/Stocks,.txt,154754,3202
taco.us.txt,market/Stocks,.txt,35818,838
tmq.us.txt,market/Stocks,.txt,56865,1393
hair.us.txt,market/Stocks,.txt,934,23
ke.us.txt,market/Stocks,.txt,32586,762
ffg.us.txt,market/Stocks,.txt,152772,3202
ivac.us.txt,market/Stocks,.txt,132592,3201
dis.us.txt,market/Stocks,.txt,600954,12073
clr.us.txt,market/Stocks,.txt,123265,2646
usak.us.txt,market/Stocks,.txt,135368,3198
xpo.us.txt,market/Stocks,.txt,131915,3198
cha.us.txt,market/Stocks,.txt,152849,3197
htm.us.txt,market/Stocks,.txt,120981,3070
nauh.us.txt,market/Stocks,.txt,97450,2069
agu.us.txt,market/Stocks,.txt,157091,3202
acxm.us.txt,market/Stocks,.txt,141342,3202
ddez.us.txt,market/Stocks,.txt,18974,431
ppx.us.txt,market/Stocks,.txt,55721,1176
rbcn.us.txt,market/Stocks,.txt,101207,2516
vsat.us.txt,market/Stocks,.txt,141388,3202
kaacw.us.txt,market/Stocks,.txt,3041,78
ltrpb.us.txt,market/Stocks,.txt,1791,45
sce_g.us.txt,market/Stocks,.txt,54588,1205
emkr.us.txt,market/Stocks,.txt,152089,3202
tisi.us.txt,market/Stocks,.txt,139210,3201
lh.us.txt,market/Stocks,.txt,146628,3202
axgn.us.txt,market/Stocks,.txt,246453,6017
nsys.us.txt,market/Stocks,.txt,95807,2508
cuda.us.txt,market/Stocks,.txt,44866,1013
pulm.us.txt,market/Stocks,.txt,37771,919
vymi.us.txt,market/Stocks,.txt,20319,430
col.us.txt,market/Stocks,.txt,201329,4116
gnmk.us.txt,market/Stocks,.txt,77769,1880
nen.us.txt,market/Stocks,.txt,108660,2355
vamo.us.txt,market/Stocks,.txt,22757,495
psf.us.txt,market/Stocks,.txt,83379,1752
bxp.us.txt,market/Stocks,.txt,157190,3202
chnr.us.txt,market/Stocks,.txt,124628,3101
dyb.us.txt,market/Stocks,.txt,16567,370
jblu.us.txt,market/Stocks,.txt,138796,3202
axta.us.txt,market/Stocks,.txt,34212,757
stlr.us.txt,market/Stocks,.txt,3801,91
cinr.us.txt,market/Stocks,.txt,24118,508
cxp.us.txt,market/Stocks,.txt,50082,1032
ftxd.us.txt,market/Stocks,.txt,4436,97
mni.us.txt,market/Stocks,.txt,128157,3202
gmfl.us.txt,market/Stocks,.txt,3909,86
spdw.us.txt,market/Stocks,.txt,125781,2643
apei.us.txt,market/Stocks,.txt,110174,2521
etmw.us.txt,market/Stocks,.txt,218,5
bhac.us.txt,market/Stocks,.txt,3609,83
wtw.us.txt,market/Stocks,.txt,151181,3202
vno_i.us.txt,market/Stocks,.txt,83388,1820
sens.us.txt,market/Stocks,.txt,17521,438
lly.us.txt,market/Stocks,.txt,447696,9045
ewbc.us.txt,market/Stocks,.txt,156698,3202
drad.us.txt,market/Stocks,.txt,151507,3197
micr.us.txt,market/Stocks,.txt,131491,3046
ftf.us.txt,market/Stocks,.txt,151741,3202
uone.us.txt,market/Stocks,.txt,113100,2883
tmhc.us.txt,market/Stocks,.txt,51707,1160
adom.us.txt,market/Stocks,.txt,4453,106
wbiy.us.txt,market/Stocks,.txt,10470,225
land.us.txt,market/Stocks,.txt,56927,1209
bio.us.txt,market/Stocks,.txt,145928,3202
snap.us.txt,market/Stocks,.txt,8281,179
ctbb.us.txt,market/Stocks,.txt,14463,309
ulvm.us.txt,market/Stocks,.txt,531,12
vtvt.us.txt,market/Stocks,.txt,23175,579
smm.us.txt,market/Stocks,.txt,65539,1377
mpct.us.txt,market/Stocks,.txt,14632,321
halo.us.txt,market/Stocks,.txt,133054,3202
opb.us.txt,market/Stocks,.txt,41650,903
nx.us.txt,market/Stocks,.txt,116829,2415
htbx.us.txt,market/Stocks,.txt,44726,1087
cio.us.txt,market/Stocks,.txt,42563,904
meip.us.txt,market/Stocks,.txt,125189,3186
prh.us.txt,market/Stocks,.txt,55879,1173
gsk.us.txt,market/Stocks,.txt,158562,3202
spgi.us.txt,market/Stocks,.txt,401306,8161
uuuu.us.txt,market/Stocks,.txt,39791,994
conn.us.txt,market/Stocks,.txt,139195,3202
schl.us.txt,market/Stocks,.txt,155118,3202
dltr.us.txt,market/Stocks,.txt,267605,5710
amrhw.us.txt,market/Stocks,.txt,0,0
xec.us.txt,market/Stocks,.txt,156993,3202
tbnk.us.txt,market/Stocks,.txt,99705,2102
ptmc.us.txt,market/Stocks,.txt,28592,612
pag.us.txt,market/Stocks,.txt,155980,3202
feng.us.txt,market/Stocks,.txt,66275,1637
hdaw.us.txt,market/Stocks,.txt,14281,314
bpfh.us.txt,market/Stocks,.txt,155494,3202
aav.us.txt,market/Stocks,.txt,131821,3200
tkr.us.txt,market/Stocks,.txt,156699,3202
bhacu.us.txt,market/Stocks,.txt,484,12
fork.us.txt,market/Stocks,.txt,18895,489
cubi_c.us.txt,market/Stocks,.txt,24739,572
vrtx.us.txt,market/Stocks,.txt,146160,3200
aee.us.txt,market/Stocks,.txt,245350,4996
nev.us.txt,market/Stocks,.txt,97102,2049
neot.us.txt,market/Stocks,.txt,31163,751
zion.us.txt,market/Stocks,.txt,337448,6929
hdsn.us.txt,market/Stocks,.txt,125703,3177
amzn.us.txt,market/Stocks,.txt,238991,5154
usb_a.us.txt,market/Stocks,.txt,34599,792
kbal.us.txt,market/Stocks,.txt,332214,6953
hfxi.us.txt,market/Stocks,.txt,26572,567
xela.us.txt,market/Stocks,.txt,13513,341
epay.us.txt,market/Stocks,.txt,140024,3202
cxh.us.txt,market/Stocks,.txt,150362,3201
psmg.us.txt,market/Stocks,.txt,6595,148
cys_b.us.txt,market/Stocks,.txt,51689,1144
oild.us.txt,market/Stocks,.txt,7158,160
sify.us.txt,market/Stocks,.txt,153496,3202
wvvi.us.txt,market/Stocks,.txt,120556,3124
kodk-ws.us.txt,market/Stocks,.txt,17608,455
wac.us.txt,market/Stocks,.txt,144202,3200
ubfo.us.txt,market/Stocks,.txt,144084,3083
fbnc.us.txt,market/Stocks,.txt,151866,3202
pfgc.us.txt,market/Stocks,.txt,23331,535
ads.us.txt,market/Stocks,.txt,156331,3202
deus.us.txt,market/Stocks,.txt,19620,420
aapl.us.txt,market/Stocks,.txt,428286,8365
cot.us.txt,market/Stocks,.txt,155166,3202
xgti.us.txt,market/Stocks,.txt,42701,1089
vac.us.txt,market/Stocks,.txt,72901,1502
iclr.us.txt,market/Stocks,.txt,141408,3202
hmsy.us.txt,market/Stocks,.txt,146206,3202
cohu.us.txt,market/Stocks,.txt,152848,3202
pmom.us.txt,market/Stocks,.txt,128,3
igz.us.txt,market/Stocks,.txt,262,6
spar.us.txt,market/Stocks,.txt,153022,3201
clns_d.us.txt,market/Stocks,.txt,9315,211
arkk.us.txt,market/Stocks,.txt,34306,754
dmri.us.txt,market/Stocks,.txt,259,6
flhk.us.txt,market/Stocks,.txt,120,3
goodm.us.txt,market/Stocks,.txt,16268,354
stot.us.txt,market/Stocks,.txt,18350,400
qts.us.txt,market/Stocks,.txt,49841,1033
ssw_d.us.txt,market/Stocks,.txt,55528,1233
fftg.us.txt,market/Stocks,.txt,402,9
hci.us.txt,market/Stocks,.txt,108851,2285
inva.us.txt,market/Stocks,.txt,153010,3197
znwaa.us.txt,market/Stocks,.txt,0,0
blj.us.txt,market/Stocks,.txt,145159,3150
bcov.us.txt,market/Stocks,.txt,59638,1445
watt.us.txt,market/Stocks,.txt,38927,916
pco.us.txt,market/Stocks,.txt,62058,1589
spg_j.us.txt,market/Stocks,.txt,65867,1484
gbl.us.txt,market/Stocks,.txt,152579,3202
obsv.us.txt,market/Stocks,.txt,8323,202
emx.us.txt,market/Stocks,.txt,58801,1456
usas.us.txt,market/Stocks,.txt,8444,208
hpf.us.txt,market/Stocks,.txt,152662,3202
rmbs.us.txt,market/Stocks,.txt,141343,3202
cece.us.txt,market/Stocks,.txt,152416,3202
iova.us.txt,market/Stocks,.txt,58587,1576
ftrpr.us.txt,market/Stocks,.txt,29221,614
agm.us.txt,market/Stocks,.txt,152889,3202
chy.us.txt,market/Stocks,.txt,154892,3202
on.us.txt,market/Stocks,.txt,136558,3202
fdlo.us.txt,market/Stocks,.txt,13578,292
elecu.us.txt,market/Stocks,.txt,9063,222
arh_c.us.txt,market/Stocks,.txt,64259,1410
ggt_e.us.txt,market/Stocks,.txt,1352,32
gdo.us.txt,market/Stocks,.txt,95680,2007
agtc.us.txt,market/Stocks,.txt,38588,917
fntew.us.txt,market/Stocks,.txt,2744,71
ibio.us.txt,market/Stocks,.txt,89586,2219
bcacw.us.txt,market/Stocks,.txt,1086,27
wso-b.us.txt,market/Stocks,.txt,1110,25
omcl.us.txt,market/Stocks,.txt,139922,3202
aan.us.txt,market/Stocks,.txt,155628,3202
mxc.us.txt,market/Stocks,.txt,118020,3047
ari_c.us.txt,market/Stocks,.txt,13571,302
brid.us.txt,market/Stocks,.txt,92117,2324
gss.us.txt,market/Stocks,.txt,134257,3202
phiik.us.txt,market/Stocks,.txt,136471,3174
gimo.us.txt,market/Stocks,.txt,49181,1116
spcb.us.txt,market/Stocks,.txt,42501,1047
esdiw.us.txt,market/Stocks,.txt,1926,49
gpmtw.us.txt,market/Stocks,.txt,330,8
dwld.us.txt,market/Stocks,.txt,8501,189
fss.us.txt,market/Stocks,.txt,155269,3202
cbsh.us.txt,market/Stocks,.txt,155569,3202
cyou.us.txt,market/Stocks,.txt,99284,2171
mkl.us.txt,market/Stocks,.txt,145539,3202
ara.us.txt,market/Stocks,.txt,17452,396
uht.us.txt,market/Stocks,.txt,152428,3202
pba.us.txt,market/Stocks,.txt,68679,1415
sgrp.us.txt,market/Stocks,.txt,103530,2685
calm.us.txt,market/Stocks,.txt,153453,3202
rif.us.txt,market/Stocks,.txt,136071,2887
gudb.us.txt,market/Stocks,.txt,381,9
ande.us.txt,market/Stocks,.txt,154763,3202
isns.us.txt,market/Stocks,.txt,123716,3100
afc.us.txt,market/Stocks,.txt,85933,1819
fcb.us.txt,market/Stocks,.txt,36123,829
dusa.us.txt,market/Stocks,.txt,8443,189
rmgn.us.txt,market/Stocks,.txt,48564,1222
ocrx.us.txt,market/Stocks,.txt,69713,1647
tops.us.txt,market/Stocks,.txt,77714,1551
cmd.us.txt,market/Stocks,.txt,154305,3202
hqh.us.txt,market/Stocks,.txt,154131,3202
desp.us.txt,market/Stocks,.txt,1697,39
sif.us.txt,market/Stocks,.txt,137521,3052
svra.us.txt,market/Stocks,.txt,128688,3202
mfus.us.txt,market/Stocks,.txt,1894,43
nmk_b.us.txt,market/Stocks,.txt,25119,587
gpm.us.txt,market/Stocks,.txt,147677,3076
gldd.us.txt,market/Stocks,.txt,135364,3016
wbia.us.txt,market/Stocks,.txt,37770,809
link.us.txt,market/Stocks,.txt,34037,915
mos.us.txt,market/Stocks,.txt,158399,3202
gsum.us.txt,market/Stocks,.txt,12297,288
dgly.us.txt,market/Stocks,.txt,115691,2893
aaba.us.txt,market/Stocks,.txt,246552,5435
zn.us.txt,market/Stocks,.txt,108954,2736
shpg.us.txt,market/Stocks,.txt,156257,3202
valu.us.txt,market/Stocks,.txt,143040,3084
efax.us.txt,market/Stocks,.txt,8181,180
sblk.us.txt,market/Stocks,.txt,128543,2950
antx.us.txt,market/Stocks,.txt,30155,631
ingr.us.txt,market/Stocks,.txt,155850,3202
fdc.us.txt,market/Stocks,.txt,23980,525
mgen.us.txt,market/Stocks,.txt,34902,854
towr.us.txt,market/Stocks,.txt,85450,1780
sjt.us.txt,market/Stocks,.txt,154703,3202
tkf.us.txt,market/Stocks,.txt,331629,6993
idlb.us.txt,market/Stocks,.txt,21717,467
lsbk.us.txt,market/Stocks,.txt,81552,1764
pvbc.us.txt,market/Stocks,.txt,24069,573
peb_d.us.txt,market/Stocks,.txt,14113,322
rng.us.txt,market/Stocks,.txt,45781,1041
wdr.us.txt,market/Stocks,.txt,157053,3202
nsh.us.txt,market/Stocks,.txt,137945,2855
eod.us.txt,market/Stocks,.txt,129480,2679
mtb-ws.us.txt,market/Stocks,.txt,28543,713
tmk_c.us.txt,market/Stocks,.txt,17986,406
blkb.us.txt,market/Stocks,.txt,155143,3202
hbk.us.txt,market/Stocks,.txt,41693,1004
cnmd.us.txt,market/Stocks,.txt,154513,3202
ftr.us.txt,market/Stocks,.txt,156270,3202
frc_g.us.txt,market/Stocks,.txt,19503,443
vtc.us.txt,market/Stocks,.txt,127,3
mlm.us.txt,market/Stocks,.txt,155831,3202
mofg.us.txt,market/Stocks,.txt,114516,2447
airg.us.txt,market/Stocks,.txt,13799,317
extn.us.txt,market/Stocks,.txt,22661,510
nite.us.txt,market/Stocks,.txt,1426,33
nl.us.txt,market/Stocks,.txt,143010,3202
fcn.us.txt,market/Stocks,.txt,142156,3202
natr.us.txt,market/Stocks,.txt,141986,3035
cphc.us.txt,market/Stocks,.txt,128779,2819
iosp.us.txt,market/Stocks,.txt,153164,3202
dhi.us.txt,market/Stocks,.txt,158411,3202
cplp.us.txt,market/Stocks,.txt,129663,2677
tlk.us.txt,market/Stocks,.txt,155335,3202
wgl.us.txt,market/Stocks,.txt,155447,3202
npv.us.txt,market/Stocks,.txt,149804,3197
cala.us.txt,market/Stocks,.txt,32430,786
macq.us.txt,market/Stocks,.txt,2743,64
ehi.us.txt,market/Stocks,.txt,154276,3202
cfms.us.txt,market/Stocks,.txt,25016,599
abr_c.us.txt,market/Stocks,.txt,37050,833
navb.us.txt,market/Stocks,.txt,62014,1474
soi.us.txt,market/Stocks,.txt,5738,129
creg.us.txt,market/Stocks,.txt,107967,2930
hst.us.txt,market/Stocks,.txt,159482,3202
ucfc.us.txt,market/Stocks,.txt,151771,3199
ares_a.us.txt,market/Stocks,.txt,16008,358
ulti.us.txt,market/Stocks,.txt,146007,3202
enj.us.txt,market/Stocks,.txt,53460,1157
bkk.us.txt,market/Stocks,.txt,151609,3202
iipr.us.txt,market/Stocks,.txt,11325,240
cmo_e.us.txt,market/Stocks,.txt,51237,1133
fnwb.us.txt,market/Stocks,.txt,30153,697
gem.us.txt,market/Stocks,.txt,25420,535
alim.us.txt,market/Stocks,.txt,76657,1905
box.us.txt,market/Stocks,.txt,31743,709
asc.us.txt,market/Stocks,.txt,49111,1081
epr_f.us.txt,market/Stocks,.txt,56703,1257
usb_m.us.txt,market/Stocks,.txt,66978,1458
tyg.us.txt,market/Stocks,.txt,153669,3202
qsr.us.txt,market/Stocks,.txt,35973,738
hfxe.us.txt,market/Stocks,.txt,20712,445
awp.us.txt,market/Stocks,.txt,54043,1114
cinf.us.txt,market/Stocks,.txt,337971,6963
yten.us.txt,market/Stocks,.txt,110708,2771
aytu.us.txt,market/Stocks,.txt,703,17
clf.us.txt,market/Stocks,.txt,153287,3202
pbnd.us.txt,market/Stocks,.txt,1360,32
hpj.us.txt,market/Stocks,.txt,92619,2351
ascma.us.txt,market/Stocks,.txt,100097,2306
xth.us.txt,market/Stocks,.txt,7427,164
chu.us.txt,market/Stocks,.txt,154912,3198
hty.us.txt,market/Stocks,.txt,121002,2553
f.us.txt,market/Stocks,.txt,519403,10306
pgp.us.txt,market/Stocks,.txt,149455,3140
gbdc.us.txt,market/Stocks,.txt,91154,1911
powi.us.txt,market/Stocks,.txt,154804,3202
exfo.us.txt,market/Stocks,.txt,125675,3197
eig.us.txt,market/Stocks,.txt,131347,2718
kim_k.us.txt,market/Stocks,.txt,56097,1239
anat.us.txt,market/Stocks,.txt,151057,3198
iroq.us.txt,market/Stocks,.txt,56621,1226
mdly.us.txt,market/Stocks,.txt,37130,792
rily.us.txt,market/Stocks,.txt,23900,515
hgv.us.txt,market/Stocks,.txt,9696,217
jhb.us.txt,market/Stocks,.txt,13791,308
mmc.us.txt,market/Stocks,.txt,370072,7530
ssw_h.us.txt,market/Stocks,.txt,13892,314
ms_f.us.txt,market/Stocks,.txt,44476,987
jxsb.us.txt,market/Stocks,.txt,61816,1349
nbw.us.txt,market/Stocks,.txt,148959,3200
fce-a.us.txt,market/Stocks,.txt,88663,1820
eqbk.us.txt,market/Stocks,.txt,21708,506
ppl.us.txt,market/Stocks,.txt,403435,8218
ice.us.txt,market/Stocks,.txt,149624,3019
clns_h.us.txt,market/Stocks,.txt,9462,212
hiiq.us.txt,market/Stocks,.txt,49950,1201
spem.us.txt,market/Stocks,.txt,126741,2681
arkg.us.txt,market/Stocks,.txt,33291,759
fibr.us.txt,market/Stocks,.txt,29020,630
alp_q.us.txt,market/Stocks,.txt,1989,45
rlgt.us.txt,market/Stocks,.txt,57646,1462
ousa.us.txt,market/Stocks,.txt,28181,591
emms.us.txt,market/Stocks,.txt,129519,3202
pfh.us.txt,market/Stocks,.txt,83676,1793
vgz.us.txt,market/Stocks,.txt,130225,3202
leds.us.txt,market/Stocks,.txt,67022,1742
bkyi.us.txt,market/Stocks,.txt,3191,79
fcx.us.txt,market/Stocks,.txt,278046,5628
mitl.us.txt,market/Stocks,.txt,77205,1906
afst.us.txt,market/Stocks,.txt,25518,544
penn.us.txt,market/Stocks,.txt,153702,3202
cim.us.txt,market/Stocks,.txt,123491,2516
adxs.us.txt,market/Stocks,.txt,112755,2955
kmi.us.txt,market/Stocks,.txt,84831,1698
rgld.us.txt,market/Stocks,.txt,155822,3202
vno_k.us.txt,market/Stocks,.txt,61023,1338
ifn.us.txt,market/Stocks,.txt,154879,3202
mhh.us.txt,market/Stocks,.txt,92919,2114
ftd.us.txt,market/Stocks,.txt,44837,1013
crtn.us.txt,market/Stocks,.txt,117175,3011
irl.us.txt,market/Stocks,.txt,150361,3201
mmyt.us.txt,market/Stocks,.txt,79839,1828
driow.us.txt,market/Stocks,.txt,11019,282
sigm.us.txt,market/Stocks,.txt,134581,3202
inpx.us.txt,market/Stocks,.txt,56650,1235
kbwd.us.txt,market/Stocks,.txt,83241,1745
afty.us.txt,market/Stocks,.txt,27105,592
ftnt.us.txt,market/Stocks,.txt,91053,2011
aat.us.txt,market/Stocks,.txt,83076,1718
hrl.us.txt,market/Stocks,.txt,157950,3202
hdef.us.txt,market/Stocks,.txt,12271,270
bhacw.us.txt,market/Stocks,.txt,18231,425
rdwr.us.txt,market/Stocks,.txt,141312,3202
md.us.txt,market/Stocks,.txt,147448,3202
aeg.us.txt,market/Stocks,.txt,156477,3202
iep.us.txt,market/Stocks,.txt,152553,3202
iac.us.txt,market/Stocks,.txt,305139,6246
avh.us.txt,market/Stocks,.txt,48705,1013
hep.us.txt,market/Stocks,.txt,153689,3202
schn.us.txt,market/Stocks,.txt,155766,3202
fsi.us.txt,market/Stocks,.txt,122513,3164
egan.us.txt,market/Stocks,.txt,60424,1529
zx.us.txt,market/Stocks,.txt,65570,1621
uctt.us.txt,market/Stocks,.txt,131237,3201
snss.us.txt,market/Stocks,.txt,70249,1678
opof.us.txt,market/Stocks,.txt,126917,2759
arkq.us.txt,market/Stocks,.txt,35049,775
pti.us.txt,market/Stocks,.txt,18797,444
eqfn.us.txt,market/Stocks,.txt,16736,421
kaacu.us.txt,market/Stocks,.txt,5680,140
mmu.us.txt,market/Stocks,.txt,152951,3202
plow.us.txt,market/Stocks,.txt,90843,1897
xivh.us.txt,market/Stocks,.txt,11865,272
ntla.us.txt,market/Stocks,.txt,17212,385
cutr.us.txt,market/Stocks,.txt,133999,3202
ston.us.txt,market/Stocks,.txt,152284,3202
nymto.us.txt,market/Stocks,.txt,29636,638
p.us.txt,market/Stocks,.txt,72114,1614
anab.us.txt,market/Stocks,.txt,8892,203
wrb_c.us.txt,market/Stocks,.txt,18997,430
wft.us.txt,market/Stocks,.txt,144804,3202
dmb.us.txt,market/Stocks,.txt,54207,1148
save.us.txt,market/Stocks,.txt,72649,1627
ocsl.us.txt,market/Stocks,.txt,116238,2374
mbin.us.txt,market/Stocks,.txt,524,12
lksd.us.txt,market/Stocks,.txt,13396,281
aumn.us.txt,market/Stocks,.txt,87420,2116
orcl.us.txt,market/Stocks,.txt,382575,7487
jdiv.us.txt,market/Stocks,.txt,87,2
jasnw.us.txt,market/Stocks,.txt,35289,846
wve.us.txt,market/Stocks,.txt,21487,506
tnav.us.txt,market/Stocks,.txt,75543,1891
aib-cl.us.txt,market/Stocks,.txt,1347,31
neon.us.txt,market/Stocks,.txt,56360,1394
ahpa.us.txt,market/Stocks,.txt,3966,103
cnob.us.txt,market/Stocks,.txt,150489,3195
sxc.us.txt,market/Stocks,.txt,73718,1589
acglo.us.txt,market/Stocks,.txt,2640,60
awf.us.txt,market/Stocks,.txt,154102,3202
lila.us.txt,market/Stocks,.txt,26596,600
mnk.us.txt,market/Stocks,.txt,50241,1101
saft.us.txt,market/Stocks,.txt,152909,3202
hcrf.us.txt,market/Stocks,.txt,16165,360
nrp.us.txt,market/Stocks,.txt,152169,3202
inn_d.us.txt,market/Stocks,.txt,14839,333
trov.us.txt,market/Stocks,.txt,55523,1374
qdel.us.txt,market/Stocks,.txt,140690,3202
dcph.us.txt,market/Stocks,.txt,1459,33
sce_e.us.txt,market/Stocks,.txt,65113,1452
unm.us.txt,market/Stocks,.txt,383589,7818
ppbi.us.txt,market/Stocks,.txt,126228,3090
usfd.us.txt,market/Stocks,.txt,16717,371
adi.us.txt,market/Stocks,.txt,413379,8399
fulll.us.txt,market/Stocks,.txt,40116,872
hy.us.txt,market/Stocks,.txt,61163,1287
eyeg.us.txt,market/Stocks,.txt,25716,646
rds-b.us.txt,market/Stocks,.txt,89310,1820
crbp.us.txt,market/Stocks,.txt,25908,652
hpp.us.txt,market/Stocks,.txt,90154,1862
ach.us.txt,market/Stocks,.txt,144855,3190
lbdc.us.txt,market/Stocks,.txt,12158,265
til.us.txt,market/Stocks,.txt,17826,458
tchf.us.txt,market/Stocks,.txt,15876,354
slm.us.txt,market/Stocks,.txt,367933,7525
aaww.us.txt,market/Stocks,.txt,137699,3163
gfi.us.txt,market/Stocks,.txt,325207,6687
wbk.us.txt,market/Stocks,.txt,153618,3196
tblu.us.txt,market/Stocks,.txt,8319,186
emn.us.txt,market/Stocks,.txt,295728,6021
jhx.us.txt,market/Stocks,.txt,144107,3075
cmssr.us.txt,market/Stocks,.txt,242,6
gdvd.us.txt,market/Stocks,.txt,5819,130
kblmw.us.txt,market/Stocks,.txt,1698,43
ebmt.us.txt,market/Stocks,.txt,88805,1946
rrgb.us.txt,market/Stocks,.txt,141154,3202
uzc.us.txt,market/Stocks,.txt,23451,496
himx.us.txt,market/Stocks,.txt,143077,2927
refa.us.txt,market/Stocks,.txt,3746,85
pfsw.us.txt,market/Stocks,.txt,128372,3200
sbna.us.txt,market/Stocks,.txt,39913,862
huntu.us.txt,market/Stocks,.txt,4674,113
sb_c.us.txt,market/Stocks,.txt,37489,862
bita.us.txt,market/Stocks,.txt,74940,1757
dnp.us.txt,market/Stocks,.txt,155092,3202
cnxr.us.txt,market/Stocks,.txt,29861,727
oxlc.us.txt,market/Stocks,.txt,80868,1698
gvip.us.txt,market/Stocks,.txt,12019,258
smhi.us.txt,market/Stocks,.txt,5005,114
llqd.us.txt,market/Stocks,.txt,1216,27
afhbl.us.txt,market/Stocks,.txt,3706,85
efsc.us.txt,market/Stocks,.txt,151399,3197
nvo.us.txt,market/Stocks,.txt,156666,3202
ptlc.us.txt,market/Stocks,.txt,28635,612
gut_c.us.txt,market/Stocks,.txt,15932,353
pdt.us.txt,market/Stocks,.txt,153838,3202
bac-ws-a.us.txt,market/Stocks,.txt,28709,682
bntcw.us.txt,market/Stocks,.txt,7242,184
oas.us.txt,market/Stocks,.txt,83543,1867
adms.us.txt,market/Stocks,.txt,39985,907
wpg_i.us.txt,market/Stocks,.txt,27836,647
vvi.us.txt,market/Stocks,.txt,153641,3202
snv_c.us.txt,market/Stocks,.txt,48015,1074
csra.us.txt,market/Stocks,.txt,24469,503
swch.us.txt,market/Stocks,.txt,1203,27
pcg_c.us.txt,market/Stocks,.txt,42116,947
rgnx.us.txt,market/Stocks,.txt,23504,545
fiee.us.txt,market/Stocks,.txt,19733,426
arlp.us.txt,market/Stocks,.txt,155028,3202
lng.us.txt,market/Stocks,.txt,139259,3202
mfsf.us.txt,market/Stocks,.txt,139132,2991
mhd.us.txt,market/Stocks,.txt,150733,3202
sovb.us.txt,market/Stocks,.txt,18649,406
stnl.us.txt,market/Stocks,.txt,0,0
occ.us.txt,market/Stocks,.txt,69781,1575
ntip.us.txt,market/Stocks,.txt,34885,746
tpgh-ws.us.txt,market/Stocks,.txt,588,15
puk.us.txt,market/Stocks,.txt,154448,3202
vno_g.us.txt,market/Stocks,.txt,83586,1819
matw.us.txt,market/Stocks,.txt,153395,3202
hrtx.us.txt,market/Stocks,.txt,41673,960
c_n.us.txt,market/Stocks,.txt,83424,1787
ffbc.us.txt,market/Stocks,.txt,154502,3202
mrln.us.txt,market/Stocks,.txt,151873,3199
rso_c.us.txt,market/Stocks,.txt,38099,855
dbrt.us.txt,market/Stocks,.txt,452,11
nath.us.txt,market/Stocks,.txt,145656,3180
cia.us.txt,market/Stocks,.txt,127176,3202
hum.us.txt,market/Stocks,.txt,442741,9046
amot.us.txt,market/Stocks,.txt,148342,3153
psb_u.us.txt,market/Stocks,.txt,58968,1299
prkr.us.txt,market/Stocks,.txt,123965,3202
ppdf.us.txt,market/Stocks,.txt,86,2
je.us.txt,market/Stocks,.txt,70304,1458
alot.us.txt,market/Stocks,.txt,136687,2947
wyigw.us.txt,market/Stocks,.txt,3253,77
ousm.us.txt,market/Stocks,.txt,10328,219
ggg.us.txt,market/Stocks,.txt,155513,3202
mack.us.txt,market/Stocks,.txt,67711,1417
pfd.us.txt,market/Stocks,.txt,150696,3202
srunu.us.txt,market/Stocks,.txt,7236,163
avd.us.txt,market/Stocks,.txt,154035,3202
rand.us.txt,market/Stocks,.txt,93901,2427
tfsl.us.txt,market/Stocks,.txt,128697,2661
dxb.us.txt,market/Stocks,.txt,87003,1820
arw.us.txt,market/Stocks,.txt,142862,3202
vst.us.txt,market/Stocks,.txt,5874,130
jsmd.us.txt,market/Stocks,.txt,17958,389
sumr.us.txt,market/Stocks,.txt,115864,2947
wst.us.txt,market/Stocks,.txt,155458,3202
too.us.txt,market/Stocks,.txt,132972,2748
fval.us.txt,market/Stocks,.txt,13665,292
osur.us.txt,market/Stocks,.txt,131499,3201
smmt.us.txt,market/Stocks,.txt,27477,653
aek.us.txt,market/Stocks,.txt,69243,1451
vrtv.us.txt,market/Stocks,.txt,36926,860
pcln.us.txt,market/Stocks,.txt,153939,3202
grbk.us.txt,market/Stocks,.txt,101703,2624
lxu.us.txt,market/Stocks,.txt,136429,3194
kone.us.txt,market/Stocks,.txt,65111,1685
intg.us.txt,market/Stocks,.txt,88968,2185
fgen.us.txt,market/Stocks,.txt,32970,755
lvhd.us.txt,market/Stocks,.txt,22212,470
mtnb.us.txt,market/Stocks,.txt,7214,178
ibmj.us.txt,market/Stocks,.txt,25495,547
hyxe.us.txt,market/Stocks,.txt,3025,67
jmlp.us.txt,market/Stocks,.txt,43478,917
pai.us.txt,market/Stocks,.txt,149767,3202
hayu.us.txt,market/Stocks,.txt,0,0
stld.us.txt,market/Stocks,.txt,158461,3202
asa.us.txt,market/Stocks,.txt,153597,3202
usb_o.us.txt,market/Stocks,.txt,51760,1141
immy.us.txt,market/Stocks,.txt,47504,1199
awr.us.txt,market/Stocks,.txt,155001,3202
ftxr.us.txt,market/Stocks,.txt,7744,168
oak.us.txt,market/Stocks,.txt,68241,1408
wrb.us.txt,market/Stocks,.txt,156443,3202
nak.us.txt,market/Stocks,.txt,131516,3202
esnc.us.txt,market/Stocks,.txt,102567,2623
obci.us.txt,market/Stocks,.txt,142163,3042
coke.us.txt,market/Stocks,.txt,151834,3202
gs_i-cl.us.txt,market/Stocks,.txt,764,18
cree.us.txt,market/Stocks,.txt,144040,3202
torm.us.txt,market/Stocks,.txt,112468,2855
lxp_c.us.txt,market/Stocks,.txt,70079,1560
myc.us.txt,market/Stocks,.txt,151729,3202
eyes.us.txt,market/Stocks,.txt,31275,752
ttnp.us.txt,market/Stocks,.txt,240248,5379
endp.us.txt,market/Stocks,.txt,144425,3202
skx.us.txt,market/Stocks,.txt,150189,3202
rok.us.txt,market/Stocks,.txt,441051,9043
vktxw.us.txt,market/Stocks,.txt,11139,281
apps.us.txt,market/Stocks,.txt,45500,1115
gluu.us.txt,market/Stocks,.txt,109714,2682
bki.us.txt,market/Stocks,.txt,27284,628
dtul.us.txt,market/Stocks,.txt,355,8
geo.us.txt,market/Stocks,.txt,156093,3202
gmed.us.txt,market/Stocks,.txt,59052,1329
hgt.us.txt,market/Stocks,.txt,154664,3202
ffti.us.txt,market/Stocks,.txt,5291,113
enta.us.txt,market/Stocks,.txt,51756,1173
nsit.us.txt,market/Stocks,.txt,141137,3202
jls.us.txt,market/Stocks,.txt,95524,2006
igt.us.txt,market/Stocks,.txt,32068,659
ago_e.us.txt,market/Stocks,.txt,83988,1820
fllv.us.txt,market/Stocks,.txt,4487,98
zeus.us.txt,market/Stocks,.txt,153652,3202
clns_j.us.txt,market/Stocks,.txt,1516,34
sbny.us.txt,market/Stocks,.txt,145924,3202
podd.us.txt,market/Stocks,.txt,116374,2646
yge.us.txt,market/Stocks,.txt,107291,2629
bbox.us.txt,market/Stocks,.txt,152664,3202
ks.us.txt,market/Stocks,.txt,144471,2962
acp.us.txt,market/Stocks,.txt,81043,1708
cld.us.txt,market/Stocks,.txt,87334,2009
amnb.us.txt,market/Stocks,.txt,146973,3138
agc.us.txt,market/Stocks,.txt,127300,2638
chw.us.txt,market/Stocks,.txt,127045,2616
elli.us.txt,market/Stocks,.txt,72772,1655
pgr.us.txt,market/Stocks,.txt,389686,7902
fbms.us.txt,market/Stocks,.txt,92742,2008
d.us.txt,market/Stocks,.txt,409821,8348
wbs.us.txt,market/Stocks,.txt,155907,3201
bpfhw.us.txt,market/Stocks,.txt,25429,671
bld.us.txt,market/Stocks,.txt,26626,599
kim_i.us.txt,market/Stocks,.txt,64949,1420
rf_b.us.txt,market/Stocks,.txt,40199,892
srclp.us.txt,market/Stocks,.txt,25703,546
aes.us.txt,market/Stocks,.txt,327455,6647
sne.us.txt,market/Stocks,.txt,156582,3202
peb.us.txt,market/Stocks,.txt,96989,1997
nwy.us.txt,market/Stocks,.txt,130842,3202
pacb.us.txt,market/Stocks,.txt,73100,1772
bk_c.us.txt,market/Stocks,.txt,59139,1295
cyh.us.txt,market/Stocks,.txt,155531,3202
ivty.us.txt,market/Stocks,.txt,24551,611
syy.us.txt,market/Stocks,.txt,377757,7639
qvm.us.txt,market/Stocks,.txt,1047,23
cnnx.us.txt,market/Stocks,.txt,38057,791
ctre.us.txt,market/Stocks,.txt,41754,868
hbanp.us.txt,market/Stocks,.txt,78025,1651
xshq.us.txt,market/Stocks,.txt,6521,152
bhbk.us.txt,market/Stocks,.txt,39783,837
rxn_a.us.txt,market/Stocks,.txt,9510,218
dlx.us.txt,market/Stocks,.txt,370330,7641
eigr.us.txt,market/Stocks,.txt,17238,415
nvus.us.txt,market/Stocks,.txt,34641,797
fdmo.us.txt,market/Stocks,.txt,13641,292
ryaay.us.txt,market/Stocks,.txt,248936,5144
otg.us.txt,market/Stocks,.txt,0,0
tli.us.txt,market/Stocks,.txt,151651,3202
fitb.us.txt,market/Stocks,.txt,343686,6963
ddwm.us.txt,market/Stocks,.txt,21187,450
vmax.us.txt,market/Stocks,.txt,15971,370
door.us.txt,market/Stocks,.txt,46079,1055
gram.us.txt,market/Stocks,.txt,49080,1087
ntg.us.txt,market/Stocks,.txt,88748,1839
abr_a.us.txt,market/Stocks,.txt,51450,1145
hbi.us.txt,market/Stocks,.txt,140292,2831
frc_e.us.txt,market/Stocks,.txt,45388,1018
dotar.us.txt,market/Stocks,.txt,488,12
vta.us.txt,market/Stocks,.txt,125129,2615
cbpx.us.txt,market/Stocks,.txt,41850,952
nblx.us.txt,market/Stocks,.txt,14056,294
layn.us.txt,market/Stocks,.txt,138274,3202
sbow.us.txt,market/Stocks,.txt,5770,133
rusha.us.txt,market/Stocks,.txt,140624,3202
bvsn.us.txt,market/Stocks,.txt,125381,3140
cspi.us.txt,market/Stocks,.txt,143194,3056
kin.us.txt,market/Stocks,.txt,39611,988
gpc.us.txt,market/Stocks,.txt,423641,8727
flmx.us.txt,market/Stocks,.txt,91,2
bmla.us.txt,market/Stocks,.txt,3442,76
byd.us.txt,market/Stocks,.txt,157100,3202
gwb.us.txt,market/Stocks,.txt,37706,777
dlth.us.txt,market/Stocks,.txt,22199,499
pnbk.us.txt,market/Stocks,.txt,113891,2506
cyd.us.txt,market/Stocks,.txt,153203,3202
sfbc.us.txt,market/Stocks,.txt,45780,1002
avp.us.txt,market/Stocks,.txt,443374,9044
fast.us.txt,market/Stocks,.txt,344311,6962
arc.us.txt,market/Stocks,.txt,131954,3203
elecw.us.txt,market/Stocks,.txt,13576,331
pen.us.txt,market/Stocks,.txt,23508,544
pnc_p.us.txt,market/Stocks,.txt,64357,1395
irt.us.txt,market/Stocks,.txt,51608,1073
ubcp.us.txt,market/Stocks,.txt,134088,2895
fnteu.us.txt,market/Stocks,.txt,6180,143
bcacu.us.txt,market/Stocks,.txt,3147,72
cnx.us.txt,market/Stocks,.txt,157076,3202
aal.us.txt,market/Stocks,.txt,49499,990
io.us.txt,market/Stocks,.txt,136940,3202
lglr.us.txt,market/Stocks,.txt,1143,26
clro.us.txt,market/Stocks,.txt,145445,3114
iots.us.txt,market/Stocks,.txt,20115,517
belfb.us.txt,market/Stocks,.txt,152254,3202
tdoc.us.txt,market/Stocks,.txt,26112,599
sni.us.txt,market/Stocks,.txt,115951,2373
ngd.us.txt,market/Stocks,.txt,130362,3175
sgen.us.txt,market/Stocks,.txt,138834,3201
airi.us.txt,market/Stocks,.txt,45855,1062
indb.us.txt,market/Stocks,.txt,152912,3202
wtm.us.txt,market/Stocks,.txt,150647,3202
veac.us.txt,market/Stocks,.txt,2738,70
wbic.us.txt,market/Stocks,.txt,38030,809
ry_t.us.txt,market/Stocks,.txt,11231,266
nxpi.us.txt,market/Stocks,.txt,83579,1832
czz.us.txt,market/Stocks,.txt,125358,2581
hubb.us.txt,market/Stocks,.txt,23023,475
mchx.us.txt,market/Stocks,.txt,148953,3202
hig-ws.us.txt,market/Stocks,.txt,72559,1702
alks.us.txt,market/Stocks,.txt,142599,3202
mitt.us.txt,market/Stocks,.txt,77245,1603
club.us.txt,market/Stocks,.txt,131054,2884
ffbw.us.txt,market/Stocks,.txt,1043,24
gcap.us.txt,market/Stocks,.txt,83370,1738
abr.us.txt,market/Stocks,.txt,153864,3202
dhg.us.txt,market/Stocks,.txt,132201,2763
sid.us.txt,market/Stocks,.txt,153791,3202
rog.us.txt,market/Stocks,.txt,140174,3202
bke.us.txt,market/Stocks,.txt,155793,3202
je_a.us.txt,market/Stocks,.txt,8266,189
gec.us.txt,market/Stocks,.txt,136134,3201
omfs.us.txt,market/Stocks,.txt,84,2
cbak.us.txt,market/Stocks,.txt,124635,3131
sauc.us.txt,market/Stocks,.txt,45803,1152
galt.us.txt,market/Stocks,.txt,57894,1420
ver.us.txt,market/Stocks,.txt,75814,1555
kldx.us.txt,market/Stocks,.txt,21721,531
prme.us.txt,market/Stocks,.txt,12604,275
myo.us.txt,market/Stocks,.txt,4434,108
ha.us.txt,market/Stocks,.txt,132635,3202
wneb.us.txt,market/Stocks,.txt,152691,3201
skt.us.txt,market/Stocks,.txt,156305,3202
infr.us.txt,market/Stocks,.txt,8459,185
wrn.us.txt,market/Stocks,.txt,111860,2810
ako-b.us.txt,market/Stocks,.txt,85710,1819
kkr.us.txt,market/Stocks,.txt,90986,1848
crd-b.us.txt,market/Stocks,.txt,86185,1820
schw_c.us.txt,market/Stocks,.txt,25455,574
asm.us.txt,market/Stocks,.txt,62490,1564
pmt_b.us.txt,market/Stocks,.txt,4018,91
immu.us.txt,market/Stocks,.txt,130358,3202
wmih.us.txt,market/Stocks,.txt,21766,538
h.us.txt,market/Stocks,.txt,89774,2020
mfgp.us.txt,market/Stocks,.txt,2262,50
blh.us.txt,market/Stocks,.txt,145176,3112
nue.us.txt,market/Stocks,.txt,422357,8623
gtn-a.us.txt,market/Stocks,.txt,46930,1199
trhc.us.txt,market/Stocks,.txt,12495,284
pcm.us.txt,market/Stocks,.txt,152103,3201
dswl.us.txt,market/Stocks,.txt,150839,3197
itw.us.txt,market/Stocks,.txt,372387,7567
cmtl.us.txt,market/Stocks,.txt,155116,3202
post.us.txt,market/Stocks,.txt,64717,1452
dtrm.us.txt,market/Stocks,.txt,113646,2990
clh.us.txt,market/Stocks,.txt,145318,3202
plxs.us.txt,market/Stocks,.txt,142045,3202
tmk.us.txt,market/Stocks,.txt,367571,7530
icon.us.txt,market/Stocks,.txt,139557,3202
ago.us.txt,market/Stocks,.txt,156974,3202
cltl.us.txt,market/Stocks,.txt,844,18
bysi.us.txt,market/Stocks,.txt,7166,171
vfl.us.txt,market/Stocks,.txt,144740,3104
hmtv.us.txt,market/Stocks,.txt,49016,1149
nby.us.txt,market/Stocks,.txt,97414,2528
cvm-ws.us.txt,market/Stocks,.txt,36944,848
nfj.us.txt,market/Stocks,.txt,154309,3202
vcel.us.txt,market/Stocks,.txt,125590,3202
igvt.us.txt,market/Stocks,.txt,11519,261
goodo.us.txt,market/Stocks,.txt,66063,1434
aveo.us.txt,market/Stocks,.txt,81272,1934
mmm.us.txt,market/Stocks,.txt,594903,12076
utsl.us.txt,market/Stocks,.txt,4481,102
afam.us.txt,market/Stocks,.txt,145919,3172
usvm.us.txt,market/Stocks,.txt,516,12
fmhi.us.txt,market/Stocks,.txt,221,5
ccor.us.txt,market/Stocks,.txt,5550,120
vmin.us.txt,market/Stocks,.txt,16925,370
vvus.us.txt,market/Stocks,.txt,133028,3201
edn.us.txt,market/Stocks,.txt,105800,2590
dlng_a.us.txt,market/Stocks,.txt,25766,581
jhmu.us.txt,market/Stocks,.txt,7170,158
nssc.us.txt,market/Stocks,.txt,125410,3195
bk.us.txt,market/Stocks,.txt,413375,8366
utmd.us.txt,market/Stocks,.txt,145564,3124
bwld.us.txt,market/Stocks,.txt,145244,3202
prgo.us.txt,market/Stocks,.txt,156403,3202
sem.us.txt,market/Stocks,.txt,96494,2049
nghcz.us.txt,market/Stocks,.txt,26421,564
mtrn.us.txt,market/Stocks,.txt,80922,1684
gifi.us.txt,market/Stocks,.txt,152863,3202
exxi.us.txt,market/Stocks,.txt,6918,160
nuem.us.txt,market/Stocks,.txt,4878,111
casi.us.txt,market/Stocks,.txt,129919,3201
cnac.us.txt,market/Stocks,.txt,1060,27
ocio.us.txt,market/Stocks,.txt,3452,79
pbpb.us.txt,market/Stocks,.txt,45573,1036
sfig.us.txt,market/Stocks,.txt,15933,365
jax.us.txt,market/Stocks,.txt,21892,536
tsc.us.txt,market/Stocks,.txt,48708,1139
fdvv.us.txt,market/Stocks,.txt,13790,292
delt.us.txt,market/Stocks,.txt,22458,553
qd.us.txt,market/Stocks,.txt,845,19
cvs.us.txt,market/Stocks,.txt,408761,8293
ggn_b.us.txt,market/Stocks,.txt,50042,1120
kodk-ws-a.us.txt,market/Stocks,.txt,13482,350
twlo.us.txt,market/Stocks,.txt,16041,352
egp.us.txt,market/Stocks,.txt,154916,3202
psa_b.us.txt,market/Stocks,.txt,20289,458
glw.us.txt,market/Stocks,.txt,449260,9044
ecc.us.txt,market/Stocks,.txt,37008,781
flql.us.txt,market/Stocks,.txt,5245,117
pmt.us.txt,market/Stocks,.txt,101557,2089
sswa.us.txt,market/Stocks,.txt,668,15
sfs.us.txt,market/Stocks,.txt,34229,792
ame.us.txt,market/Stocks,.txt,157151,3202
mth.us.txt,market/Stocks,.txt,141390,3202
shoo.us.txt,market/Stocks,.txt,149681,3202
scsc.us.txt,market/Stocks,.txt,140571,3202
tga.us.txt,market/Stocks,.txt,150717,3202
aiv.us.txt,market/Stocks,.txt,285753,5868
hzn.us.txt,market/Stocks,.txt,25945,599
au.us.txt,market/Stocks,.txt,237328,4851
chco.us.txt,market/Stocks,.txt,152731,3202
glob.us.txt,market/Stocks,.txt,36923,838
qqqx.us.txt,market/Stocks,.txt,130009,2721
eccy.us.txt,market/Stocks,.txt,2719,62
ltxb.us.txt,market/Stocks,.txt,134194,2798
nhs.us.txt,market/Stocks,.txt,151396,3202
rdhl.us.txt,market/Stocks,.txt,47661,1137
hoft.us.txt,market/Stocks,.txt,152133,3202
dukh.us.txt,market/Stocks,.txt,58000,1217
vnrx.us.txt,market/Stocks,.txt,44746,1176
kcny.us.txt,market/Stocks,.txt,31756,696
dlr_h.us.txt,market/Stocks,.txt,40936,917
lad.us.txt,market/Stocks,.txt,155105,3202
carg.us.txt,market/Stocks,.txt,1016,23
evo.us.txt,market/Stocks,.txt,140779,3060
abcb.us.txt,market/Stocks,.txt,152464,3202
onp.us.txt,market/Stocks,.txt,103649,2329
afmd.us.txt,market/Stocks,.txt,32064,800
star_f.us.txt,market/Stocks,.txt,27028,620
oclr.us.txt,market/Stocks,.txt,131630,3202
gab_h.us.txt,market/Stocks,.txt,58211,1282
ty.us.txt,market/Stocks,.txt,153415,3202
cyan.us.txt,market/Stocks,.txt,121609,3140
kmi_a.us.txt,market/Stocks,.txt,22547,510
gjt.us.txt,market/Stocks,.txt,47598,1030
pkw.us.txt,market/Stocks,.txt,130368,2740
rdc.us.txt,market/Stocks,.txt,425386,8725
bdr.us.txt,market/Stocks,.txt,110945,2853
qtna.us.txt,market/Stocks,.txt,11735,263
stpp.us.txt,market/Stocks,.txt,57281,1346
gv.us.txt,market/Stocks,.txt,125592,3176
gshtu.us.txt,market/Stocks,.txt,6648,153
rpai_a.us.txt,market/Stocks,.txt,28114,639
cdr.us.txt,market/Stocks,.txt,155229,3202
ndsn.us.txt,market/Stocks,.txt,155542,3202
brg_c.us.txt,market/Stocks,.txt,13264,302
fng.us.txt,market/Stocks,.txt,3883,87
ce.us.txt,market/Stocks,.txt,157309,3202
mrk.us.txt,market/Stocks,.txt,601819,12076
bswn.us.txt,market/Stocks,.txt,10043,226
cvti.us.txt,market/Stocks,.txt,132048,3199
boja.us.txt,market/Stocks,.txt,27801,636
rytm.us.txt,market/Stocks,.txt,1261,28
pool.us.txt,market/Stocks,.txt,155482,3202
molc.us.txt,market/Stocks,.txt,0,0
wg.us.txt,market/Stocks,.txt,134900,3202
srtsw.us.txt,market/Stocks,.txt,3761,100
st.us.txt,market/Stocks,.txt,86582,1935
rdib.us.txt,market/Stocks,.txt,1136,28
omn.us.txt,market/Stocks,.txt,127814,3202
enh_c.us.txt,market/Stocks,.txt,21209,480
crzo.us.txt,market/Stocks,.txt,143238,3202
hcac-ws.us.txt,market/Stocks,.txt,2811,69
cbb_b.us.txt,market/Stocks,.txt,81724,1808
spa.us.txt,market/Stocks,.txt,127412,3146
qxtr.us.txt,market/Stocks,.txt,8977,200
dfvl.us.txt,market/Stocks,.txt,838,20
hbhcl.us.txt,market/Stocks,.txt,30995,662
mdgs.us.txt,market/Stocks,.txt,16558,424
cfcou.us.txt,market/Stocks,.txt,12862,302
exiv.us.txt,market/Stocks,.txt,5892,135
sina.us.txt,market/Stocks,.txt,143643,3202
vcyt.us.txt,market/Stocks,.txt,41575,1018
cthr.us.txt,market/Stocks,.txt,128422,3200
phi.us.txt,market/Stocks,.txt,154291,3202
axon.us.txt,market/Stocks,.txt,27176,613
bgne.us.txt,market/Stocks,.txt,19773,450
alk.us.txt,market/Stocks,.txt,157738,3202
celp.us.txt,market/Stocks,.txt,45807,966
astc.us.txt,market/Stocks,.txt,120594,3201
mvt.us.txt,market/Stocks,.txt,151252,3202
del.us.txt,market/Stocks,.txt,152290,3202
ci.us.txt,market/Stocks,.txt,441056,8982
sti-ws-a.us.txt,market/Stocks,.txt,12656,315
utlf.us.txt,market/Stocks,.txt,15101,346
mant.us.txt,market/Stocks,.txt,154906,3202
ksu.us.txt,market/Stocks,.txt,157057,3202
uan.us.txt,market/Stocks,.txt,79271,1658
gnk.us.txt,market/Stocks,.txt,23664,586
ddr_a.us.txt,market/Stocks,.txt,4981,113
pbus.us.txt,market/Stocks,.txt,1474,36
axe.us.txt,market/Stocks,.txt,151019,3202
pf.us.txt,market/Stocks,.txt,56947,1168
amh_e.us.txt,market/Stocks,.txt,15243,346
gab_d.us.txt,market/Stocks,.txt,72859,1605
lptx.us.txt,market/Stocks,.txt,7626,189
hon.us.txt,market/Stocks,.txt,593111,12073
csb.us.txt,market/Stocks,.txt,22663,491
tu.us.txt,market/Stocks,.txt,154801,3202
ktov.us.txt,market/Stocks,.txt,20320,497
mtsl.us.txt,market/Stocks,.txt,93817,2403
mog-a.us.txt,market/Stocks,.txt,80090,1820
mhnc.us.txt,market/Stocks,.txt,46688,996
evc.us.txt,market/Stocks,.txt,155127,3202
sbbp.us.txt,market/Stocks,.txt,20140,521
mh_a.us.txt,market/Stocks,.txt,59368,1306
mqy.us.txt,market/Stocks,.txt,151206,3202
aht.us.txt,market/Stocks,.txt,156580,3202
muj.us.txt,market/Stocks,.txt,151015,3202
dd.us.txt,market/Stocks,.txt,699,15
alg.us.txt,market/Stocks,.txt,151853,3200
ccs.us.txt,market/Stocks,.txt,37248,860
hwcc.us.txt,market/Stocks,.txt,134106,2875
pzrx.us.txt,market/Stocks,.txt,15202,374
cvcy.us.txt,market/Stocks,.txt,125927,2711
wiw.us.txt,market/Stocks,.txt,152312,3202
sbra.us.txt,market/Stocks,.txt,154369,3203
efr.us.txt,market/Stocks,.txt,153785,3202
mmdmr.us.txt,market/Stocks,.txt,2647,68
bcs.us.txt,market/Stocks,.txt,157406,3202
susb.us.txt,market/Stocks,.txt,2182,47
ubp.us.txt,market/Stocks,.txt,141382,3053
biol.us.txt,market/Stocks,.txt,147107,3202
wk.us.txt,market/Stocks,.txt,31731,736
mrus.us.txt,market/Stocks,.txt,15577,368
xhr.us.txt,market/Stocks,.txt,33903,699
cto.us.txt,market/Stocks,.txt,150645,3202
hhc.us.txt,market/Stocks,.txt,81635,1762
vbnd.us.txt,market/Stocks,.txt,36405,774
senea.us.txt,market/Stocks,.txt,121864,2880
flgr.us.txt,market/Stocks,.txt,167,4
ipxl.us.txt,market/Stocks,.txt,130286,3031
loan.us.txt,market/Stocks,.txt,130741,2792
niq.us.txt,market/Stocks,.txt,56638,1201
flca.us.txt,market/Stocks,.txt,222,5
rpm.us.txt,market/Stocks,.txt,155900,3202
bto.us.txt,market/Stocks,.txt,152568,3202
ihc.us.txt,market/Stocks,.txt,148220,3177
abdc.us.txt,market/Stocks,.txt,41408,886
crl.us.txt,market/Stocks,.txt,142545,3202
mdu.us.txt,market/Stocks,.txt,156299,3202
cpst.us.txt,market/Stocks,.txt,126071,3202
gmlp.us.txt,market/Stocks,.txt,80209,1658
vblt.us.txt,market/Stocks,.txt,31045,786
eaglw.us.txt,market/Stocks,.txt,13017,322
pyz.us.txt,market/Stocks,.txt,130567,2781
evgbc.us.txt,market/Stocks,.txt,15513,341
chdn.us.txt,market/Stocks,.txt,152006,3202
trvg.us.txt,market/Stocks,.txt,10270,229
alty.us.txt,market/Stocks,.txt,22812,492
esdi.us.txt,market/Stocks,.txt,2607,67
unfi.us.txt,market/Stocks,.txt,142344,3202
ibuy.us.txt,market/Stocks,.txt,17644,392
keg.us.txt,market/Stocks,.txt,9983,228
ngls_a.us.txt,market/Stocks,.txt,23080,521
logm.us.txt,market/Stocks,.txt,102098,2109
prcp.us.txt,market/Stocks,.txt,144606,3186
sar.us.txt,market/Stocks,.txt,124243,2654
zionz.us.txt,market/Stocks,.txt,10630,275
tdw-ws-a.us.txt,market/Stocks,.txt,1091,28
cwai.us.txt,market/Stocks,.txt,7218,158
tds.us.txt,market/Stocks,.txt,155437,3202
foe.us.txt,market/Stocks,.txt,138513,3202
bg.us.txt,market/Stocks,.txt,157123,3202
msi.us.txt,market/Stocks,.txt,158192,3203
fdeu.us.txt,market/Stocks,.txt,25768,539
ft.us.txt,market/Stocks,.txt,152516,3202
adtn.us.txt,market/Stocks,.txt,156533,3202
anw.us.txt,market/Stocks,.txt,132431,2752
cac.us.txt,market/Stocks,.txt,151586,3202
lsi.us.txt,market/Stocks,.txt,154938,3202
bep.us.txt,market/Stocks,.txt,53000,1117
irbt.us.txt,market/Stocks,.txt,132688,3024
pnf.us.txt,market/Stocks,.txt,148919,3200
eman.us.txt,market/Stocks,.txt,142190,3196
gntx.us.txt,market/Stocks,.txt,346090,6965
nxn.us.txt,market/Stocks,.txt,146040,3177
bac.us.txt,market/Stocks,.txt,396869,7930
aimc.us.txt,market/Stocks,.txt,132337,2747
ryam.us.txt,market/Stocks,.txt,41696,862
srts.us.txt,market/Stocks,.txt,11561,292
mcx.us.txt,market/Stocks,.txt,21034,455
nyld-a.us.txt,market/Stocks,.txt,28167,630
dwdp.us.txt,market/Stocks,.txt,509412,10305
eeft.us.txt,market/Stocks,.txt,141823,3202
sup.us.txt,market/Stocks,.txt,154699,3202
frpt.us.txt,market/Stocks,.txt,32127,760
kfy.us.txt,market/Stocks,.txt,155265,3202
iim.us.txt,market/Stocks,.txt,150198,3202
zbzx.us.txt,market/Stocks,.txt,3571,97
ht_e.us.txt,market/Stocks,.txt,11322,253
cath.us.txt,market/Stocks,.txt,16902,373
esgw.us.txt,market/Stocks,.txt,4918,108
strl.us.txt,market/Stocks,.txt,134604,3202
cbl_e.us.txt,market/Stocks,.txt,58263,1283
mtd.us.txt,market/Stocks,.txt,149487,3202
usod.us.txt,market/Stocks,.txt,2397,56
sojb.us.txt,market/Stocks,.txt,13660,290
livn.us.txt,market/Stocks,.txt,23260,523
cetxw.us.txt,market/Stocks,.txt,4939,119
mpw.us.txt,market/Stocks,.txt,152291,3111
dco.us.txt,market/Stocks,.txt,138395,3202
aiz.us.txt,market/Stocks,.txt,156406,3202
boxl.us.txt,market/Stocks,.txt,0,0
tpge-ws.us.txt,market/Stocks,.txt,1269,33
grp-u.us.txt,market/Stocks,.txt,56698,1221
pmx.us.txt,market/Stocks,.txt,151697,3202
msca.us.txt,market/Stocks,.txt,52398,1126
gbnk.us.txt,market/Stocks,.txt,144075,3046
veon.us.txt,market/Stocks,.txt,93402,1909
gne_a.us.txt,market/Stocks,.txt,51182,1187
nvln.us.txt,market/Stocks,.txt,148702,3202
haud.us.txt,market/Stocks,.txt,6708,148
mime.us.txt,market/Stocks,.txt,21639,500
clls.us.txt,market/Stocks,.txt,29424,666
oii.us.txt,market/Stocks,.txt,157375,3202
egle.us.txt,market/Stocks,.txt,137270,3121
sqns.us.txt,market/Stocks,.txt,66213,1655
amrb.us.txt,market/Stocks,.txt,142483,3074
ctw.us.txt,market/Stocks,.txt,73692,1546
cmls.us.txt,market/Stocks,.txt,136399,3201
nmz.us.txt,market/Stocks,.txt,152249,3202
cogt.us.txt,market/Stocks,.txt,88266,2302
gwre.us.txt,market/Stocks,.txt,64751,1459
all_d.us.txt,market/Stocks,.txt,43638,977
wfe_a.us.txt,market/Stocks,.txt,32456,738
spns.us.txt,market/Stocks,.txt,137518,2954
ahl.us.txt,market/Stocks,.txt,155751,3202
cck.us.txt,market/Stocks,.txt,143658,3202
jps.us.txt,market/Stocks,.txt,155376,3202
mur.us.txt,market/Stocks,.txt,158594,3202
dlng.us.txt,market/Stocks,.txt,48401,1008
tccb.us.txt,market/Stocks,.txt,30525,659
emcf.us.txt,market/Stocks,.txt,75131,1637
mdvxw.us.txt,market/Stocks,.txt,15433,371
bgx.us.txt,market/Stocks,.txt,81367,1708
gnrc.us.txt,market/Stocks,.txt,90124,1954
wtfcw.us.txt,market/Stocks,.txt,11453,276
nzf.us.txt,market/Stocks,.txt,151516,3202
xog.us.txt,market/Stocks,.txt,12403,275
avir.us.txt,market/Stocks,.txt,50889,1259
drh.us.txt,market/Stocks,.txt,154061,3140
msdiw.us.txt,market/Stocks,.txt,8430,200
swx.us.txt,market/Stocks,.txt,154972,3202
otiv.us.txt,market/Stocks,.txt,129085,3201
ufpt.us.txt,market/Stocks,.txt,132102,3199
tm.us.txt,market/Stocks,.txt,155668,3202
hov.us.txt,market/Stocks,.txt,134945,3202
afsi_e.us.txt,market/Stocks,.txt,18698,418
erh.us.txt,market/Stocks,.txt,151572,3202
rise.us.txt,market/Stocks,.txt,17117,386
gst_a.us.txt,market/Stocks,.txt,72702,1607
cars.us.txt,market/Stocks,.txt,5200,115
dxtr.us.txt,market/Stocks,.txt,114172,2966
apls.us.txt,market/Stocks,.txt,126,3
xflt.us.txt,market/Stocks,.txt,1423,33
gpacu.us.txt,market/Stocks,.txt,904,22
koss.us.txt,market/Stocks,.txt,121660,2749
jsm.us.txt,market/Stocks,.txt,86403,1820
qiwi.us.txt,market/Stocks,.txt,55334,1143
akr.us.txt,market/Stocks,.txt,155070,3202
ptct.us.txt,market/Stocks,.txt,48751,1109
twnk.us.txt,market/Stocks,.txt,18234,415
akca.us.txt,market/Stocks,.txt,3849,86
ksm.us.txt,market/Stocks,.txt,151041,3202
anh_b.us.txt,market/Stocks,.txt,61856,1382
pdce.us.txt,market/Stocks,.txt,60981,1357
tcf.us.txt,market/Stocks,.txt,157171,3202
dgse.us.txt,market/Stocks,.txt,48363,1217
strt.us.txt,market/Stocks,.txt,144501,3097
gncma.us.txt,market/Stocks,.txt,135934,3202
mpo.us.txt,market/Stocks,.txt,11556,266
aa.us.txt,market/Stocks,.txt,593692,12075
flc.us.txt,market/Stocks,.txt,152118,3202
hacv.us.txt,market/Stocks,.txt,18709,428
mrcy.us.txt,market/Stocks,.txt,138255,3202
sbt.us.txt,market/Stocks,.txt,0,0
psa_v.us.txt,market/Stocks,.txt,59020,1295
inxn.us.txt,market/Stocks,.txt,75545,1708
educ.us.txt,market/Stocks,.txt,134502,2922
zbio.us.txt,market/Stocks,.txt,26697,605
grnb.us.txt,market/Stocks,.txt,8133,175
embh.us.txt,market/Stocks,.txt,10167,221
yoga.us.txt,market/Stocks,.txt,2677,66
cpta.us.txt,market/Stocks,.txt,49722,1043
plab.us.txt,market/Stocks,.txt,133585,3202
pavmw.us.txt,market/Stocks,.txt,5210,140
tannz.us.txt,market/Stocks,.txt,15859,343
dtk.us.txt,market/Stocks,.txt,87847,1820
oaks_a.us.txt,market/Stocks,.txt,29652,678
jbr.us.txt,market/Stocks,.txt,75585,1632
tnp_c.us.txt,market/Stocks,.txt,45010,1001
hsbc_a.us.txt,market/Stocks,.txt,29925,682
hlit.us.txt,market/Stocks,.txt,130693,3202
kbr.us.txt,market/Stocks,.txt,136477,2767
smbc.us.txt,market/Stocks,.txt,112169,2425
pebk.us.txt,market/Stocks,.txt,129412,2803
uslb.us.txt,market/Stocks,.txt,21860,471
nghcn.us.txt,market/Stocks,.txt,15927,341
fl.us.txt,market/Stocks,.txt,158032,3202
cent.us.txt,market/Stocks,.txt,135026,3202
wusa.us.txt,market/Stocks,.txt,946,21
amgn.us.txt,market/Stocks,.txt,419333,8365
cweb.us.txt,market/Stocks,.txt,9885,220
sstk.us.txt,market/Stocks,.txt,56697,1281
lmfaw.us.txt,market/Stocks,.txt,6654,164
kids.us.txt,market/Stocks,.txt,1005,23
nure.us.txt,market/Stocks,.txt,9493,213
jhma.us.txt,market/Stocks,.txt,7861,173
krc.us.txt,market/Stocks,.txt,155865,3202
algn.us.txt,market/Stocks,.txt,141240,3202
hmny.us.txt,market/Stocks,.txt,55072,1297
fcsc.us.txt,market/Stocks,.txt,49301,1133
zen.us.txt,market/Stocks,.txt,39399,883
crt.us.txt,market/Stocks,.txt,151921,3202
sre.us.txt,market/Stocks,.txt,239546,4875
gogo.us.txt,market/Stocks,.txt,49234,1109
cvg.us.txt,market/Stocks,.txt,235645,4841
sbcf.us.txt,market/Stocks,.txt,133470,3202
mdvx.us.txt,market/Stocks,.txt,28040,698
brt.us.txt,market/Stocks,.txt,148376,3166
fnjn.us.txt,market/Stocks,.txt,35677,884
lmha.us.txt,market/Stocks,.txt,19518,414
teso.us.txt,market/Stocks,.txt,150053,3202
etg.us.txt,market/Stocks,.txt,155080,3202
jcap.us.txt,market/Stocks,.txt,31599,665
ecca.us.txt,market/Stocks,.txt,27930,604
swnc.us.txt,market/Stocks,.txt,32352,708
ebayl.us.txt,market/Stocks,.txt,20299,425
gard.us.txt,market/Stocks,.txt,15779,367
wfc_q.us.txt,market/Stocks,.txt,50076,1088
aoxg.us.txt,market/Stocks,.txt,97524,2512
lxrx.us.txt,market/Stocks,.txt,138462,3202
wmgi.us.txt,market/Stocks,.txt,75468,1704
psa_z.us.txt,market/Stocks,.txt,38534,867
tpiv.us.txt,market/Stocks,.txt,10249,255
pml.us.txt,market/Stocks,.txt,152107,3202
exls.us.txt,market/Stocks,.txt,121720,2786
glo.us.txt,market/Stocks,.txt,140679,2910
cic-u.us.txt,market/Stocks,.txt,2113,48
bfz.us.txt,market/Stocks,.txt,151499,3202
mtp.us.txt,market/Stocks,.txt,19599,483
cbi.us.txt,market/Stocks,.txt,157028,3202
acre.us.txt,market/Stocks,.txt,66500,1398
enic.us.txt,market/Stocks,.txt,17999,391
brew.us.txt,market/Stocks,.txt,127751,3198
mpc.us.txt,market/Stocks,.txt,79293,1602
adsw.us.txt,market/Stocks,.txt,12381,279
am.us.txt,market/Stocks,.txt,36978,762
flo.us.txt,market/Stocks,.txt,156849,3202
ain.us.txt,market/Stocks,.txt,154366,3202
cwbc.us.txt,market/Stocks,.txt,115170,2493
int.us.txt,market/Stocks,.txt,155725,3202
brx.us.txt,market/Stocks,.txt,50068,1018
pyn.us.txt,market/Stocks,.txt,149267,3200
tldh.us.txt,market/Stocks,.txt,15993,349
pcti.us.txt,market/Stocks,.txt,152486,3202
maxr.us.txt,market/Stocks,.txt,17950,393
cvrr.us.txt,market/Stocks,.txt,58966,1216
swin.us.txt,market/Stocks,.txt,9576,208
hawx.us.txt,market/Stocks,.txt,13046,282
sri.us.txt,market/Stocks,.txt,134441,3202
pnr.us.txt,market/Stocks,.txt,156834,3202
xoma.us.txt,market/Stocks,.txt,121823,3203
srpt.us.txt,market/Stocks,.txt,149059,3201
essa.us.txt,market/Stocks,.txt,124450,2672
fpp-ws.us.txt,market/Stocks,.txt,48593,1185
jhmm.us.txt,market/Stocks,.txt,24729,530
cort.us.txt,market/Stocks,.txt,127882,3199
lope.us.txt,market/Stocks,.txt,100282,2261
bml_g.us.txt,market/Stocks,.txt,83367,1813
kro.us.txt,market/Stocks,.txt,153871,3201
hyh.us.txt,market/Stocks,.txt,33980,762
tmst.us.txt,market/Stocks,.txt,38514,849
idcc.us.txt,market/Stocks,.txt,155707,3201
tdg.us.txt,market/Stocks,.txt,142808,2939
cenx.us.txt,market/Stocks,.txt,139749,3202
jro.us.txt,market/Stocks,.txt,153712,3202
caw.us.txt,market/Stocks,.txt,138630,3149
ntri.us.txt,market/Stocks,.txt,155881,3202
ibdr.us.txt,market/Stocks,.txt,13479,287
bgt.us.txt,market/Stocks,.txt,152665,3202
onev.us.txt,market/Stocks,.txt,16015,350
frba.us.txt,market/Stocks,.txt,57632,1241
genc.us.txt,market/Stocks,.txt,135090,3076
whlr.us.txt,market/Stocks,.txt,58356,1250
dfrg.us.txt,market/Stocks,.txt,58502,1334
pbi_b.us.txt,market/Stocks,.txt,53641,1177
eff.us.txt,market/Stocks,.txt,52431,1106
iteq.us.txt,market/Stocks,.txt,23279,511
aig-ws.us.txt,market/Stocks,.txt,73376,1708
gfed.us.txt,market/Stocks,.txt,114866,2485
habt.us.txt,market/Stocks,.txt,32895,751
celh.us.txt,market/Stocks,.txt,4839,121
shny.us.txt,market/Stocks,.txt,13164,296
bksc.us.txt,market/Stocks,.txt,124816,2712
goro.us.txt,market/Stocks,.txt,135581,2803
nie.us.txt,market/Stocks,.txt,129030,2702
ptsi.us.txt,market/Stocks,.txt,133052,3156
jjsf.us.txt,market/Stocks,.txt,152558,3202
kgc.us.txt,market/Stocks,.txt,275230,5797
alrn.us.txt,market/Stocks,.txt,4186,96
vivo.us.txt,market/Stocks,.txt,154942,3202
jcp.us.txt,market/Stocks,.txt,435437,9043
vrna.us.txt,market/Stocks,.txt,5745,132
uhal.us.txt,market/Stocks,.txt,152427,3202
mlco.us.txt,market/Stocks,.txt,135683,2745
rpai_a-cl.us.txt,market/Stocks,.txt,539,12
amrn.us.txt,market/Stocks,.txt,128974,3197
artw.us.txt,market/Stocks,.txt,140348,3100
pko.us.txt,market/Stocks,.txt,119859,2509
adxsw.us.txt,market/Stocks,.txt,39691,983
eex.us.txt,market/Stocks,.txt,6414,139
nyt.us.txt,market/Stocks,.txt,383957,7898
ksa.us.txt,market/Stocks,.txt,21379,466
iphi.us.txt,market/Stocks,.txt,77160,1761
nyny.us.txt,market/Stocks,.txt,60856,1488
sbux.us.txt,market/Stocks,.txt,321255,6394
kwr.us.txt,market/Stocks,.txt,152575,3202
bdj.us.txt,market/Stocks,.txt,149204,3076
slca.us.txt,market/Stocks,.txt,71488,1455
dex.us.txt,market/Stocks,.txt,123878,2616
fanz.us.txt,market/Stocks,.txt,3973,88
tei.us.txt,market/Stocks,.txt,153704,3202
sglb.us.txt,market/Stocks,.txt,7090,176
rsg.us.txt,market/Stocks,.txt,157914,3202
term.us.txt,market/Stocks,.txt,6978,150
eses.us.txt,market/Stocks,.txt,25381,638
agio.us.txt,market/Stocks,.txt,48875,1087
leo.us.txt,market/Stocks,.txt,154387,3202
fusb.us.txt,market/Stocks,.txt,133451,2877
gyc.us.txt,market/Stocks,.txt,75343,1628
rwt.us.txt,market/Stocks,.txt,155313,3202
argx.us.txt,market/Stocks,.txt,5242,121
jbgs.us.txt,market/Stocks,.txt,3687,83
cndf.us.txt,market/Stocks,.txt,15584,355
drd.us.txt,market/Stocks,.txt,70824,1477
saic.us.txt,market/Stocks,.txt,50236,1038
tru.us.txt,market/Stocks,.txt,27004,603
csv.us.txt,market/Stocks,.txt,152262,3201
istr.us.txt,market/Stocks,.txt,37802,814
blfs.us.txt,market/Stocks,.txt,36883,915
ta.us.txt,market/Stocks,.txt,110707,2719
psti.us.txt,market/Stocks,.txt,123256,3182
gnca.us.txt,market/Stocks,.txt,39350,952
cfr_a.us.txt,market/Stocks,.txt,53954,1193
ldp.us.txt,market/Stocks,.txt,63983,1334
flat.us.txt,market/Stocks,.txt,52639,1240
now.us.txt,market/Stocks,.txt,61345,1353
gwph.us.txt,market/Stocks,.txt,51681,1144
ontx.us.txt,market/Stocks,.txt,43046,1086
mdp.us.txt,market/Stocks,.txt,394514,8159
cri.us.txt,market/Stocks,.txt,155814,3202
ccv-cl.us.txt,market/Stocks,.txt,87,2
hjv.us.txt,market/Stocks,.txt,80400,1727
pahc.us.txt,market/Stocks,.txt,43349,906
pnc.us.txt,market/Stocks,.txt,360668,7354
sf_a.us.txt,market/Stocks,.txt,14614,332
bmtc.us.txt,market/Stocks,.txt,150856,3187
sgza.us.txt,market/Stocks,.txt,56406,1192
baf.us.txt,market/Stocks,.txt,150201,3202
core.us.txt,market/Stocks,.txt,148863,3083
aht_d.us.txt,market/Stocks,.txt,83496,1819
msdi.us.txt,market/Stocks,.txt,14395,342
ffnw.us.txt,market/Stocks,.txt,119600,2542
vicr.us.txt,market/Stocks,.txt,142429,3202
rvsb.us.txt,market/Stocks,.txt,149238,3169
ds_b.us.txt,market/Stocks,.txt,9206,206
gtls.us.txt,market/Stocks,.txt,126210,2847
msl.us.txt,market/Stocks,.txt,144653,3096
bb.us.txt,market/Stocks,.txt,209540,4716
cgen.us.txt,market/Stocks,.txt,126951,3201
mixt.us.txt,market/Stocks,.txt,50630,1075
gbliz.us.txt,market/Stocks,.txt,25826,553
wins.us.txt,market/Stocks,.txt,15642,375
caf.us.txt,market/Stocks,.txt,134845,2802
shlx.us.txt,market/Stocks,.txt,37209,767
tsem.us.txt,market/Stocks,.txt,132915,3201
utg.us.txt,market/Stocks,.txt,153381,3202
iesc.us.txt,market/Stocks,.txt,115225,2845
esca.us.txt,market/Stocks,.txt,147666,3151
epe.us.txt,market/Stocks,.txt,41143,964
bud.us.txt,market/Stocks,.txt,103432,2108
cmre_b.us.txt,market/Stocks,.txt,29057,670
esgr.us.txt,market/Stocks,.txt,121998,2714
relv.us.txt,market/Stocks,.txt,140308,3167
etv.us.txt,market/Stocks,.txt,150545,3118
catm.us.txt,market/Stocks,.txt,108668,2500
bokf.us.txt,market/Stocks,.txt,153867,3202
seed.us.txt,market/Stocks,.txt,129468,3200
rs.us.txt,market/Stocks,.txt,156145,3202
qgta.us.txt,market/Stocks,.txt,9386,204
sfnc.us.txt,market/Stocks,.txt,152393,3202
dtv.us.txt,market/Stocks,.txt,12865,273
bldr.us.txt,market/Stocks,.txt,131194,3122
staf.us.txt,market/Stocks,.txt,21433,520
wltw.us.txt,market/Stocks,.txt,155592,3202
mrtx.us.txt,market/Stocks,.txt,45799,1090
bbx.us.txt,market/Stocks,.txt,3932,87
rpt_d.us.txt,market/Stocks,.txt,59677,1329
ghm.us.txt,market/Stocks,.txt,152920,3202
egy.us.txt,market/Stocks,.txt,130250,3202
cslt.us.txt,market/Stocks,.txt,37914,926
tegp.us.txt,market/Stocks,.txt,30818,637
bfk.us.txt,market/Stocks,.txt,152597,3202
bac_c.us.txt,market/Stocks,.txt,20030,451
flqe.us.txt,market/Stocks,.txt,14782,321
hips.us.txt,market/Stocks,.txt,30482,659
embu.us.txt,market/Stocks,.txt,1193,27
vlo.us.txt,market/Stocks,.txt,159948,3202
nstg.us.txt,market/Stocks,.txt,48258,1106
fcco.us.txt,market/Stocks,.txt,122685,2662
cbx.us.txt,market/Stocks,.txt,816,22
hack.us.txt,market/Stocks,.txt,35692,751
tgh.us.txt,market/Stocks,.txt,120891,2543
sbi.us.txt,market/Stocks,.txt,150450,3201
cytk.us.txt,market/Stocks,.txt,133708,3202
newt.us.txt,market/Stocks,.txt,148789,3156
pmts.us.txt,market/Stocks,.txt,24660,529
eei.us.txt,market/Stocks,.txt,141893,3090
emdv.us.txt,market/Stocks,.txt,16839,370
fran.us.txt,market/Stocks,.txt,70774,1588
rivrw.us.txt,market/Stocks,.txt,200,5
gnus.us.txt,market/Stocks,.txt,9474,237
dei.us.txt,market/Stocks,.txt,136503,2784
tex.us.txt,market/Stocks,.txt,158056,3202
aspu.us.txt,market/Stocks,.txt,2809,71
fcel.us.txt,market/Stocks,.txt,138412,3202
smcp.us.txt,market/Stocks,.txt,20474,458
cl.us.txt,market/Stocks,.txt,514973,10306
moglc.us.txt,market/Stocks,.txt,810,19
ktos.us.txt,market/Stocks,.txt,129202,3202
nny.us.txt,market/Stocks,.txt,151063,3201
alqa.us.txt,market/Stocks,.txt,36608,957
lhcg.us.txt,market/Stocks,.txt,137127,3131
mtsi.us.txt,market/Stocks,.txt,62807,1427
dfbg.us.txt,market/Stocks,.txt,122467,3198
evf.us.txt,market/Stocks,.txt,154598,3202
irtc.us.txt,market/Stocks,.txt,11929,269
iret_b-cl.us.txt,market/Stocks,.txt,873,20
cwt.us.txt,market/Stocks,.txt,155260,3202
forty.us.txt,market/Stocks,.txt,117444,2543
hes_a.us.txt,market/Stocks,.txt,19468,440
vntr.us.txt,market/Stocks,.txt,3206,72
zoes.us.txt,market/Stocks,.txt,40231,906
klxi.us.txt,market/Stocks,.txt,32598,731
bkcc.us.txt,market/Stocks,.txt,126994,2616
dems.us.txt,market/Stocks,.txt,824,19
ufpi.us.txt,market/Stocks,.txt,153896,3202
spe_b.us.txt,market/Stocks,.txt,9620,217
lovw.us.txt,market/Stocks,.txt,166,4
bpopn.us.txt,market/Stocks,.txt,82616,1767
rcg.us.txt,market/Stocks,.txt,115026,2960
csii.us.txt,market/Stocks,.txt,118662,2865
aiv_a.us.txt,market/Stocks,.txt,28844,663
bcv.us.txt,market/Stocks,.txt,150410,3202
mmdmw.us.txt,market/Stocks,.txt,2566,63
rgt.us.txt,market/Stocks,.txt,47304,1024
viab.us.txt,market/Stocks,.txt,74049,1496
scg.us.txt,market/Stocks,.txt,156382,3202
mlpq.us.txt,market/Stocks,.txt,20051,431
cntf.us.txt,market/Stocks,.txt,125601,3153
mh_d.us.txt,market/Stocks,.txt,4627,104
dbd.us.txt,market/Stocks,.txt,155667,3202
wilc.us.txt,market/Stocks,.txt,144913,3109
ccv.us.txt,market/Stocks,.txt,58792,1241
alb.us.txt,market/Stocks,.txt,156546,3202
jpn.us.txt,market/Stocks,.txt,23407,508
isdr.us.txt,market/Stocks,.txt,77939,1679
fnhc.us.txt,market/Stocks,.txt,151587,3193
bpy.us.txt,market/Stocks,.txt,55581,1155
apop.us.txt,market/Stocks,.txt,12700,317
yld.us.txt,market/Stocks,.txt,23805,516
agm_c.us.txt,market/Stocks,.txt,25399,592
splp_a.us.txt,market/Stocks,.txt,7102,164
pesi.us.txt,market/Stocks,.txt,124229,3195
sph.us.txt,market/Stocks,.txt,155104,3202
axl.us.txt,market/Stocks,.txt,141502,3202
rfem.us.txt,market/Stocks,.txt,15061,326
maa.us.txt,market/Stocks,.txt,155510,3202
rilyz.us.txt,market/Stocks,.txt,5165,116
azpn.us.txt,market/Stocks,.txt,138576,3202
hog.us.txt,market/Stocks,.txt,158354,3202
dwfi.us.txt,market/Stocks,.txt,16824,361
terp.us.txt,market/Stocks,.txt,40829,839
carb.us.txt,market/Stocks,.txt,66885,1574
gigb.us.txt,market/Stocks,.txt,5114,109
gnbc.us.txt,market/Stocks,.txt,34940,824
evj.us.txt,market/Stocks,.txt,147619,3191
fang.us.txt,market/Stocks,.txt,57937,1280
gs.us.txt,market/Stocks,.txt,231285,4662
gslc.us.txt,market/Stocks,.txt,26010,543
mtl_.us.txt,market/Stocks,.txt,145285,3082
fnb.us.txt,market/Stocks,.txt,155792,3202
cdw.us.txt,market/Stocks,.txt,53705,1105
chsco.us.txt,market/Stocks,.txt,49146,1039
wns.us.txt,market/Stocks,.txt,121112,2840
lrn.us.txt,market/Stocks,.txt,109908,2498
optn.us.txt,market/Stocks,.txt,965,22
hbnc.us.txt,market/Stocks,.txt,134610,2856
bbsi.us.txt,market/Stocks,.txt,152192,3202
mfl.us.txt,market/Stocks,.txt,152126,3202
wb.us.txt,market/Stocks,.txt,40326,902
eltk.us.txt,market/Stocks,.txt,118989,3013
amrs.us.txt,market/Stocks,.txt,75865,1793
sq.us.txt,market/Stocks,.txt,22461,500
idra.us.txt,market/Stocks,.txt,128230,3196
eglt.us.txt,market/Stocks,.txt,39260,950
dorm.us.txt,market/Stocks,.txt,137786,3179
flch.us.txt,market/Stocks,.txt,217,5
rpd.us.txt,market/Stocks,.txt,26055,588
gnt_a.us.txt,market/Stocks,.txt,469,11
enlc.us.txt,market/Stocks,.txt,169156,3485
nnn_e.us.txt,market/Stocks,.txt,50869,1123
cbmg.us.txt,market/Stocks,.txt,82643,2269
cgi.us.txt,market/Stocks,.txt,153074,3202
beat.us.txt,market/Stocks,.txt,101515,2433
vmm.us.txt,market/Stocks,.txt,149415,3199
dm.us.txt,market/Stocks,.txt,37510,777
muc.us.txt,market/Stocks,.txt,151925,3202
aln.us.txt,market/Stocks,.txt,94063,2390
ccz.us.txt,market/Stocks,.txt,28239,621
trcb.us.txt,market/Stocks,.txt,115307,2478
bgi.us.txt,market/Stocks,.txt,92170,2401
rice.us.txt,market/Stocks,.txt,43408,960
msbf.us.txt,market/Stocks,.txt,80275,1744
dtyl.us.txt,market/Stocks,.txt,516,12
clrbz.us.txt,market/Stocks,.txt,12674,318
panl.us.txt,market/Stocks,.txt,34911,886
uivm.us.txt,market/Stocks,.txt,530,12
hcom.us.txt,market/Stocks,.txt,68563,1592
jva.us.txt,market/Stocks,.txt,137752,3105
wynn.us.txt,market/Stocks,.txt,158343,3202
cey.us.txt,market/Stocks,.txt,530,12
vrtsp.us.txt,market/Stocks,.txt,6795,151
eurn.us.txt,market/Stocks,.txt,33967,709
caj.us.txt,market/Stocks,.txt,155049,3202
gol.us.txt,market/Stocks,.txt,150041,3202
rexx.us.txt,market/Stocks,.txt,107769,2597
ueic.us.txt,market/Stocks,.txt,139070,3202
vly_b.us.txt,market/Stocks,.txt,2840,65
cori.us.txt,market/Stocks,.txt,36269,905
stt_d.us.txt,market/Stocks,.txt,41861,930
eacqw.us.txt,market/Stocks,.txt,11814,287
bsft.us.txt,market/Stocks,.txt,82008,1868
aht_h.us.txt,market/Stocks,.txt,2390,54
acbi.us.txt,market/Stocks,.txt,21792,513
sohob.us.txt,market/Stocks,.txt,12659,278
hni.us.txt,market/Stocks,.txt,154959,3202
mlab.us.txt,market/Stocks,.txt,137026,2940
cvv.us.txt,market/Stocks,.txt,125246,3095
dsw.us.txt,market/Stocks,.txt,152463,3117
arr_a.us.txt,market/Stocks,.txt,61722,1359
fmax.us.txt,market/Stocks,.txt,0,0
srt.us.txt,market/Stocks,.txt,128171,3196
tkat.us.txt,market/Stocks,.txt,15715,414
pys.us.txt,market/Stocks,.txt,83042,1786
gxp.us.txt,market/Stocks,.txt,157034,3202
trvn.us.txt,market/Stocks,.txt,38967,955
edap.us.txt,market/Stocks,.txt,126093,3189
ken.us.txt,market/Stocks,.txt,24561,571
ffiv.us.txt,market/Stocks,.txt,149028,3202
ec.us.txt,market/Stocks,.txt,110815,2305
amda.us.txt,market/Stocks,.txt,39454,946
cbt.us.txt,market/Stocks,.txt,155270,3202
acrx.us.txt,market/Stocks,.txt,67135,1675
ap.us.txt,market/Stocks,.txt,151288,3199
flr.us.txt,market/Stocks,.txt,209330,4247
dcf.us.txt,market/Stocks,.txt,456,11
cfg.us.txt,market/Stocks,.txt,39176,792
cbli.us.txt,market/Stocks,.txt,109559,2849
ltm.us.txt,market/Stocks,.txt,154746,3202
bbt.us.txt,market/Stocks,.txt,340882,6962
psa_g.us.txt,market/Stocks,.txt,2950,67
ecf.us.txt,market/Stocks,.txt,152476,3202
two_b.us.txt,market/Stocks,.txt,3567,80
eufl.us.txt,market/Stocks,.txt,8504,192
isrl.us.txt,market/Stocks,.txt,106954,2616
kfn_.us.txt,market/Stocks,.txt,55120,1210
lindw.us.txt,market/Stocks,.txt,24609,637
bbrg.us.txt,market/Stocks,.txt,75539,1776
tpx.us.txt,market/Stocks,.txt,142926,3202
wfc_l.us.txt,market/Stocks,.txt,85587,1793
divb.us.txt,market/Stocks,.txt,123,3
apo_a.us.txt,market/Stocks,.txt,7698,173
tcbiw.us.txt,market/Stocks,.txt,199,5
tcf_b-cl.us.txt,market/Stocks,.txt,931,21
evix.us.txt,market/Stocks,.txt,5660,135
capr.us.txt,market/Stocks,.txt,83270,2228
iid.us.txt,market/Stocks,.txt,121557,2553
slrc.us.txt,market/Stocks,.txt,94475,1956
unam.us.txt,market/Stocks,.txt,110157,2500
glog.us.txt,market/Stocks,.txt,68674,1416
efii.us.txt,market/Stocks,.txt,141510,3202
trup.us.txt,market/Stocks,.txt,35078,839
htlf.us.txt,market/Stocks,.txt,151722,3202
imrn.us.txt,market/Stocks,.txt,4279,107
lway.us.txt,market/Stocks,.txt,145796,3202
qrhc.us.txt,market/Stocks,.txt,69771,1843
viav.us.txt,market/Stocks,.txt,294271,6041
scs.us.txt,market/Stocks,.txt,155519,3202
omnt.us.txt,market/Stocks,.txt,6489,160
alv.us.txt,market/Stocks,.txt,156240,3202
gcv_b.us.txt,market/Stocks,.txt,52505,1162
srra.us.txt,market/Stocks,.txt,24462,589
rcs.us.txt,market/Stocks,.txt,154953,3202
plg.us.txt,market/Stocks,.txt,119506,3139
ipoa.us.txt,market/Stocks,.txt,1369,31
uba.us.txt,market/Stocks,.txt,153575,3202
mitt_a.us.txt,market/Stocks,.txt,28731,656
pht.us.txt,market/Stocks,.txt,152740,3202
efc.us.txt,market/Stocks,.txt,85526,1785
sto.us.txt,market/Stocks,.txt,157811,3202
mft.us.txt,market/Stocks,.txt,150570,3199
pinc.us.txt,market/Stocks,.txt,46335,1042
bbt_e.us.txt,market/Stocks,.txt,61382,1331
fold.us.txt,market/Stocks,.txt,108435,2635
amrk.us.txt,market/Stocks,.txt,42537,912
rous.us.txt,market/Stocks,.txt,18757,406
ofed.us.txt,market/Stocks,.txt,38919,850
reml.us.txt,market/Stocks,.txt,12235,265
ardc.us.txt,market/Stocks,.txt,59652,1250
nms.us.txt,market/Stocks,.txt,35935,769
jsd.us.txt,market/Stocks,.txt,77446,1627
medp.us.txt,market/Stocks,.txt,14090,318
foxf.us.txt,market/Stocks,.txt,47013,1076
imuc.us.txt,market/Stocks,.txt,54474,1375
ppih.us.txt,market/Stocks,.txt,126697,3173
dan.us.txt,market/Stocks,.txt,121632,2465
cx.us.txt,market/Stocks,.txt,54034,1101
tel.us.txt,market/Stocks,.txt,129673,2624
fmsa.us.txt,market/Stocks,.txt,32726,785
alfi.us.txt,market/Stocks,.txt,14500,322
wdrw.us.txt,market/Stocks,.txt,16898,392
bscq.us.txt,market/Stocks,.txt,13338,284
unty.us.txt,market/Stocks,.txt,131213,2833
pmpt.us.txt,market/Stocks,.txt,9438,208
xon.us.txt,market/Stocks,.txt,48184,1076
ssb.us.txt,market/Stocks,.txt,152111,3202
hfwa.us.txt,market/Stocks,.txt,147488,3129
tvc.us.txt,market/Stocks,.txt,86010,1820
rfeu.us.txt,market/Stocks,.txt,18381,396
pw.us.txt,market/Stocks,.txt,126579,2940
acgl.us.txt,market/Stocks,.txt,147614,3202
demg.us.txt,market/Stocks,.txt,10119,223
trp.us.txt,market/Stocks,.txt,155841,3202
td.us.txt,market/Stocks,.txt,157444,3202
css.us.txt,market/Stocks,.txt,151969,3202
smtx.us.txt,market/Stocks,.txt,126617,3184
era.us.txt,market/Stocks,.txt,51684,1204
spmd.us.txt,market/Stocks,.txt,138417,2948
evr.us.txt,market/Stocks,.txt,136856,2835
tts.us.txt,market/Stocks,.txt,63521,1309
mci.us.txt,market/Stocks,.txt,150930,3202
ras_c.us.txt,market/Stocks,.txt,80791,1773
wfc_t.us.txt,market/Stocks,.txt,37440,833
cycc.us.txt,market/Stocks,.txt,145978,3186
star.us.txt,market/Stocks,.txt,138383,3202
fcpt.us.txt,market/Stocks,.txt,24511,507
nvmi.us.txt,market/Stocks,.txt,126273,3117
ergf.us.txt,market/Stocks,.txt,15490,346
clmt.us.txt,market/Stocks,.txt,139841,2972
lci.us.txt,market/Stocks,.txt,129490,3193
seac.us.txt,market/Stocks,.txt,130591,3202
esgf.us.txt,market/Stocks,.txt,5497,122
etb.us.txt,market/Stocks,.txt,150925,3161
caty.us.txt,market/Stocks,.txt,155366,3202
imo.us.txt,market/Stocks,.txt,155258,3202
amx.us.txt,market/Stocks,.txt,159512,3202
cbl.us.txt,market/Stocks,.txt,157363,3202
usou.us.txt,market/Stocks,.txt,2896,67
mtu.us.txt,market/Stocks,.txt,156520,3202
ufab.us.txt,market/Stocks,.txt,27380,593
tco.us.txt,market/Stocks,.txt,156028,3202
ffin.us.txt,market/Stocks,.txt,154250,3202
sdrl.us.txt,market/Stocks,.txt,142369,3022
piz.us.txt,market/Stocks,.txt,118381,2484
bbl.us.txt,market/Stocks,.txt,156457,3202
ghy.us.txt,market/Stocks,.txt,59586,1233
band.us.txt,market/Stocks,.txt,84,2
cvbf.us.txt,market/Stocks,.txt,154732,3202
nbtb.us.txt,market/Stocks,.txt,153656,3202
bac_w.us.txt,market/Stocks,.txt,35750,800
rngr.us.txt,market/Stocks,.txt,2846,66
ftri.us.txt,market/Stocks,.txt,89157,1901
scco.us.txt,market/Stocks,.txt,158625,3202
aame.us.txt,market/Stocks,.txt,135301,2927
pei_c.us.txt,market/Stocks,.txt,8644,197
loco.us.txt,market/Stocks,.txt,36704,834
ormp.us.txt,market/Stocks,.txt,48215,1199
noc.us.txt,market/Stocks,.txt,441595,9046
gs_i.us.txt,market/Stocks,.txt,57479,1251
ontl.us.txt,market/Stocks,.txt,7614,163
bvn.us.txt,market/Stocks,.txt,156852,3202
cea.us.txt,market/Stocks,.txt,145789,3083
stz-b.us.txt,market/Stocks,.txt,51548,1127
bv.us.txt,market/Stocks,.txt,59115,1441
tpgh-u.us.txt,market/Stocks,.txt,2907,66
car.us.txt,market/Stocks,.txt,143079,3202
anf.us.txt,market/Stocks,.txt,158498,3202
mlvf.us.txt,market/Stocks,.txt,71007,1759
agfsw.us.txt,market/Stocks,.txt,26166,665
fe.us.txt,market/Stocks,.txt,248730,5035
dds.us.txt,market/Stocks,.txt,348234,7150
pre_f.us.txt,market/Stocks,.txt,54008,1190
sep.us.txt,market/Stocks,.txt,126498,2616
wing.us.txt,market/Stocks,.txt,29524,612
hdng.us.txt,market/Stocks,.txt,150233,3191
mtgep.us.txt,market/Stocks,.txt,37691,811
pnw.us.txt,market/Stocks,.txt,408322,8401
grif.us.txt,market/Stocks,.txt,128885,2793
jhmh.us.txt,market/Stocks,.txt,22816,496
kfrc.us.txt,market/Stocks,.txt,154283,3202
bar.us.txt,market/Stocks,.txt,2177,47
lgf-b.us.txt,market/Stocks,.txt,10405,233
pfie.us.txt,market/Stocks,.txt,37078,916
nxtdw.us.txt,market/Stocks,.txt,27513,669
ecpg.us.txt,market/Stocks,.txt,139301,3202
este.us.txt,market/Stocks,.txt,122244,3114
uboh.us.txt,market/Stocks,.txt,119629,2596
pme.us.txt,market/Stocks,.txt,56460,1198
ugp.us.txt,market/Stocks,.txt,154922,3202
ecr.us.txt,market/Stocks,.txt,35737,858
coup.us.txt,market/Stocks,.txt,12423,279
gfncp.us.txt,market/Stocks,.txt,37238,810
bfs.us.txt,market/Stocks,.txt,152547,3202
caci.us.txt,market/Stocks,.txt,142391,3202
ew.us.txt,market/Stocks,.txt,151695,3202
cim_b.us.txt,market/Stocks,.txt,7990,179
amt.us.txt,market/Stocks,.txt,158445,3202
sfb.us.txt,market/Stocks,.txt,872,20
tcbi.us.txt,market/Stocks,.txt,141125,3202
aig.us.txt,market/Stocks,.txt,416662,8366
tgp.us.txt,market/Stocks,.txt,152544,3155
boom.us.txt,market/Stocks,.txt,153739,3202
flbr.us.txt,market/Stocks,.txt,208,5
abac.us.txt,market/Stocks,.txt,72176,1828
rbio.us.txt,market/Stocks,.txt,0,0
etn.us.txt,market/Stocks,.txt,402138,8159
upl.us.txt,market/Stocks,.txt,6442,148
nviv.us.txt,market/Stocks,.txt,69634,1772
tpl.us.txt,market/Stocks,.txt,150600,3198
wfc_x.us.txt,market/Stocks,.txt,15827,356
sum.us.txt,market/Stocks,.txt,32197,676
hmc.us.txt,market/Stocks,.txt,155925,3202
pbsm.us.txt,market/Stocks,.txt,1508,36
gtxi.us.txt,market/Stocks,.txt,126088,3202
miln.us.txt,market/Stocks,.txt,17699,384
pjh.us.txt,market/Stocks,.txt,58975,1240
hnrg.us.txt,market/Stocks,.txt,109268,2316
jhmd.us.txt,market/Stocks,.txt,9374,206
rlog.us.txt,market/Stocks,.txt,113298,2892
grmy.us.txt,market/Stocks,.txt,436,10
amcx.us.txt,market/Stocks,.txt,71535,1603
disca.us.txt,market/Stocks,.txt,150788,3112
fox.us.txt,market/Stocks,.txt,158527,3202
blph.us.txt,market/Stocks,.txt,28189,694
cem.us.txt,market/Stocks,.txt,90104,1861
fi.us.txt,market/Stocks,.txt,51994,1075
eurz.us.txt,market/Stocks,.txt,2632,62
gthx.us.txt,market/Stocks,.txt,5520,126
cci_a.us.txt,market/Stocks,.txt,3510,72
kai.us.txt,market/Stocks,.txt,152646,3202
tcrx.us.txt,market/Stocks,.txt,30922,670
imgn.us.txt,market/Stocks,.txt,133931,3202
cpsi.us.txt,market/Stocks,.txt,153623,3202
kweb.us.txt,market/Stocks,.txt,50481,1072
amtd.us.txt,market/Stocks,.txt,158747,3202
ai_b.us.txt,market/Stocks,.txt,4840,112
tsri.us.txt,market/Stocks,.txt,123251,2675
uonek.us.txt,market/Stocks,.txt,128919,3199
chfc.us.txt,market/Stocks,.txt,153231,3202
gzt.us.txt,market/Stocks,.txt,68192,1481
tbph.us.txt,market/Stocks,.txt,38571,868
wsci.us.txt,market/Stocks,.txt,145011,3159
dske.us.txt,market/Stocks,.txt,17576,423
reis.us.txt,market/Stocks,.txt,142580,3042
eqs.us.txt,market/Stocks,.txt,120904,3104
all_a.us.txt,market/Stocks,.txt,70317,1526
nurow.us.txt,market/Stocks,.txt,15025,373
stc.us.txt,market/Stocks,.txt,153600,3202
cpa.us.txt,market/Stocks,.txt,145645,2999
bofil.us.txt,market/Stocks,.txt,18783,406
ctr.us.txt,market/Stocks,.txt,65272,1355
se.us.txt,market/Stocks,.txt,752,17
csiq.us.txt,market/Stocks,.txt,121071,2772
lqdt.us.txt,market/Stocks,.txt,125766,2953
syna.us.txt,market/Stocks,.txt,143147,3202
phys.us.txt,market/Stocks,.txt,85645,1944
phx.us.txt,market/Stocks,.txt,151228,3201
cvgw.us.txt,market/Stocks,.txt,150637,3198
mcbc.us.txt,market/Stocks,.txt,151963,3202
blrx.us.txt,market/Stocks,.txt,62416,1532
nrcia.us.txt,market/Stocks,.txt,53081,1127
luna.us.txt,market/Stocks,.txt,113393,2871
culp.us.txt,market/Stocks,.txt,150755,3185
ssrm.us.txt,market/Stocks,.txt,140192,3202
jpxn.us.txt,market/Stocks,.txt,25116,544
dy.us.txt,market/Stocks,.txt,140668,3202
atra.us.txt,market/Stocks,.txt,34002,776
ffhl.us.txt,market/Stocks,.txt,102898,2624
iyld.us.txt,market/Stocks,.txt,65452,1375
carv.us.txt,market/Stocks,.txt,41220,1077
aktx.us.txt,market/Stocks,.txt,35111,912
erm.us.txt,market/Stocks,.txt,6662,146
nna.us.txt,market/Stocks,.txt,109147,2276
rnva.us.txt,market/Stocks,.txt,75266,1529
cdxc.us.txt,market/Stocks,.txt,76547,1902
arcb.us.txt,market/Stocks,.txt,155542,3202
njr.us.txt,market/Stocks,.txt,155626,3202
bcpc.us.txt,market/Stocks,.txt,152465,3202
vsmv.us.txt,market/Stocks,.txt,2246,49
ctxr.us.txt,market/Stocks,.txt,2896,72
pxi.us.txt,market/Stocks,.txt,131513,2789
ssn.us.txt,market/Stocks,.txt,93514,2461
wvvip.us.txt,market/Stocks,.txt,3201,85
wrlsu.us.txt,market/Stocks,.txt,2674,61
hos.us.txt,market/Stocks,.txt,140435,3202
krny.us.txt,market/Stocks,.txt,151497,3202
eeq.us.txt,market/Stocks,.txt,149760,3202
eab.us.txt,market/Stocks,.txt,58191,1235
pflt.us.txt,market/Stocks,.txt,78427,1658
bdc.us.txt,market/Stocks,.txt,155438,3202
rmni.us.txt,market/Stocks,.txt,9073,230
gg.us.txt,market/Stocks,.txt,270527,5599
soho.us.txt,market/Stocks,.txt,151198,3197
aod.us.txt,market/Stocks,.txt,132451,2721
gsl_b.us.txt,market/Stocks,.txt,35169,809
sdr.us.txt,market/Stocks,.txt,68156,1404
cpah.us.txt,market/Stocks,.txt,48722,1255
fnv.us.txt,market/Stocks,.txt,75625,1556
clxt.us.txt,market/Stocks,.txt,3582,82
cdc.us.txt,market/Stocks,.txt,40144,848
hylb.us.txt,market/Stocks,.txt,10526,225
ecf_a.us.txt,market/Stocks,.txt,1714,39
gldw.us.txt,market/Stocks,.txt,7249,156
c_k.us.txt,market/Stocks,.txt,46185,1013
matr.us.txt,market/Stocks,.txt,63100,1614
rail.us.txt,market/Stocks,.txt,152929,3176
mlr.us.txt,market/Stocks,.txt,151816,3202
wbir.us.txt,market/Stocks,.txt,15256,327
slno.us.txt,market/Stocks,.txt,29637,752
bid.us.txt,market/Stocks,.txt,155054,3202
hubs.us.txt,market/Stocks,.txt,34101,781
tell.us.txt,market/Stocks,.txt,131221,3202
fbhs.us.txt,market/Stocks,.txt,75330,1537
pbr.us.txt,market/Stocks,.txt,155244,3202
ctbi.us.txt,market/Stocks,.txt,152479,3202
hbcp.us.txt,market/Stocks,.txt,106920,2276
ntz.us.txt,market/Stocks,.txt,122518,3153
andv.us.txt,market/Stocks,.txt,158675,3202
ggb.us.txt,market/Stocks,.txt,158458,3202
thg.us.txt,market/Stocks,.txt,155316,3202
cubi.us.txt,market/Stocks,.txt,51050,1133
ns.us.txt,market/Stocks,.txt,155326,3202
cid.us.txt,market/Stocks,.txt,23599,510
san_a.us.txt,market/Stocks,.txt,83418,1812
desc.us.txt,market/Stocks,.txt,10633,233
abc.us.txt,market/Stocks,.txt,280635,5692
cio_a.us.txt,market/Stocks,.txt,11972,274
bmlp.us.txt,market/Stocks,.txt,2829,62
fljh.us.txt,market/Stocks,.txt,222,5
orbk.us.txt,market/Stocks,.txt,137562,3202
cone.us.txt,market/Stocks,.txt,59052,1215
tpvy.us.txt,market/Stocks,.txt,3659,82
exg.us.txt,market/Stocks,.txt,132851,2702
ava.us.txt,market/Stocks,.txt,155428,3202
htrb.us.txt,market/Stocks,.txt,535,12
arr.us.txt,market/Stocks,.txt,116051,2403
ntnx.us.txt,market/Stocks,.txt,12746,283
lxp.us.txt,market/Stocks,.txt,156792,3202
baba.us.txt,market/Stocks,.txt,37598,795
upld.us.txt,market/Stocks,.txt,30470,753
rhe_a.us.txt,market/Stocks,.txt,1355,31
sptm.us.txt,market/Stocks,.txt,150105,3177
bjz.us.txt,market/Stocks,.txt,148669,3176
yesr.us.txt,market/Stocks,.txt,12740,285
sfun.us.txt,market/Stocks,.txt,83497,1800
cni.us.txt,market/Stocks,.txt,157923,3202
snx.us.txt,market/Stocks,.txt,155060,3202
kior.us.txt,market/Stocks,.txt,659,15
vrts.us.txt,market/Stocks,.txt,106259,2232
eix.us.txt,market/Stocks,.txt,468780,9550
zjzzt.us.txt,market/Stocks,.txt,361,9
glre.us.txt,market/Stocks,.txt,114949,2639
apwc.us.txt,market/Stocks,.txt,65333,1442
y.us.txt,market/Stocks,.txt,150001,3202
camp.us.txt,market/Stocks,.txt,133493,3202
rlh.us.txt,market/Stocks,.txt,126004,3202
vcra.us.txt,market/Stocks,.txt,61912,1418
gmre.us.txt,market/Stocks,.txt,16309,348
derm.us.txt,market/Stocks,.txt,34584,785
wnfm.us.txt,market/Stocks,.txt,0,0
cig-c.us.txt,market/Stocks,.txt,63162,1403
out.us.txt,market/Stocks,.txt,36368,749
shag.us.txt,market/Stocks,.txt,5632,124
kn.us.txt,market/Stocks,.txt,41886,932
acm.us.txt,market/Stocks,.txt,118247,2649
gden.us.txt,market/Stocks,.txt,150533,3202
scyx.us.txt,market/Stocks,.txt,34945,880
tsla.us.txt,market/Stocks,.txt,87266,1859
wfbi.us.txt,market/Stocks,.txt,51419,1106
pcyg.us.txt,market/Stocks,.txt,120785,3136
igi.us.txt,market/Stocks,.txt,100435,2112
chmg.us.txt,market/Stocks,.txt,56125,1208
nbix.us.txt,market/Stocks,.txt,136757,3202
banc_e.us.txt,market/Stocks,.txt,19713,446
nbh.us.txt,market/Stocks,.txt,150660,3202
gaino.us.txt,market/Stocks,.txt,32034,694
cmssw.us.txt,market/Stocks,.txt,236,6
bidu.us.txt,market/Stocks,.txt,145136,3091
apb.us.txt,market/Stocks,.txt,148692,3197
kblmr.us.txt,market/Stocks,.txt,2187,54
osprw.us.txt,market/Stocks,.txt,646,16
bkt.us.txt,market/Stocks,.txt,154618,3202
psmt.us.txt,market/Stocks,.txt,153500,3202
appn.us.txt,market/Stocks,.txt,5370,120
wec.us.txt,market/Stocks,.txt,412403,8324
clns_c-cl.us.txt,market/Stocks,.txt,925,21
ger.us.txt,market/Stocks,.txt,37856,790
sngx.us.txt,market/Stocks,.txt,9413,231
sce_l.us.txt,market/Stocks,.txt,4230,95
zgnx.us.txt,market/Stocks,.txt,74757,1752
zeal.us.txt,market/Stocks,.txt,2934,68
ichr.us.txt,market/Stocks,.txt,10441,234
gale.us.txt,market/Stocks,.txt,60677,1522
vec.us.txt,market/Stocks,.txt,34484,787
lc.us.txt,market/Stocks,.txt,31764,737
macqu.us.txt,market/Stocks,.txt,5839,140
amma.us.txt,market/Stocks,.txt,11257,279
hseb.us.txt,market/Stocks,.txt,88199,1820
mnst.us.txt,market/Stocks,.txt,70699,1472
crak.us.txt,market/Stocks,.txt,23107,504
vnla.us.txt,market/Stocks,.txt,11402,243
tcon.us.txt,market/Stocks,.txt,28357,704
hp.us.txt,market/Stocks,.txt,158319,3202
cog.us.txt,market/Stocks,.txt,158658,3202
kop.us.txt,market/Stocks,.txt,139725,2968
nly_e.us.txt,market/Stocks,.txt,15100,338
nee.us.txt,market/Stocks,.txt,158505,3202
trxc.us.txt,market/Stocks,.txt,218402,5573
qtrh.us.txt,market/Stocks,.txt,77384,1625
nav.us.txt,market/Stocks,.txt,527119,12076
neog.us.txt,market/Stocks,.txt,146214,3202
vbfc.us.txt,market/Stocks,.txt,87161,2212
stly.us.txt,market/Stocks,.txt,150965,3200
smplw.us.txt,market/Stocks,.txt,3382,87
ftxo.us.txt,market/Stocks,.txt,12705,269
mmp.us.txt,market/Stocks,.txt,155724,3202
tatt.us.txt,market/Stocks,.txt,136420,2931
mic.us.txt,market/Stocks,.txt,155387,3202
juno.us.txt,market/Stocks,.txt,32757,731
axs_e.us.txt,market/Stocks,.txt,10837,245
nbd.us.txt,market/Stocks,.txt,125710,2659
cmcm.us.txt,market/Stocks,.txt,38983,888
kvhi.us.txt,market/Stocks,.txt,132849,3202
shw.us.txt,market/Stocks,.txt,397493,8160
rlgt_a.us.txt,market/Stocks,.txt,24464,572
shak.us.txt,market/Stocks,.txt,31237,704
rmbl.us.txt,market/Stocks,.txt,2582,75
kb.us.txt,market/Stocks,.txt,108170,2298
hsbc.us.txt,market/Stocks,.txt,158008,3202
dit.us.txt,market/Stocks,.txt,119274,2588
qcp.us.txt,market/Stocks,.txt,11649,260
sld.us.txt,market/Stocks,.txt,57047,1201
agr.us.txt,market/Stocks,.txt,23137,480
ocsi.us.txt,market/Stocks,.txt,51985,1095
anet.us.txt,market/Stocks,.txt,39183,868
pgc.us.txt,market/Stocks,.txt,149639,3180
bhf.us.txt,market/Stocks,.txt,3708,84
felp.us.txt,market/Stocks,.txt,40708,860
jpm_e.us.txt,market/Stocks,.txt,38068,849
sti_e.us.txt,market/Stocks,.txt,55977,1229
vrs.us.txt,market/Stocks,.txt,13584,335
cxw.us.txt,market/Stocks,.txt,156921,3202
googl.us.txt,market/Stocks,.txt,162859,3334
pwr.us.txt,market/Stocks,.txt,144441,3202
info.us.txt,market/Stocks,.txt,38534,859
eye.us.txt,market/Stocks,.txt,569,13
psa.us.txt,market/Stocks,.txt,156743,3202
kang.us.txt,market/Stocks,.txt,40153,908
lnn.us.txt,market/Stocks,.txt,154175,3202
naz.us.txt,market/Stocks,.txt,146891,3171
mpac.us.txt,market/Stocks,.txt,2595,65
lrge.us.txt,market/Stocks,.txt,909,21
ckx.us.txt,market/Stocks,.txt,93542,2052
weys.us.txt,market/Stocks,.txt,150729,3201
tnh.us.txt,market/Stocks,.txt,152894,3202
fpay.us.txt,market/Stocks,.txt,7643,200
riot.us.txt,market/Stocks,.txt,73607,1564
ytra.us.txt,market/Stocks,.txt,9426,225
gam.us.txt,market/Stocks,.txt,152501,3202
isg.us.txt,market/Stocks,.txt,86899,1820
pcmi.us.txt,market/Stocks,.txt,129424,3201
hyacu.us.txt,market/Stocks,.txt,556,13
nwsa.us.txt,market/Stocks,.txt,54765,1108
unh.us.txt,market/Stocks,.txt,347633,6965
cube.us.txt,market/Stocks,.txt,75929,1549
pnrg.us.txt,market/Stocks,.txt,94201,2350
lanc.us.txt,market/Stocks,.txt,154297,3202
ggn.us.txt,market/Stocks,.txt,154131,3182
trip.us.txt,market/Stocks,.txt,67410,1483
btx-ws.us.txt,market/Stocks,.txt,28248,689
feim.us.txt,market/Stocks,.txt,140787,3140
yeco.us.txt,market/Stocks,.txt,1254,31
tvty.us.txt,market/Stocks,.txt,140348,3202
fico.us.txt,market/Stocks,.txt,155317,3202
pub.us.txt,market/Stocks,.txt,28996,613
apen.us.txt,market/Stocks,.txt,56218,1273
wpc.us.txt,market/Stocks,.txt,153803,3202
airt.us.txt,market/Stocks,.txt,138477,3058
voya.us.txt,market/Stocks,.txt,56101,1144
nvro.us.txt,market/Stocks,.txt,33771,761
smin.us.txt,market/Stocks,.txt,59341,1277
hri.us.txt,market/Stocks,.txt,15443,345
ttoo.us.txt,market/Stocks,.txt,34261,825
ir.us.txt,market/Stocks,.txt,402269,8161
fdp.us.txt,market/Stocks,.txt,154995,3202
bhacr.us.txt,market/Stocks,.txt,10788,256
xrx.us.txt,market/Stocks,.txt,504381,10308
aeb.us.txt,market/Stocks,.txt,86124,1820
drua.us.txt,market/Stocks,.txt,15794,330
ma.us.txt,market/Stocks,.txt,144305,2889
cubi_d.us.txt,market/Stocks,.txt,15790,364
gdp.us.txt,market/Stocks,.txt,6271,150
pffr.us.txt,market/Stocks,.txt,9001,193
pes.us.txt,market/Stocks,.txt,134044,3202
kyn.us.txt,market/Stocks,.txt,155272,3202
ivz.us.txt,market/Stocks,.txt,157774,3202
pslv.us.txt,market/Stocks,.txt,74636,1769
schk.us.txt,market/Stocks,.txt,1053,23
dx_b.us.txt,market/Stocks,.txt,50919,1139
aciu.us.txt,market/Stocks,.txt,12062,288
bybk.us.txt,market/Stocks,.txt,78734,2047
pro.us.txt,market/Stocks,.txt,112342,2615
incr.us.txt,market/Stocks,.txt,33296,760
gsl.us.txt,market/Stocks,.txt,107833,2328
boch.us.txt,market/Stocks,.txt,134940,2886
hurn.us.txt,market/Stocks,.txt,140331,3202
ecom.us.txt,market/Stocks,.txt,48998,1129
exk.us.txt,market/Stocks,.txt,129961,3187
iaf.us.txt,market/Stocks,.txt,153399,3202
lw.us.txt,market/Stocks,.txt,12330,253
cnxc.us.txt,market/Stocks,.txt,28567,599
orm.us.txt,market/Stocks,.txt,52111,1103
pbib.us.txt,market/Stocks,.txt,106511,2606
navi.us.txt,market/Stocks,.txt,43930,890
cban.us.txt,market/Stocks,.txt,125646,2726
hd.us.txt,market/Stocks,.txt,459255,9115
myj.us.txt,market/Stocks,.txt,149633,3202
clsd.us.txt,market/Stocks,.txt,15017,367
ewsc.us.txt,market/Stocks,.txt,20370,440
tnp.us.txt,market/Stocks,.txt,155278,3202
umpq.us.txt,market/Stocks,.txt,156200,3202
ivenc.us.txt,market/Stocks,.txt,2428,52
apti.us.txt,market/Stocks,.txt,12812,288
unp.us.txt,market/Stocks,.txt,472387,9550
gef.us.txt,market/Stocks,.txt,155040,3202
ovid.us.txt,market/Stocks,.txt,5564,134
ncna.us.txt,market/Stocks,.txt,1439,33
ash.us.txt,market/Stocks,.txt,425801,8727
tyl.us.txt,market/Stocks,.txt,143477,3202
cxo.us.txt,market/Stocks,.txt,120042,2590
achc.us.txt,market/Stocks,.txt,67298,1517
cldx.us.txt,market/Stocks,.txt,134584,3202
wrk.us.txt,market/Stocks,.txt,29519,597
flkr.us.txt,market/Stocks,.txt,119,3
dsgx.us.txt,market/Stocks,.txt,128825,3192
neos.us.txt,market/Stocks,.txt,23795,584
cercw.us.txt,market/Stocks,.txt,14921,366
lstr.us.txt,market/Stocks,.txt,155616,3202
acy.us.txt,market/Stocks,.txt,122557,3040
clm.us.txt,market/Stocks,.txt,152621,3202
usat.us.txt,market/Stocks,.txt,128459,3202
sho.us.txt,market/Stocks,.txt,157064,3202
brks.us.txt,market/Stocks,.txt,155012,3202
fbk.us.txt,market/Stocks,.txt,12838,293
oi.us.txt,market/Stocks,.txt,144554,3202
useg.us.txt,market/Stocks,.txt,134717,3201
melr.us.txt,market/Stocks,.txt,21486,518
m.us.txt,market/Stocks,.txt,159343,3202
jaso.us.txt,market/Stocks,.txt,114224,2713
lmrk.us.txt,market/Stocks,.txt,35933,754
sndr.us.txt,market/Stocks,.txt,7370,154
pch.us.txt,market/Stocks,.txt,155430,3202
mgpi.us.txt,market/Stocks,.txt,152867,3202
jhi.us.txt,market/Stocks,.txt,151248,3202
utsi.us.txt,market/Stocks,.txt,131363,3202
vrex.us.txt,market/Stocks,.txt,8938,200
atnm.us.txt,market/Stocks,.txt,37435,918
hcn.us.txt,market/Stocks,.txt,157914,3202
nee_k.us.txt,market/Stocks,.txt,16040,361
cohr.us.txt,market/Stocks,.txt,142200,3202
ppg.us.txt,market/Stocks,.txt,428432,8727
ipwr.us.txt,market/Stocks,.txt,39666,1000
gabrw.us.txt,market/Stocks,.txt,265,6
wfc-ws.us.txt,market/Stocks,.txt,77150,1820
athn.us.txt,market/Stocks,.txt,117410,2557
ovly.us.txt,market/Stocks,.txt,106570,2331
nvax.us.txt,market/Stocks,.txt,131804,3202
taro.us.txt,market/Stocks,.txt,64886,1422
jnj.us.txt,market/Stocks,.txt,600044,12075
gst.us.txt,market/Stocks,.txt,129693,3197
ctrl.us.txt,market/Stocks,.txt,46700,1080
efas.us.txt,market/Stocks,.txt,7479,163
apdnw.us.txt,market/Stocks,.txt,26932,677
chkp.us.txt,market/Stocks,.txt,240334,5377
mgee.us.txt,market/Stocks,.txt,153024,3202
kbwy.us.txt,market/Stocks,.txt,81657,1728
kerx.us.txt,market/Stocks,.txt,135333,3202
ggt_b.us.txt,market/Stocks,.txt,47722,1055
eyesw.us.txt,market/Stocks,.txt,4002,99
nsc.us.txt,market/Stocks,.txt,439536,8941
morn.us.txt,market/Stocks,.txt,151166,3157
sgqi.us.txt,market/Stocks,.txt,6161,135
good.us.txt,market/Stocks,.txt,151929,3202
jmt.us.txt,market/Stocks,.txt,91763,1944
rdcm.us.txt,market/Stocks,.txt,124434,3122
wbif.us.txt,market/Stocks,.txt,37864,809
kmt.us.txt,market/Stocks,.txt,156401,3202
hylv.us.txt,market/Stocks,.txt,8313,179
nm_h.us.txt,market/Stocks,.txt,35890,840
gty.us.txt,market/Stocks,.txt,154056,3202
mfa_b.us.txt,market/Stocks,.txt,52552,1154
fnfv.us.txt,market/Stocks,.txt,37169,849
ncr.us.txt,market/Stocks,.txt,235634,5265
matf.us.txt,market/Stocks,.txt,16019,363
eagl.us.txt,market/Stocks,.txt,11494,288
ng.us.txt,market/Stocks,.txt,134168,3202
gsew.us.txt,market/Stocks,.txt,1870,42
afsi.us.txt,market/Stocks,.txt,135003,2768
ths.us.txt,market/Stocks,.txt,138255,3126
jt.us.txt,market/Stocks,.txt,0,0
cmc.us.txt,market/Stocks,.txt,157777,3202
veri.us.txt,market/Stocks,.txt,5627,129
rmr.us.txt,market/Stocks,.txt,22980,484
pbf.us.txt,market/Stocks,.txt,61215,1239
wmlp.us.txt,market/Stocks,.txt,85863,1835
uhs.us.txt,market/Stocks,.txt,156872,3202
hubg.us.txt,market/Stocks,.txt,141755,3202
bip.us.txt,market/Stocks,.txt,119730,2479
yum.us.txt,market/Stocks,.txt,250538,5073
csco.us.txt,market/Stocks,.txt,355128,6965
ntn.us.txt,market/Stocks,.txt,110900,3175
dcud.us.txt,market/Stocks,.txt,14468,312
peg.us.txt,market/Stocks,.txt,468956,9551
peb_c.us.txt,market/Stocks,.txt,50411,1124
baby.us.txt,market/Stocks,.txt,139947,3202
cnq.us.txt,market/Stocks,.txt,158693,3202
leco.us.txt,market/Stocks,.txt,155450,3202
if.us.txt,market/Stocks,.txt,151880,3199
pump.us.txt,market/Stocks,.txt,7569,168
too_b.us.txt,market/Stocks,.txt,28335,648
cnya.us.txt,market/Stocks,.txt,15861,352
mu.us.txt,market/Stocks,.txt,316657,7180
doc.us.txt,market/Stocks,.txt,52969,1090
kbsf.us.txt,market/Stocks,.txt,25115,627
prlb.us.txt,market/Stocks,.txt,63040,1441
bym.us.txt,market/Stocks,.txt,150502,3202
pvh.us.txt,market/Stocks,.txt,156614,3202
waas.us.txt,market/Stocks,.txt,12291,279
fljp.us.txt,market/Stocks,.txt,220,5
txn.us.txt,market/Stocks,.txt,453244,9042
avy.us.txt,market/Stocks,.txt,406882,8366
acia.us.txt,market/Stocks,.txt,17195,380
vsi.us.txt,market/Stocks,.txt,89101,2026
novn.us.txt,market/Stocks,.txt,12046,290
usatp.us.txt,market/Stocks,.txt,14777,370
acmr.us.txt,market/Stocks,.txt,278,7
insw.us.txt,market/Stocks,.txt,10572,239
csgp.us.txt,market/Stocks,.txt,145507,3202
calf.us.txt,market/Stocks,.txt,4585,102
cccr.us.txt,market/Stocks,.txt,25929,640
gci.us.txt,market/Stocks,.txt,29236,605
pcom.us.txt,market/Stocks,.txt,124423,3156
bmo.us.txt,market/Stocks,.txt,155487,3202
ggz.us.txt,market/Stocks,.txt,39662,854
ntb.us.txt,market/Stocks,.txt,14186,293
afh.us.txt,market/Stocks,.txt,50597,1193
htbk.us.txt,market/Stocks,.txt,151909,3199
cefs.us.txt,market/Stocks,.txt,7709,165
nk.us.txt,market/Stocks,.txt,24084,581
wifi.us.txt,market/Stocks,.txt,67412,1643
drrx.us.txt,market/Stocks,.txt,130485,3202
dynt.us.txt,market/Stocks,.txt,114514,3033
cmo.us.txt,market/Stocks,.txt,156070,3202
dnow.us.txt,market/Stocks,.txt,39298,870
sim.us.txt,market/Stocks,.txt,130524,3194
mmit.us.txt,market/Stocks,.txt,173,4
kmx.us.txt,market/Stocks,.txt,144585,3202
rzb.us.txt,market/Stocks,.txt,16893,359
c_s.us.txt,market/Stocks,.txt,19773,446
ubsh.us.txt,market/Stocks,.txt,152548,3202
newtl.us.txt,market/Stocks,.txt,15600,339
ffbcw.us.txt,market/Stocks,.txt,23601,625
idxg.us.txt,market/Stocks,.txt,124000,3195
dotaw.us.txt,market/Stocks,.txt,437,11
nvfy.us.txt,market/Stocks,.txt,38930,963
clfd.us.txt,market/Stocks,.txt,128613,3182
aug.us.txt,market/Stocks,.txt,3431,84
sorl.us.txt,market/Stocks,.txt,118866,3017
lvntb.us.txt,market/Stocks,.txt,559,12
tnet.us.txt,market/Stocks,.txt,40723,917
glbl.us.txt,market/Stocks,.txt,24332,578
kyn_f.us.txt,market/Stocks,.txt,51429,1141
gnmx.us.txt,market/Stocks,.txt,64324,1631
miiiw.us.txt,market/Stocks,.txt,8674,212
pfpt.us.txt,market/Stocks,.txt,62165,1402
nan.us.txt,market/Stocks,.txt,150072,3202
bxc.us.txt,market/Stocks,.txt,124350,3200
fve.us.txt,market/Stocks,.txt,128777,3202
sqbg.us.txt,market/Stocks,.txt,42792,1036
safe.us.txt,market/Stocks,.txt,4752,101
cldt.us.txt,market/Stocks,.txt,91751,1910
sdlp.us.txt,market/Stocks,.txt,61844,1275
gbci.us.txt,market/Stocks,.txt,155246,3202
pdi.us.txt,market/Stocks,.txt,66854,1377
pxus.us.txt,market/Stocks,.txt,0,0
nvr.us.txt,market/Stocks,.txt,146066,3202
adx.us.txt,market/Stocks,.txt,154167,3202
ora.us.txt,market/Stocks,.txt,154057,3202
son.us.txt,market/Stocks,.txt,155703,3202
bwfg.us.txt,market/Stocks,.txt,40218,865
bgfv.us.txt,market/Stocks,.txt,153911,3202
myf.us.txt,market/Stocks,.txt,150825,3202
dlbs.us.txt,market/Stocks,.txt,77518,1797
ospr.us.txt,market/Stocks,.txt,419,11
skyw.us.txt,market/Stocks,.txt,155350,3202
colm.us.txt,market/Stocks,.txt,155383,3202
rxiiw.us.txt,market/Stocks,.txt,8021,198
icb.us.txt,market/Stocks,.txt,150935,3202
ptx.us.txt,market/Stocks,.txt,111812,2992
stkl.us.txt,market/Stocks,.txt,131510,3202
mmd.us.txt,market/Stocks,.txt,64866,1355
ati.us.txt,market/Stocks,.txt,221028,4519
lion.us.txt,market/Stocks,.txt,148938,3160
ms_a.us.txt,market/Stocks,.txt,84520,1820
miw.us.txt,market/Stocks,.txt,127480,2796
ofc.us.txt,market/Stocks,.txt,156235,3202
a.us.txt,market/Stocks,.txt,223899,4522
gpor.us.txt,market/Stocks,.txt,140063,3196
kim_l.us.txt,market/Stocks,.txt,2686,61
oled.us.txt,market/Stocks,.txt,154341,3202
mnta.us.txt,market/Stocks,.txt,140379,3202
pbnc.us.txt,market/Stocks,.txt,21873,532
acu.us.txt,market/Stocks,.txt,143091,3085
mrin.us.txt,market/Stocks,.txt,53606,1172
omed.us.txt,market/Stocks,.txt,47008,1091
rdus.us.txt,market/Stocks,.txt,38321,868
wkhs.us.txt,market/Stocks,.txt,18789,467
ktovw.us.txt,market/Stocks,.txt,20065,482
slp.us.txt,market/Stocks,.txt,149991,3167
mho.us.txt,market/Stocks,.txt,140391,3202
aqb.us.txt,market/Stocks,.txt,8580,208
cbtx.us.txt,market/Stocks,.txt,171,4
stng.us.txt,market/Stocks,.txt,93555,1921
newtz.us.txt,market/Stocks,.txt,14464,314
fpp.us.txt,market/Stocks,.txt,141155,3197
gmre_a.us.txt,market/Stocks,.txt,1661,38
toca.us.txt,market/Stocks,.txt,6521,149
vtr.us.txt,market/Stocks,.txt,158007,3202
lho.us.txt,market/Stocks,.txt,156649,3202
kalu.us.txt,market/Stocks,.txt,138155,2860
vno_l.us.txt,market/Stocks,.txt,54907,1204
lsvx.us.txt,market/Stocks,.txt,6025,137
wtr.us.txt,market/Stocks,.txt,156328,3202
gpp.us.txt,market/Stocks,.txt,28643,602
mitk.us.txt,market/Stocks,.txt,218769,5600
afss.us.txt,market/Stocks,.txt,28548,606
lrad.us.txt,market/Stocks,.txt,150288,3201
cpla.us.txt,market/Stocks,.txt,132959,2771
abm.us.txt,market/Stocks,.txt,155209,3202
fgl.us.txt,market/Stocks,.txt,46987,987
dhx.us.txt,market/Stocks,.txt,105420,2602
vtrb.us.txt,market/Stocks,.txt,55555,1181
mags.us.txt,market/Stocks,.txt,124955,3161
tacow.us.txt,market/Stocks,.txt,28518,724
bmy.us.txt,market/Stocks,.txt,511656,10308
andx.us.txt,market/Stocks,.txt,79678,1648
wcn.us.txt,market/Stocks,.txt,124734,2602
pval.us.txt,market/Stocks,.txt,124,3
pfo.us.txt,market/Stocks,.txt,152033,3202
mgrc.us.txt,market/Stocks,.txt,153384,3202
aciw.us.txt,market/Stocks,.txt,148443,3202
mrdnw.us.txt,market/Stocks,.txt,4749,115
ustb.us.txt,market/Stocks,.txt,537,12
jnp.us.txt,market/Stocks,.txt,131087,3201
ctrv.us.txt,market/Stocks,.txt,38335,948
lob.us.txt,market/Stocks,.txt,27931,584
site.us.txt,market/Stocks,.txt,17024,381
lkq.us.txt,market/Stocks,.txt,144312,3202
abmd.us.txt,market/Stocks,.txt,140846,3200
ip.us.txt,market/Stocks,.txt,592514,12076
snv.us.txt,market/Stocks,.txt,338021,7013
mc.us.txt,market/Stocks,.txt,43569,903
cubi_f.us.txt,market/Stocks,.txt,12903,289
gpmt.us.txt,market/Stocks,.txt,4697,100
esxb.us.txt,market/Stocks,.txt,103037,2670
intl.us.txt,market/Stocks,.txt,136537,3193
gecc.us.txt,market/Stocks,.txt,11853,257
hear.us.txt,market/Stocks,.txt,58307,1420
pfbc.us.txt,market/Stocks,.txt,75178,1587
mbfip.us.txt,market/Stocks,.txt,34624,746
grfs.us.txt,market/Stocks,.txt,78841,1623
sppp.us.txt,market/Stocks,.txt,49882,1235
wdc.us.txt,market/Stocks,.txt,158491,3202
omaa.us.txt,market/Stocks,.txt,14264,311
acc.us.txt,market/Stocks,.txt,156038,3202
iqdg.us.txt,market/Stocks,.txt,16694,367
clw.us.txt,market/Stocks,.txt,99588,2250
tig.us.txt,market/Stocks,.txt,9845,225
slf.us.txt,market/Stocks,.txt,155564,3202
omer.us.txt,market/Stocks,.txt,85867,2040
hth.us.txt,market/Stocks,.txt,154199,3202
chd.us.txt,market/Stocks,.txt,157762,3202
mbii.us.txt,market/Stocks,.txt,44091,1080
blw.us.txt,market/Stocks,.txt,153653,3202
tpgh.us.txt,market/Stocks,.txt,686,17
eiv.us.txt,market/Stocks,.txt,150455,3202
w.us.txt,market/Stocks,.txt,35156,786
wrb_d.us.txt,market/Stocks,.txt,16165,368
bfam.us.txt,market/Stocks,.txt,53367,1211
eme.us.txt,market/Stocks,.txt,155628,3202
jpm_g.us.txt,market/Stocks,.txt,27075,611
jhs.us.txt,market/Stocks,.txt,150379,3202
pbyi.us.txt,market/Stocks,.txt,57427,1275
goodp.us.txt,market/Stocks,.txt,64863,1406
ifrx.us.txt,market/Stocks,.txt,167,4
entr.us.txt,market/Stocks,.txt,135,3
nvcr.us.txt,market/Stocks,.txt,22703,534
gevo.us.txt,market/Stocks,.txt,65000,1698
mkc-v.us.txt,market/Stocks,.txt,70017,1526
nee_q.us.txt,market/Stocks,.txt,23020,524
etho.us.txt,market/Stocks,.txt,22351,486
chmi.us.txt,market/Stocks,.txt,49364,1036
glad.us.txt,market/Stocks,.txt,153952,3202
ptn.us.txt,market/Stocks,.txt,126207,3201
tco_j.us.txt,market/Stocks,.txt,59469,1314
cmco.us.txt,market/Stocks,.txt,153652,3202
iret_c.us.txt,market/Stocks,.txt,1261,29
mpaa.us.txt,market/Stocks,.txt,125459,3044
ucba.us.txt,market/Stocks,.txt,98653,2155
omfl.us.txt,market/Stocks,.txt,87,2
lm.us.txt,market/Stocks,.txt,157785,3202
yerr.us.txt,market/Stocks,.txt,6261,146
exas.us.txt,market/Stocks,.txt,133868,3201
gcvrz.us.txt,market/Stocks,.txt,69594,1664
inn_c.us.txt,market/Stocks,.txt,48272,1073
hban.us.txt,market/Stocks,.txt,341957,6965
rox.us.txt,market/Stocks,.txt,115630,2904
sce_b.us.txt,market/Stocks,.txt,55093,1228
brk-a.us.txt,market/Stocks,.txt,380164,9073
lsxma.us.txt,market/Stocks,.txt,17828,399
ctdd.us.txt,market/Stocks,.txt,6176,139
apts.us.txt,market/Stocks,.txt,78912,1663
asr.us.txt,market/Stocks,.txt,153304,3202
fwona.us.txt,market/Stocks,.txt,139370,2897
defa.us.txt,market/Stocks,.txt,18801,429
glbz.us.txt,market/Stocks,.txt,89124,1949
trcrw.us.txt,market/Stocks,.txt,159,4
pcg_h.us.txt,market/Stocks,.txt,49563,1115
vtgn.us.txt,market/Stocks,.txt,15410,382
dalt.us.txt,market/Stocks,.txt,1371,31
psc.us.txt,market/Stocks,.txt,5480,120
bhge.us.txt,market/Stocks,.txt,4515,92
self.us.txt,market/Stocks,.txt,21501,461
fngn.us.txt,market/Stocks,.txt,93568,1932
apdn.us.txt,market/Stocks,.txt,137178,3524
gainm.us.txt,market/Stocks,.txt,12351,270
dhxm.us.txt,market/Stocks,.txt,21320,462
cmssu.us.txt,market/Stocks,.txt,555,13
ncmi.us.txt,market/Stocks,.txt,130642,2712
jll.us.txt,market/Stocks,.txt,155604,3202
ospru.us.txt,market/Stocks,.txt,2565,64
otex.us.txt,market/Stocks,.txt,156709,3202
nuv.us.txt,market/Stocks,.txt,154555,3202
lzb.us.txt,market/Stocks,.txt,155029,3202
gfn.us.txt,market/Stocks,.txt,103518,2703
emi.us.txt,market/Stocks,.txt,135488,2946
len-b.us.txt,market/Stocks,.txt,85807,1820
rlj.us.txt,market/Stocks,.txt,79906,1638
ypf.us.txt,market/Stocks,.txt,152985,3201
kl.us.txt,market/Stocks,.txt,2897,62
omam.us.txt,market/Stocks,.txt,37704,781
tik.us.txt,market/Stocks,.txt,89762,2379
cdr_b.us.txt,market/Stocks,.txt,61783,1359
htd.us.txt,market/Stocks,.txt,153936,3202
chh.us.txt,market/Stocks,.txt,154989,3202
useq.us.txt,market/Stocks,.txt,3907,86
pcg_d.us.txt,market/Stocks,.txt,68058,1523
kor.us.txt,market/Stocks,.txt,2224,51
agfs.us.txt,market/Stocks,.txt,31937,795
flow.us.txt,market/Stocks,.txt,23969,537
pso.us.txt,market/Stocks,.txt,154057,3202
hewl.us.txt,market/Stocks,.txt,13169,288
fprx.us.txt,market/Stocks,.txt,46284,1048
nat.us.txt,market/Stocks,.txt,156676,3202
jpm-ws.us.txt,market/Stocks,.txt,78633,1820
sbrap.us.txt,market/Stocks,.txt,52568,1127
royt.us.txt,market/Stocks,.txt,67183,1393
oilu.us.txt,market/Stocks,.txt,7262,161
irlr.us.txt,market/Stocks,.txt,168,4
wea.us.txt,market/Stocks,.txt,151609,3202
dtus.us.txt,market/Stocks,.txt,61070,1432
exel.us.txt,market/Stocks,.txt,134117,3202
boe.us.txt,market/Stocks,.txt,150314,3139
wash.us.txt,market/Stocks,.txt,152062,3202
pds.us.txt,market/Stocks,.txt,153458,3202
unf.us.txt,market/Stocks,.txt,152848,3202
kool.us.txt,market/Stocks,.txt,124014,3202
uamy.us.txt,market/Stocks,.txt,105689,2669
fosl.us.txt,market/Stocks,.txt,144667,3202
sb_d.us.txt,market/Stocks,.txt,36251,834
fac.us.txt,market/Stocks,.txt,125550,3156
macqw.us.txt,market/Stocks,.txt,3747,92
crai.us.txt,market/Stocks,.txt,152655,3202
lrcx.us.txt,market/Stocks,.txt,343338,6957
var.us.txt,market/Stocks,.txt,143246,3202
djd.us.txt,market/Stocks,.txt,19619,426
hr.us.txt,market/Stocks,.txt,155942,3202
coe.us.txt,market/Stocks,.txt,15487,358
npk.us.txt,market/Stocks,.txt,151531,3202
bif.us.txt,market/Stocks,.txt,152833,3201
vmet.us.txt,market/Stocks,.txt,0,0
rmd.us.txt,market/Stocks,.txt,157124,3202
spsb.us.txt,market/Stocks,.txt,96369,1990
insm.us.txt,market/Stocks,.txt,71973,1667
ntx.us.txt,market/Stocks,.txt,149866,3195
eht.us.txt,market/Stocks,.txt,16938,371
apvo.us.txt,market/Stocks,.txt,13501,333
svvc.us.txt,market/Stocks,.txt,73634,1647
enbl.us.txt,market/Stocks,.txt,43871,906
atxi.us.txt,market/Stocks,.txt,3849,98
opk.us.txt,market/Stocks,.txt,129567,3170
bivv.us.txt,market/Stocks,.txt,9564,212
nq.us.txt,market/Stocks,.txt,67594,1642
san_c.us.txt,market/Stocks,.txt,81725,1791
cif.us.txt,market/Stocks,.txt,153172,3202
dht.us.txt,market/Stocks,.txt,145828,3043
hqy.us.txt,market/Stocks,.txt,36843,830
cmu.us.txt,market/Stocks,.txt,152538,3202
wpm.us.txt,market/Stocks,.txt,157907,3199
kmb.us.txt,market/Stocks,.txt,408641,8296
gto.us.txt,market/Stocks,.txt,18933,407
cste.us.txt,market/Stocks,.txt,65207,1422
wafd.us.txt,market/Stocks,.txt,156049,3202
kiq.us.txt,market/Stocks,.txt,33017,772
aqn.us.txt,market/Stocks,.txt,11369,241
mlp.us.txt,market/Stocks,.txt,127363,3192
eemo.us.txt,market/Stocks,.txt,8092,174
ngvc.us.txt,market/Stocks,.txt,58089,1336
vale-p.us.txt,market/Stocks,.txt,28961,682
botz.us.txt,market/Stocks,.txt,13252,292
nsu.us.txt,market/Stocks,.txt,155223,3202
trns.us.txt,market/Stocks,.txt,108182,2782
cvna.us.txt,market/Stocks,.txt,6212,139
sji.us.txt,market/Stocks,.txt,155203,3202
cnk.us.txt,market/Stocks,.txt,129657,2661
uscr.us.txt,market/Stocks,.txt,71301,1688
hrg.us.txt,market/Stocks,.txt,128143,3155
mo.us.txt,market/Stocks,.txt,624792,12075
noah.us.txt,market/Stocks,.txt,79879,1762
roku.us.txt,market/Stocks,.txt,1497,33
hvt.us.txt,market/Stocks,.txt,152663,3202
ael.us.txt,market/Stocks,.txt,154241,3202
tier.us.txt,market/Stocks,.txt,30006,624
hbano.us.txt,market/Stocks,.txt,19625,414
pra.us.txt,market/Stocks,.txt,155358,3202
gsb.us.txt,market/Stocks,.txt,150247,3167
fwrd.us.txt,market/Stocks,.txt,154599,3202
ktec.us.txt,market/Stocks,.txt,126773,3049
mon.us.txt,market/Stocks,.txt,212141,4291
fsb.us.txt,market/Stocks,.txt,30679,729
txt.us.txt,market/Stocks,.txt,409031,8331
athx.us.txt,market/Stocks,.txt,101076,2537
novt.us.txt,market/Stocks,.txt,135257,3203
dlph.us.txt,market/Stocks,.txt,74431,1505
umbf.us.txt,market/Stocks,.txt,154776,3202
syf.us.txt,market/Stocks,.txt,41052,830
ltbr.us.txt,market/Stocks,.txt,125219,3202
rol.us.txt,market/Stocks,.txt,155452,3202
bkn.us.txt,market/Stocks,.txt,151634,3202
eno.us.txt,market/Stocks,.txt,19481,414
inuv.us.txt,market/Stocks,.txt,122618,3194
earn.us.txt,market/Stocks,.txt,54070,1145
flxs.us.txt,market/Stocks,.txt,147780,3159
olbk.us.txt,market/Stocks,.txt,121768,2620
nexa.us.txt,market/Stocks,.txt,527,12
nndm.us.txt,market/Stocks,.txt,16624,416
geh.us.txt,market/Stocks,.txt,57525,1206
navg.us.txt,market/Stocks,.txt,152976,3202
orc.us.txt,market/Stocks,.txt,56671,1197
sol.us.txt,market/Stocks,.txt,100920,2467
myd.us.txt,market/Stocks,.txt,152218,3202
pntr.us.txt,market/Stocks,.txt,104501,2724
kiorw.us.txt,market/Stocks,.txt,244,6
mark.us.txt,market/Stocks,.txt,136298,3628
wre.us.txt,market/Stocks,.txt,155633,3202
infy.us.txt,market/Stocks,.txt,158552,3202
miiiu.us.txt,market/Stocks,.txt,11458,273
esnd.us.txt,market/Stocks,.txt,155213,3202
husv.us.txt,market/Stocks,.txt,14272,305
usb_h.us.txt,market/Stocks,.txt,84501,1820
epr_c.us.txt,market/Stocks,.txt,79208,1741
vvv.us.txt,market/Stocks,.txt,13957,288
frt.us.txt,market/Stocks,.txt,155715,3202
invh.us.txt,market/Stocks,.txt,9711,199
wbt.us.txt,market/Stocks,.txt,19203,428
vdsi.us.txt,market/Stocks,.txt,134950,3202
c.us.txt,market/Stocks,.txt,590535,12075
bpfhp.us.txt,market/Stocks,.txt,48048,1036
powl.us.txt,market/Stocks,.txt,152242,3202
uis.us.txt,market/Stocks,.txt,432761,10308
sprt.us.txt,market/Stocks,.txt,141897,3202
pcf.us.txt,market/Stocks,.txt,152492,3202
bhp.us.txt,market/Stocks,.txt,158541,3202
frme.us.txt,market/Stocks,.txt,153060,3202
sien.us.txt,market/Stocks,.txt,31976,767
ttmi.us.txt,market/Stocks,.txt,136197,3202
kt.us.txt,market/Stocks,.txt,142861,3202
ssys.us.txt,market/Stocks,.txt,142685,3202
agd.us.txt,market/Stocks,.txt,135835,2847
shen.us.txt,market/Stocks,.txt,153692,3202
tis.us.txt,market/Stocks,.txt,136990,2923
ago_b.us.txt,market/Stocks,.txt,83113,1813
nbr.us.txt,market/Stocks,.txt,330857,6727
dfnl.us.txt,market/Stocks,.txt,8472,189
crus.us.txt,market/Stocks,.txt,138815,3202
ebix.us.txt,market/Stocks,.txt,151902,3155
jhg.us.txt,market/Stocks,.txt,214378,4375
wrld.us.txt,market/Stocks,.txt,141230,3202
erii.us.txt,market/Stocks,.txt,96050,2360
xper.us.txt,market/Stocks,.txt,155517,3202
lov.us.txt,market/Stocks,.txt,111213,2857
iec.us.txt,market/Stocks,.txt,119272,3085
cswc.us.txt,market/Stocks,.txt,152756,3199
agge.us.txt,market/Stocks,.txt,17527,379
knd.us.txt,market/Stocks,.txt,154109,3202
qtwo.us.txt,market/Stocks,.txt,40255,922
xitk.us.txt,market/Stocks,.txt,18120,407
stag_c.us.txt,market/Stocks,.txt,16209,371
nvee.us.txt,market/Stocks,.txt,39488,949
mov.us.txt,market/Stocks,.txt,154112,3202
hone.us.txt,market/Stocks,.txt,15126,346
crsp.us.txt,market/Stocks,.txt,11857,270
mictw.us.txt,market/Stocks,.txt,20104,482
bibl.us.txt,market/Stocks,.txt,406,9
afge.us.txt,market/Stocks,.txt,37124,790
cers.us.txt,market/Stocks,.txt,129662,3202
scln.us.txt,market/Stocks,.txt,128955,3182
blhy.us.txt,market/Stocks,.txt,11227,237
intx.us.txt,market/Stocks,.txt,144661,3198
bns.us.txt,market/Stocks,.txt,155427,3202
pffd.us.txt,market/Stocks,.txt,1983,44
irmd.us.txt,market/Stocks,.txt,34889,841
nsm.us.txt,market/Stocks,.txt,63890,1432
jctcf.us.txt,market/Stocks,.txt,103014,2522
cns.us.txt,market/Stocks,.txt,154258,3202
jpus.us.txt,market/Stocks,.txt,21461,470
vbtx.us.txt,market/Stocks,.txt,33123,770
udbi.us.txt,market/Stocks,.txt,7062,156
ismd.us.txt,market/Stocks,.txt,8048,173
aet.us.txt,market/Stocks,.txt,507401,10307
tkc.us.txt,market/Stocks,.txt,155224,3202
pypl.us.txt,market/Stocks,.txt,27246,597
ibn.us.txt,market/Stocks,.txt,159252,3202
suns.us.txt,market/Stocks,.txt,80017,1686
eacq.us.txt,market/Stocks,.txt,11940,308
hrtg.us.txt,market/Stocks,.txt,42151,877
eslt.us.txt,market/Stocks,.txt,151108,3202
kala.us.txt,market/Stocks,.txt,3634,82
pqg.us.txt,market/Stocks,.txt,1407,32
atom.us.txt,market/Stocks,.txt,12635,319
ivr_b.us.txt,market/Stocks,.txt,35285,796
wbih.us.txt,market/Stocks,.txt,38384,809
dotau.us.txt,market/Stocks,.txt,1436,33
pbh.us.txt,market/Stocks,.txt,138690,3202
cald.us.txt,market/Stocks,.txt,131633,3201
sgry.us.txt,market/Stocks,.txt,23186,535
bhvn.us.txt,market/Stocks,.txt,5975,135
rio.us.txt,market/Stocks,.txt,158353,3203
pbr-a.us.txt,market/Stocks,.txt,84770,1820
htbi.us.txt,market/Stocks,.txt,57731,1343
bnso.us.txt,market/Stocks,.txt,107450,2750
ni.us.txt,market/Stocks,.txt,410139,8336
vgi.us.txt,market/Stocks,.txt,68616,1441
dewj.us.txt,market/Stocks,.txt,18551,426
cubs.us.txt,market/Stocks,.txt,44693,968
aby.us.txt,market/Stocks,.txt,41795,863
tcmd.us.txt,market/Stocks,.txt,14476,328
acerw.us.txt,market/Stocks,.txt,28068,636
zais.us.txt,market/Stocks,.txt,43109,1051
mxf.us.txt,market/Stocks,.txt,152465,3202
smit.us.txt,market/Stocks,.txt,99094,2582
hrs.us.txt,market/Stocks,.txt,156778,3202
gain.us.txt,market/Stocks,.txt,150520,3121
roka.us.txt,market/Stocks,.txt,32717,840
snn.us.txt,market/Stocks,.txt,155021,3202
sxcp.us.txt,market/Stocks,.txt,58077,1215
pei.us.txt,market/Stocks,.txt,155570,3202
intt.us.txt,market/Stocks,.txt,120391,3100
cake.us.txt,market/Stocks,.txt,156686,3202
irs.us.txt,market/Stocks,.txt,152770,3202
rnn.us.txt,market/Stocks,.txt,99599,2723
ctaa.us.txt,market/Stocks,.txt,21396,451
nsa.us.txt,market/Stocks,.txt,31262,647
ally.us.txt,market/Stocks,.txt,44949,907
bcacr.us.txt,market/Stocks,.txt,2109,51
fsv.us.txt,market/Stocks,.txt,29372,620
sage.us.txt,market/Stocks,.txt,37141,839
wire.us.txt,market/Stocks,.txt,154172,3202
ncom.us.txt,market/Stocks,.txt,28317,671
ard.us.txt,market/Stocks,.txt,7901,170
zg.us.txt,market/Stocks,.txt,75786,1591
abio.us.txt,market/Stocks,.txt,136880,3202
gsv.us.txt,market/Stocks,.txt,55300,1366
ctrn.us.txt,market/Stocks,.txt,150938,3146
pru.us.txt,market/Stocks,.txt,198635,4006
chkr.us.txt,market/Stocks,.txt,72460,1509
seic.us.txt,market/Stocks,.txt,155987,3202
masi.us.txt,market/Stocks,.txt,115258,2587
gseu.us.txt,market/Stocks,.txt,17821,386
ne.us.txt,market/Stocks,.txt,341504,6963
cir.us.txt,market/Stocks,.txt,153286,3202
smp.us.txt,market/Stocks,.txt,153647,3202
thq.us.txt,market/Stocks,.txt,40137,832
roll.us.txt,market/Stocks,.txt,145234,3088
cma.us.txt,market/Stocks,.txt,341205,6964
crcm.us.txt,market/Stocks,.txt,39828,960
dbvt.us.txt,market/Stocks,.txt,33957,772
haha.us.txt,market/Stocks,.txt,875,19
vcv.us.txt,market/Stocks,.txt,151384,3201
cyrxw.us.txt,market/Stocks,.txt,14964,380
rmp.us.txt,market/Stocks,.txt,34873,733
insy.us.txt,market/Stocks,.txt,58764,1293
gpja.us.txt,market/Stocks,.txt,1503,35
alog.us.txt,market/Stocks,.txt,153110,3202
els.us.txt,market/Stocks,.txt,155595,3202
bosc.us.txt,market/Stocks,.txt,110893,2846
ric.us.txt,market/Stocks,.txt,127748,3202
hebt.us.txt,market/Stocks,.txt,8878,223
ggt.us.txt,market/Stocks,.txt,152822,3202
ntl.us.txt,market/Stocks,.txt,144801,3117
bma.us.txt,market/Stocks,.txt,140933,2932
acnb.us.txt,market/Stocks,.txt,131499,2846
hbb.us.txt,market/Stocks,.txt,1320,31
yy.us.txt,market/Stocks,.txt,55649,1254
shsp.us.txt,market/Stocks,.txt,59163,1382
atkr.us.txt,market/Stocks,.txt,16062,361
ntic.us.txt,market/Stocks,.txt,114875,2895
xent.us.txt,market/Stocks,.txt,36446,835
wbid.us.txt,market/Stocks,.txt,37751,809
kelyb.us.txt,market/Stocks,.txt,1801,40
ppsi.us.txt,market/Stocks,.txt,32065,839
asns.us.txt,market/Stocks,.txt,0,0
gmlpp.us.txt,market/Stocks,.txt,454,10
fph.us.txt,market/Stocks,.txt,5733,131
xweb.us.txt,market/Stocks,.txt,7326,162
comm.us.txt,market/Stocks,.txt,45954,1021
wabc.us.txt,market/Stocks,.txt,154983,3202
eyegw.us.txt,market/Stocks,.txt,12783,324
hyhg.us.txt,market/Stocks,.txt,53058,1127
fnbg.us.txt,market/Stocks,.txt,37014,797
schw_d.us.txt,market/Stocks,.txt,18840,425
acglp.us.txt,market/Stocks,.txt,13024,281
jof.us.txt,market/Stocks,.txt,152194,3202
pgti.us.txt,market/Stocks,.txt,118229,2864
immr.us.txt,market/Stocks,.txt,131965,3202
ensg.us.txt,market/Stocks,.txt,122110,2521
kof.us.txt,market/Stocks,.txt,153694,3202
aeis.us.txt,market/Stocks,.txt,140964,3202
nes.us.txt,market/Stocks,.txt,952,23
infu.us.txt,market/Stocks,.txt,90937,2357
wri.us.txt,market/Stocks,.txt,156646,3202
ctws.us.txt,market/Stocks,.txt,151620,3202
ida.us.txt,market/Stocks,.txt,155509,3202
ccrc.us.txt,market/Stocks,.txt,20843,479
lnt.us.txt,market/Stocks,.txt,157556,3202
grx.us.txt,market/Stocks,.txt,123734,2619
gild.us.txt,market/Stocks,.txt,328964,6497
opht.us.txt,market/Stocks,.txt,45443,1043
lgih.us.txt,market/Stocks,.txt,44909,1012
aobc.us.txt,market/Stocks,.txt,136104,3202
amid.us.txt,market/Stocks,.txt,75502,1585
hf.us.txt,market/Stocks,.txt,129873,2715
faar.us.txt,market/Stocks,.txt,12149,270
thst.us.txt,market/Stocks,.txt,42212,1068
vdth.us.txt,market/Stocks,.txt,27110,662
psmb.us.txt,market/Stocks,.txt,7825,175
djco.us.txt,market/Stocks,.txt,83211,2045
nro.us.txt,market/Stocks,.txt,154936,3202
ssnc.us.txt,market/Stocks,.txt,92956,1921
frt_c.us.txt,market/Stocks,.txt,1277,29
otel.us.txt,market/Stocks,.txt,42378,1081
apt.us.txt,market/Stocks,.txt,126338,3202
miy.us.txt,market/Stocks,.txt,150451,3202
lilak.us.txt,market/Stocks,.txt,26729,600
erie.us.txt,market/Stocks,.txt,152708,3202
pave.us.txt,market/Stocks,.txt,7813,174
nee_i.us.txt,market/Stocks,.txt,57189,1252
refr.us.txt,market/Stocks,.txt,126365,3201
icl.us.txt,market/Stocks,.txt,37773,792
dmrl.us.txt,market/Stocks,.txt,1113,25
din.us.txt,market/Stocks,.txt,154788,3202
htgx.us.txt,market/Stocks,.txt,38865,837
mgcd.us.txt,market/Stocks,.txt,141392,3046
ndraw.us.txt,market/Stocks,.txt,1205,30
o.us.txt,market/Stocks,.txt,157428,3202
nymtp.us.txt,market/Stocks,.txt,52346,1117
sieb.us.txt,market/Stocks,.txt,112001,2448
asfi.us.txt,market/Stocks,.txt,142146,3189
rfda.us.txt,market/Stocks,.txt,15281,328
jw-a.us.txt,market/Stocks,.txt,87929,1820
dsu.us.txt,market/Stocks,.txt,153867,3202
vips.us.txt,market/Stocks,.txt,64852,1421
srv.us.txt,market/Stocks,.txt,122029,2574
ddls.us.txt,market/Stocks,.txt,18811,420
pstg.us.txt,market/Stocks,.txt,23895,531
ccxi.us.txt,market/Stocks,.txt,59455,1450
brg.us.txt,market/Stocks,.txt,43350,916
altr.us.txt,market/Stocks,.txt,389,9
pw_a.us.txt,market/Stocks,.txt,12375,289
splp.us.txt,market/Stocks,.txt,61646,1341
sgms.us.txt,market/Stocks,.txt,139717,3202
mdrx.us.txt,market/Stocks,.txt,141413,3202
jpm_d-cl.us.txt,market/Stocks,.txt,384,9
msb.us.txt,market/Stocks,.txt,153306,3202
bl.us.txt,market/Stocks,.txt,11659,263
fteo.us.txt,market/Stocks,.txt,29634,661
amcn.us.txt,market/Stocks,.txt,101800,2522
plus.us.txt,market/Stocks,.txt,138532,3195
cah.us.txt,market/Stocks,.txt,370060,7520
rndv.us.txt,market/Stocks,.txt,3397,74
mfnc.us.txt,market/Stocks,.txt,100978,2202
pnm.us.txt,market/Stocks,.txt,155545,3202
nxe.us.txt,market/Stocks,.txt,5077,125
edi.us.txt,market/Stocks,.txt,60357,1270
trec.us.txt,market/Stocks,.txt,126052,3161
krp.us.txt,market/Stocks,.txt,9260,196
bah.us.txt,market/Stocks,.txt,85637,1757
eacqu.us.txt,market/Stocks,.txt,918,22
csod.us.txt,market/Stocks,.txt,74305,1672
bzun.us.txt,market/Stocks,.txt,26829,627
jfr.us.txt,market/Stocks,.txt,154611,3202
peri.us.txt,market/Stocks,.txt,61996,1511
mcs.us.txt,market/Stocks,.txt,152777,3202
tti.us.txt,market/Stocks,.txt,136524,3202
tpz.us.txt,market/Stocks,.txt,99338,2090
tanni.us.txt,market/Stocks,.txt,15940,345
wfc_n.us.txt,market/Stocks,.txt,60642,1319
uti.us.txt,market/Stocks,.txt,150446,3202
iif.us.txt,market/Stocks,.txt,153158,3202
slra.us.txt,market/Stocks,.txt,58269,1236
ezpw.us.txt,market/Stocks,.txt,138239,3202
pbctp.us.txt,market/Stocks,.txt,10966,239
catc.us.txt,market/Stocks,.txt,586,14
cobz.us.txt,market/Stocks,.txt,152851,3202
etx.us.txt,market/Stocks,.txt,55537,1169
relx.us.txt,market/Stocks,.txt,153517,3202
cbs-a.us.txt,market/Stocks,.txt,83679,1799
ea.us.txt,market/Stocks,.txt,68091,1484
live.us.txt,market/Stocks,.txt,118734,3001
landp.us.txt,market/Stocks,.txt,13206,291
ar.us.txt,market/Stocks,.txt,46708,1032
ghc.us.txt,market/Stocks,.txt,152338,3202
mfin.us.txt,market/Stocks,.txt,151640,3202
ainv.us.txt,market/Stocks,.txt,157538,3202
psdv.us.txt,market/Stocks,.txt,124477,3163
rft.us.txt,market/Stocks,.txt,41451,889
psa_e.us.txt,market/Stocks,.txt,12041,271
glp.us.txt,market/Stocks,.txt,145920,3053
serv.us.txt,market/Stocks,.txt,38275,853
ofg_b.us.txt,market/Stocks,.txt,65175,1449
qvcb.us.txt,market/Stocks,.txt,65142,1570
whr.us.txt,market/Stocks,.txt,422014,8678
bgio.us.txt,market/Stocks,.txt,7907,183
ntwk.us.txt,market/Stocks,.txt,123266,3202
dd_a.us.txt,market/Stocks,.txt,63301,1438
bbgi.us.txt,market/Stocks,.txt,143650,3073
brg_d.us.txt,market/Stocks,.txt,11458,264
cb.us.txt,market/Stocks,.txt,304131,6202
krys.us.txt,market/Stocks,.txt,1632,39
gjs.us.txt,market/Stocks,.txt,58555,1269
qadb.us.txt,market/Stocks,.txt,136505,2919
kkr_a.us.txt,market/Stocks,.txt,18377,413
snhy.us.txt,market/Stocks,.txt,153451,3202
chscm.us.txt,market/Stocks,.txt,37870,797
ddr_j.us.txt,market/Stocks,.txt,59525,1315
eat.us.txt,market/Stocks,.txt,157638,3202
chrw.us.txt,market/Stocks,.txt,247797,5049
pm.us.txt,market/Stocks,.txt,121156,2434
mac.us.txt,market/Stocks,.txt,157385,3202
fxjp.us.txt,market/Stocks,.txt,297,7
gatx.us.txt,market/Stocks,.txt,155466,3202
fmdg.us.txt,market/Stocks,.txt,2178,48
swk.us.txt,market/Stocks,.txt,396766,8161
emsd.us.txt,market/Stocks,.txt,21367,473
bctf.us.txt,market/Stocks,.txt,26575,587
hgsh.us.txt,market/Stocks,.txt,85459,2162
teva.us.txt,market/Stocks,.txt,343445,6938
sltb.us.txt,market/Stocks,.txt,35794,773
chek.us.txt,market/Stocks,.txt,25337,637
evh.us.txt,market/Stocks,.txt,26955,617
sci.us.txt,market/Stocks,.txt,156439,3202
hotr.us.txt,market/Stocks,.txt,46330,1206
leju.us.txt,market/Stocks,.txt,38203,902
quik.us.txt,market/Stocks,.txt,128842,3202
crmt.us.txt,market/Stocks,.txt,138671,3202
vmo.us.txt,market/Stocks,.txt,152133,3202
do.us.txt,market/Stocks,.txt,156665,3202
mua.us.txt,market/Stocks,.txt,151192,3202
usna.us.txt,market/Stocks,.txt,146897,3202
inbkl.us.txt,market/Stocks,.txt,10076,224
acst.us.txt,market/Stocks,.txt,46978,1211
all.us.txt,market/Stocks,.txt,303717,6155
bmrn.us.txt,market/Stocks,.txt,143372,3200
rci.us.txt,market/Stocks,.txt,155584,3202
mtge.us.txt,market/Stocks,.txt,76823,1579
nymx.us.txt,market/Stocks,.txt,126836,3200
gim.us.txt,market/Stocks,.txt,155429,3202
bcx.us.txt,market/Stocks,.txt,80286,1665
whlm.us.txt,market/Stocks,.txt,19351,506
emgf.us.txt,market/Stocks,.txt,20090,443
jco.us.txt,market/Stocks,.txt,6851,160
dysl.us.txt,market/Stocks,.txt,103893,2678
atax.us.txt,market/Stocks,.txt,151595,3183
bery.us.txt,market/Stocks,.txt,57656,1286
omi.us.txt,market/Stocks,.txt,155638,3202
virc.us.txt,market/Stocks,.txt,128260,3001
ddjp.us.txt,market/Stocks,.txt,18730,425
nee_g-cl.us.txt,market/Stocks,.txt,888,20
sgoc.us.txt,market/Stocks,.txt,50748,1275
esba.us.txt,market/Stocks,.txt,47342,1012
nmi.us.txt,market/Stocks,.txt,149376,3199
lfvn.us.txt,market/Stocks,.txt,53673,1301
rst.us.txt,market/Stocks,.txt,91225,2162
arcx.us.txt,market/Stocks,.txt,47842,1012
dlr_c.us.txt,market/Stocks,.txt,1848,42
pxs.us.txt,market/Stocks,.txt,19713,488
hgsd.us.txt,market/Stocks,.txt,19149,429
bse.us.txt,market/Stocks,.txt,148230,3200
itus.us.txt,market/Stocks,.txt,296036,7166
mnov.us.txt,market/Stocks,.txt,101574,2607
putw.us.txt,market/Stocks,.txt,19914,435
rfap.us.txt,market/Stocks,.txt,14785,320
tr.us.txt,market/Stocks,.txt,87066,1820
vrml.us.txt,market/Stocks,.txt,78808,1964
mind.us.txt,market/Stocks,.txt,133630,3201
dvd.us.txt,market/Stocks,.txt,149448,3167
knsl.us.txt,market/Stocks,.txt,15459,328
anik.us.txt,market/Stocks,.txt,135537,3202
lvs.us.txt,market/Stocks,.txt,159425,3202
tues.us.txt,market/Stocks,.txt,133584,3202
rnet.us.txt,market/Stocks,.txt,75366,1738
gnl.us.txt,market/Stocks,.txt,30072,620
cowz.us.txt,market/Stocks,.txt,10419,226
ptgx.us.txt,market/Stocks,.txt,13943,318
sohu.us.txt,market/Stocks,.txt,142200,3202
pegi.us.txt,market/Stocks,.txt,50639,1041
uthr.us.txt,market/Stocks,.txt,146202,3202
ohgi.us.txt,market/Stocks,.txt,73782,1837
buff.us.txt,market/Stocks,.txt,26315,585
gpt_a.us.txt,market/Stocks,.txt,19129,430
dax.us.txt,market/Stocks,.txt,34495,744
glng.us.txt,market/Stocks,.txt,155026,3202
wdfc.us.txt,market/Stocks,.txt,152883,3202
wtba.us.txt,market/Stocks,.txt,151166,3201
srax.us.txt,market/Stocks,.txt,10948,269
agm_a.us.txt,market/Stocks,.txt,37008,875
ihd.us.txt,market/Stocks,.txt,78988,1649
wuba.us.txt,market/Stocks,.txt,45201,1017
rtix.us.txt,market/Stocks,.txt,128919,3202
miii.us.txt,market/Stocks,.txt,6370,160
ome.us.txt,market/Stocks,.txt,153013,3199
stdy.us.txt,market/Stocks,.txt,25955,666
bgg.us.txt,market/Stocks,.txt,155493,3202
rick.us.txt,market/Stocks,.txt,151929,3202
ebf.us.txt,market/Stocks,.txt,154071,3202
nymt.us.txt,market/Stocks,.txt,152449,3174
cfco.us.txt,market/Stocks,.txt,11735,277
mmdmu.us.txt,market/Stocks,.txt,3739,87
wmc.us.txt,market/Stocks,.txt,67125,1388
pset.us.txt,market/Stocks,.txt,1924,42
vnda.us.txt,market/Stocks,.txt,122805,2918
cgg.us.txt,market/Stocks,.txt,146191,3192
pbee.us.txt,market/Stocks,.txt,1114,27
vmc.us.txt,market/Stocks,.txt,364719,7522
fcbc.us.txt,market/Stocks,.txt,151752,3202
igld.us.txt,market/Stocks,.txt,124280,3059
pfis.us.txt,market/Stocks,.txt,42282,908
aeti.us.txt,market/Stocks,.txt,118156,3088
aht_f.us.txt,market/Stocks,.txt,14832,334
hska.us.txt,market/Stocks,.txt,125652,3200
itgr.us.txt,market/Stocks,.txt,140762,3202
msn.us.txt,market/Stocks,.txt,146905,3175
vygr.us.txt,market/Stocks,.txt,21818,506
jets.us.txt,market/Stocks,.txt,28822,619
ivlu.us.txt,market/Stocks,.txt,22321,481
dde.us.txt,market/Stocks,.txt,142086,3201
ldr.us.txt,market/Stocks,.txt,151514,3185
ing.us.txt,market/Stocks,.txt,157684,3202
pmbc.us.txt,market/Stocks,.txt,126146,3181
hydb.us.txt,market/Stocks,.txt,3253,72
bvx.us.txt,market/Stocks,.txt,124613,3196
salm.us.txt,market/Stocks,.txt,150542,3176
mdr.us.txt,market/Stocks,.txt,139316,3202
crk.us.txt,market/Stocks,.txt,148256,3202
prtk.us.txt,market/Stocks,.txt,131556,2894
cpss.us.txt,market/Stocks,.txt,126126,3200
hmnf.us.txt,market/Stocks,.txt,115020,2883
stbz.us.txt,market/Stocks,.txt,79320,1657
hawk.us.txt,market/Stocks,.txt,50656,1153
plbc.us.txt,market/Stocks,.txt,120945,2621
drio.us.txt,market/Stocks,.txt,47227,1161
cvx.us.txt,market/Stocks,.txt,594243,12074
ltc.us.txt,market/Stocks,.txt,155153,3202
banr.us.txt,market/Stocks,.txt,77248,1605
bac_a.us.txt,market/Stocks,.txt,17415,392
slab.us.txt,market/Stocks,.txt,142263,3202
ondk.us.txt,market/Stocks,.txt,30546,733
flqg.us.txt,market/Stocks,.txt,12710,279
mvis.us.txt,market/Stocks,.txt,132459,3202
cbz.us.txt,market/Stocks,.txt,130313,3202
amn.us.txt,market/Stocks,.txt,137635,3202
tait.us.txt,market/Stocks,.txt,104209,2256
cetxp.us.txt,market/Stocks,.txt,6268,141
znga.us.txt,market/Stocks,.txt,62817,1485
cdzi.us.txt,market/Stocks,.txt,129254,3152
pzc.us.txt,market/Stocks,.txt,151768,3202
wfhy.us.txt,market/Stocks,.txt,15563,354
lmos.us.txt,market/Stocks,.txt,69836,1517
lgl.us.txt,market/Stocks,.txt,101016,2614
cato.us.txt,market/Stocks,.txt,154779,3202
dpg.us.txt,market/Stocks,.txt,76393,1585
fmbh.us.txt,market/Stocks,.txt,91601,1980
idsa.us.txt,market/Stocks,.txt,126792,3173
hmy.us.txt,market/Stocks,.txt,259790,5317
bldp.us.txt,market/Stocks,.txt,130250,3202
kemp.us.txt,market/Stocks,.txt,18098,416
glyc.us.txt,market/Stocks,.txt,39283,969
sync.us.txt,market/Stocks,.txt,58112,1450
tphs.us.txt,market/Stocks,.txt,18574,474
hsii.us.txt,market/Stocks,.txt,154064,3202
cris.us.txt,market/Stocks,.txt,129445,3202
celc.us.txt,market/Stocks,.txt,1730,39
ccl.us.txt,market/Stocks,.txt,358273,7272
alx.us.txt,market/Stocks,.txt,149847,3201
jpt.us.txt,market/Stocks,.txt,9557,202
atrc.us.txt,market/Stocks,.txt,128724,3089
nwli.us.txt,market/Stocks,.txt,148470,3191
edge.us.txt,market/Stocks,.txt,22470,535
ardm.us.txt,market/Stocks,.txt,33824,853
ti-a.us.txt,market/Stocks,.txt,85458,1820
all_c.us.txt,market/Stocks,.txt,46654,1036
snoaw.us.txt,market/Stocks,.txt,27852,670
bios.us.txt,market/Stocks,.txt,130490,3202
spr.us.txt,market/Stocks,.txt,135599,2764
goex.us.txt,market/Stocks,.txt,82931,1765
jgh.us.txt,market/Stocks,.txt,35749,747
cibr.us.txt,market/Stocks,.txt,27794,595
mbi.us.txt,market/Stocks,.txt,331972,7654
nflx.us.txt,market/Stocks,.txt,158146,3202
pkd.us.txt,market/Stocks,.txt,130547,3202
gnt.us.txt,market/Stocks,.txt,81974,1708
ge.us.txt,market/Stocks,.txt,705515,14059
brgl.us.txt,market/Stocks,.txt,766,17
slnow.us.txt,market/Stocks,.txt,20838,535
ttek.us.txt,market/Stocks,.txt,155073,3202
chubk.us.txt,market/Stocks,.txt,14547,330
dezu.us.txt,market/Stocks,.txt,18785,424
cart.us.txt,market/Stocks,.txt,81380,2120
afsi_b.us.txt,market/Stocks,.txt,29861,679
pola.us.txt,market/Stocks,.txt,9526,236
nnc.us.txt,market/Stocks,.txt,148827,3183
dffn.us.txt,market/Stocks,.txt,9996,246
wyy.us.txt,market/Stocks,.txt,128660,3193
bstc.us.txt,market/Stocks,.txt,119993,2923
args.us.txt,market/Stocks,.txt,38728,950
ssl.us.txt,market/Stocks,.txt,155573,3202
rcon.us.txt,market/Stocks,.txt,82705,2080
wrlsw.us.txt,market/Stocks,.txt,1746,44
rilyl.us.txt,market/Stocks,.txt,9963,220
py.us.txt,market/Stocks,.txt,4875,107
vrig.us.txt,market/Stocks,.txt,12985,276
vbiv.us.txt,market/Stocks,.txt,81467,1782
med.us.txt,market/Stocks,.txt,154588,3202
tnp_d.us.txt,market/Stocks,.txt,28367,639
nls.us.txt,market/Stocks,.txt,134178,3202
alsk.us.txt,market/Stocks,.txt,144738,3202
rell.us.txt,market/Stocks,.txt,151492,3202
idsy.us.txt,market/Stocks,.txt,128372,3199
lts_a.us.txt,market/Stocks,.txt,50976,1125
acer.us.txt,market/Stocks,.txt,136500,3126
zb_g.us.txt,market/Stocks,.txt,54200,1200
vz.us.txt,market/Stocks,.txt,426448,8565
tbbk.us.txt,market/Stocks,.txt,132554,3202
aldw.us.txt,market/Stocks,.txt,60254,1255
abrn.us.txt,market/Stocks,.txt,40707,876
rbs.us.txt,market/Stocks,.txt,109609,2541
whf.us.txt,market/Stocks,.txt,58185,1245
bac_y.us.txt,market/Stocks,.txt,31102,704
cbb.us.txt,market/Stocks,.txt,135586,3202
strs.us.txt,market/Stocks,.txt,129860,2820
icad.us.txt,market/Stocks,.txt,125975,3202
hfbc.us.txt,market/Stocks,.txt,130156,2805
tcbk.us.txt,market/Stocks,.txt,152335,3202
dcp.us.txt,market/Stocks,.txt,145465,3008
sbs.us.txt,market/Stocks,.txt,157084,3202
zfgn.us.txt,market/Stocks,.txt,36075,859
mnr_c.us.txt,market/Stocks,.txt,13114,294
tail.us.txt,market/Stocks,.txt,7101,153
brs.us.txt,market/Stocks,.txt,154658,3202
kex.us.txt,market/Stocks,.txt,142211,3202
nom.us.txt,market/Stocks,.txt,127417,2760
dgica.us.txt,market/Stocks,.txt,151482,3202
tcrz.us.txt,market/Stocks,.txt,20905,451
prts.us.txt,market/Stocks,.txt,107512,2709
crs.us.txt,market/Stocks,.txt,155790,3202
lngr.us.txt,market/Stocks,.txt,9135,204
mbwm.us.txt,market/Stocks,.txt,151497,3200
rndb.us.txt,market/Stocks,.txt,14580,331
tmusp.us.txt,market/Stocks,.txt,24318,517
snmp.us.txt,market/Stocks,.txt,128973,2766
jhmf.us.txt,market/Stocks,.txt,21250,461
dmlp.us.txt,market/Stocks,.txt,152757,3202
nxq.us.txt,market/Stocks,.txt,150332,3202
bf-a.us.txt,market/Stocks,.txt,85655,1818
cdns.us.txt,market/Stocks,.txt,142372,3202
bml_l.us.txt,market/Stocks,.txt,84337,1820
bx.us.txt,market/Stocks,.txt,129437,2619
ceo.us.txt,market/Stocks,.txt,155106,3201
yndx.us.txt,market/Stocks,.txt,73681,1629
icfi.us.txt,market/Stocks,.txt,121972,2802
yext.us.txt,market/Stocks,.txt,6625,149
sam.us.txt,market/Stocks,.txt,144078,3202
dlhc.us.txt,market/Stocks,.txt,113017,2936
cunb.us.txt,market/Stocks,.txt,53198,1251
mksi.us.txt,market/Stocks,.txt,155215,3202
plug.us.txt,market/Stocks,.txt,67341,1612
anh.us.txt,market/Stocks,.txt,157376,3202
asur.us.txt,market/Stocks,.txt,130909,3116
pre_h.us.txt,market/Stocks,.txt,17042,385
shop.us.txt,market/Stocks,.txt,28226,627
mtw.us.txt,market/Stocks,.txt,156664,3202
hqcl.us.txt,market/Stocks,.txt,127705,2745
vly.us.txt,market/Stocks,.txt,156236,3202
fccy.us.txt,market/Stocks,.txt,116700,2537
sfl.us.txt,market/Stocks,.txt,154859,3202
brac.us.txt,market/Stocks,.txt,481,12
ifon.us.txt,market/Stocks,.txt,122998,3169
ctic.us.txt,market/Stocks,.txt,64038,1616
gpe_a-cl.us.txt,market/Stocks,.txt,1037,23
bbn.us.txt,market/Stocks,.txt,87904,1814
ego.us.txt,market/Stocks,.txt,156904,3202
banf.us.txt,market/Stocks,.txt,152499,3202
bsac.us.txt,market/Stocks,.txt,154988,3202
flqs.us.txt,market/Stocks,.txt,4967,115
arrs.us.txt,market/Stocks,.txt,142430,3202
lcnb.us.txt,market/Stocks,.txt,69408,1491
cacg.us.txt,market/Stocks,.txt,5857,131
zbh.us.txt,market/Stocks,.txt,201731,4093
icvt.us.txt,market/Stocks,.txt,24495,531
sui_a.us.txt,market/Stocks,.txt,49265,1102
mck.us.txt,market/Stocks,.txt,284282,5786
re.us.txt,market/Stocks,.txt,155531,3202
dps.us.txt,market/Stocks,.txt,118650,2405
ras_a.us.txt,market/Stocks,.txt,82962,1818
cur.us.txt,market/Stocks,.txt,116864,2743
wfc_v.us.txt,market/Stocks,.txt,24211,545
mrtn.us.txt,market/Stocks,.txt,154633,3202
tpb.us.txt,market/Stocks,.txt,16628,382
deltw.us.txt,market/Stocks,.txt,17050,414
bur.us.txt,market/Stocks,.txt,50365,1277
esgd.us.txt,market/Stocks,.txt,13077,287
spke.us.txt,market/Stocks,.txt,39673,832
bt.us.txt,market/Stocks,.txt,155123,3202
gabr.us.txt,market/Stocks,.txt,137,3
ncsm.us.txt,market/Stocks,.txt,6136,139
dwtr.us.txt,market/Stocks,.txt,25061,529
fdef.us.txt,market/Stocks,.txt,150776,3195
gblil.us.txt,market/Stocks,.txt,6710,148
wayn.us.txt,market/Stocks,.txt,104958,2276
mtem.us.txt,market/Stocks,.txt,138467,3202
hunt.us.txt,market/Stocks,.txt,3405,87
pfmt.us.txt,market/Stocks,.txt,54178,1324
gov.us.txt,market/Stocks,.txt,103483,2129
bap.us.txt,market/Stocks,.txt,155114,3201
rgse.us.txt,market/Stocks,.txt,95893,2397
pdfs.us.txt,market/Stocks,.txt,134954,3202
gdv_d.us.txt,market/Stocks,.txt,78085,1722
ocip.us.txt,market/Stocks,.txt,48330,1034
jag.us.txt,market/Stocks,.txt,8989,202
sfix.us.txt,market/Stocks,.txt,0,0
naov.us.txt,market/Stocks,.txt,275,7
two.us.txt,market/Stocks,.txt,99397,2024
dsm.us.txt,market/Stocks,.txt,154124,3202
ayx.us.txt,market/Stocks,.txt,7293,163
xplr.us.txt,market/Stocks,.txt,49378,1252
ldf.us.txt,market/Stocks,.txt,150527,3201
ins.us.txt,market/Stocks,.txt,112613,2472
rpai.us.txt,market/Stocks,.txt,69075,1412
gs_k.us.txt,market/Stocks,.txt,40079,891
noa.us.txt,market/Stocks,.txt,131887,2763
jmpc.us.txt,market/Stocks,.txt,40226,868
bsqr.us.txt,market/Stocks,.txt,125225,3180
stm.us.txt,market/Stocks,.txt,157601,3202
mfv.us.txt,market/Stocks,.txt,151348,3202
metc.us.txt,market/Stocks,.txt,8080,197
bbt_g.us.txt,market/Stocks,.txt,52105,1143
nflt.us.txt,market/Stocks,.txt,26969,570
uvsp.us.txt,market/Stocks,.txt,151840,3202
yume.us.txt,market/Stocks,.txt,51588,1077
dvem.us.txt,market/Stocks,.txt,17049,369
htld.us.txt,market/Stocks,.txt,155664,3202
bbdo.us.txt,market/Stocks,.txt,52842,1150
alt.us.txt,market/Stocks,.txt,139824,3009
ozm.us.txt,market/Stocks,.txt,122616,2518
advm.us.txt,market/Stocks,.txt,34233,830
vmw.us.txt,market/Stocks,.txt,116885,2583
atro.us.txt,market/Stocks,.txt,375645,7790
sgb.us.txt,market/Stocks,.txt,106074,2313
dfvs.us.txt,market/Stocks,.txt,2330,52
bgs.us.txt,market/Stocks,.txt,127693,2639
zumz.us.txt,market/Stocks,.txt,138681,3154
ebr.us.txt,market/Stocks,.txt,11104,274
spyd.us.txt,market/Stocks,.txt,24418,519
csml.us.txt,market/Stocks,.txt,5925,126
rigl.us.txt,market/Stocks,.txt,132569,3202
mdgl.us.txt,market/Stocks,.txt,119336,2714
dvp.us.txt,market/Stocks,.txt,35485,760
csq.us.txt,market/Stocks,.txt,155611,3202
pkbk.us.txt,market/Stocks,.txt,135092,2925
erc.us.txt,market/Stocks,.txt,153969,3202
coda.us.txt,market/Stocks,.txt,3323,82
evp.us.txt,market/Stocks,.txt,139797,3046
sbbc.us.txt,market/Stocks,.txt,6524,146
adus.us.txt,market/Stocks,.txt,83892,2023
sqzz.us.txt,market/Stocks,.txt,3355,76
dnbf.us.txt,market/Stocks,.txt,100173,2180
acta.us.txt,market/Stocks,.txt,135055,3202
mrt.us.txt,market/Stocks,.txt,13392,284
sblkl.us.txt,market/Stocks,.txt,34218,739
dal.us.txt,market/Stocks,.txt,491259,9549
ten.us.txt,market/Stocks,.txt,155255,3202
srun.us.txt,market/Stocks,.txt,5857,136
optt.us.txt,market/Stocks,.txt,103014,2660
wppgy.us.txt,market/Stocks,.txt,153355,3202
tpor.us.txt,market/Stocks,.txt,4397,99
cown.us.txt,market/Stocks,.txt,121495,2856
afb.us.txt,market/Stocks,.txt,151431,3202
lbai.us.txt,market/Stocks,.txt,151783,3202
dnkn.us.txt,market/Stocks,.txt,77672,1585
prov.us.txt,market/Stocks,.txt,149718,3175
cme.us.txt,market/Stocks,.txt,158640,3202
fgp.us.txt,market/Stocks,.txt,154657,3202
tlf.us.txt,market/Stocks,.txt,136948,3066
sig.us.txt,market/Stocks,.txt,154532,3202
emitf.us.txt,market/Stocks,.txt,124745,3070
rmt.us.txt,market/Stocks,.txt,153927,3202
call.us.txt,market/Stocks,.txt,131112,3141
rig.us.txt,market/Stocks,.txt,301832,6160
nptn.us.txt,market/Stocks,.txt,69401,1705
pfs.us.txt,market/Stocks,.txt,154696,3202
iqi.us.txt,market/Stocks,.txt,151807,3202
bme.us.txt,market/Stocks,.txt,151164,3182
ggp.us.txt,market/Stocks,.txt,158911,3202
vlrx.us.txt,market/Stocks,.txt,9217,242
tvpt.us.txt,market/Stocks,.txt,38373,791
vtn.us.txt,market/Stocks,.txt,149746,3202
snhnl.us.txt,market/Stocks,.txt,15972,345
ngg.us.txt,market/Stocks,.txt,154475,3202
vteb.us.txt,market/Stocks,.txt,26820,561
nmk_c.us.txt,market/Stocks,.txt,25450,590
spdn.us.txt,market/Stocks,.txt,16847,362
cmfn.us.txt,market/Stocks,.txt,44056,951
gpl.us.txt,market/Stocks,.txt,122816,3039
peix.us.txt,market/Stocks,.txt,66582,1600
depo.us.txt,market/Stocks,.txt,133663,3202
belfa.us.txt,market/Stocks,.txt,122246,2643
aqua.us.txt,market/Stocks,.txt,351,8
ottw.us.txt,market/Stocks,.txt,11408,252
bgca.us.txt,market/Stocks,.txt,63420,1351
forr.us.txt,market/Stocks,.txt,152772,3202
xrf.us.txt,market/Stocks,.txt,5607,139
blvdw.us.txt,market/Stocks,.txt,11364,286
glpg.us.txt,market/Stocks,.txt,62531,1467
botj.us.txt,market/Stocks,.txt,52312,1137
rmniu.us.txt,market/Stocks,.txt,7264,179
trnc.us.txt,market/Stocks,.txt,37574,825
eoi.us.txt,market/Stocks,.txt,154457,3202
nxst.us.txt,market/Stocks,.txt,152887,3195
dglt.us.txt,market/Stocks,.txt,29761,720
valx.us.txt,market/Stocks,.txt,33012,714
knl.us.txt,market/Stocks,.txt,154967,3202
uihc.us.txt,market/Stocks,.txt,59598,1244
cetx.us.txt,market/Stocks,.txt,27809,603
ssw_e.us.txt,market/Stocks,.txt,42205,945
ms_k.us.txt,market/Stocks,.txt,8698,196
nvcn.us.txt,market/Stocks,.txt,50614,1226
gssc.us.txt,market/Stocks,.txt,3338,73
cdtx.us.txt,market/Stocks,.txt,27084,653
czfc.us.txt,market/Stocks,.txt,85445,1854
clns_e.us.txt,market/Stocks,.txt,9464,212
parr.us.txt,market/Stocks,.txt,36710,836
ptr.us.txt,market/Stocks,.txt,155010,3200
dfnd.us.txt,market/Stocks,.txt,16180,369
plxp.us.txt,market/Stocks,.txt,37736,926
mule.us.txt,market/Stocks,.txt,7487,168
shi.us.txt,market/Stocks,.txt,151908,3201
vnom.us.txt,market/Stocks,.txt,41143,860
fbm.us.txt,market/Stocks,.txt,8522,192
nvtr.us.txt,market/Stocks,.txt,17306,422
umh.us.txt,market/Stocks,.txt,150701,3202
rhi.us.txt,market/Stocks,.txt,314832,6443
k.us.txt,market/Stocks,.txt,406837,8296
ipg.us.txt,market/Stocks,.txt,370780,7565
blk.us.txt,market/Stocks,.txt,155709,3202
pcn.us.txt,market/Stocks,.txt,154674,3202
fbio.us.txt,market/Stocks,.txt,59775,1485
itt.us.txt,market/Stocks,.txt,271257,5513
oew.us.txt,market/Stocks,.txt,10253,223
atacr.us.txt,market/Stocks,.txt,1630,40
pmt_a.us.txt,market/Stocks,.txt,7629,171
job.us.txt,market/Stocks,.txt,104466,2939
dgii.us.txt,market/Stocks,.txt,134863,3202
mnp.us.txt,market/Stocks,.txt,148811,3189
nad.us.txt,market/Stocks,.txt,151687,3202
ako-a.us.txt,market/Stocks,.txt,76770,1660
aemd.us.txt,market/Stocks,.txt,23951,591
ide.us.txt,market/Stocks,.txt,93435,1965
crd-a.us.txt,market/Stocks,.txt,85681,1818
lq.us.txt,market/Stocks,.txt,40793,908
itic.us.txt,market/Stocks,.txt,131931,2856
ostk.us.txt,market/Stocks,.txt,139348,3202
ygyi.us.txt,market/Stocks,.txt,4059,102
hsy.us.txt,market/Stocks,.txt,399205,8161
myl.us.txt,market/Stocks,.txt,145066,3202
eryp.us.txt,market/Stocks,.txt,87,2
cray.us.txt,market/Stocks,.txt,134815,3202
oeuh.us.txt,market/Stocks,.txt,24172,520
eng.us.txt,market/Stocks,.txt,129347,3202
revg.us.txt,market/Stocks,.txt,9749,202
nrk.us.txt,market/Stocks,.txt,146701,3163
stnlu.us.txt,market/Stocks,.txt,307,7
wab.us.txt,market/Stocks,.txt,156055,3202
apto.us.txt,market/Stocks,.txt,67064,1588
bcli.us.txt,market/Stocks,.txt,31700,787
lyl.us.txt,market/Stocks,.txt,722,17
rhe.us.txt,market/Stocks,.txt,1285,31
g.us.txt,market/Stocks,.txt,126063,2591
emhy.us.txt,market/Stocks,.txt,65294,1374
csbk.us.txt,market/Stocks,.txt,150525,3202
bval.us.txt,market/Stocks,.txt,3790,84
vjet.us.txt,market/Stocks,.txt,42052,1025
sndx.us.txt,market/Stocks,.txt,18742,430
ibkr.us.txt,market/Stocks,.txt,129019,2653
wfc.us.txt,market/Stocks,.txt,415789,8324
kim_j.us.txt,market/Stocks,.txt,60645,1332
rf_a.us.txt,market/Stocks,.txt,58120,1265
alna.us.txt,market/Stocks,.txt,337,8
mdlx.us.txt,market/Stocks,.txt,14397,313
she.us.txt,market/Stocks,.txt,18349,399
jpst.us.txt,market/Stocks,.txt,5209,113
oc.us.txt,market/Stocks,.txt,138060,2807
cht.us.txt,market/Stocks,.txt,155642,3203
prnt.us.txt,market/Stocks,.txt,15233,334
vfc.us.txt,market/Stocks,.txt,401673,8158
khc.us.txt,market/Stocks,.txt,29353,597
pavm.us.txt,market/Stocks,.txt,10359,266
ago_f.us.txt,market/Stocks,.txt,83376,1818
lmb.us.txt,market/Stocks,.txt,10346,238
inap.us.txt,market/Stocks,.txt,129751,3202
clns_i.us.txt,market/Stocks,.txt,4904,111
icd.us.txt,market/Stocks,.txt,33087,824
nulv.us.txt,market/Stocks,.txt,9684,222
ato.us.txt,market/Stocks,.txt,155480,3202
cnhx.us.txt,market/Stocks,.txt,300,7
ms_g.us.txt,market/Stocks,.txt,40107,891
oaks.us.txt,market/Stocks,.txt,56427,1172
pope.us.txt,market/Stocks,.txt,139242,3004
exac.us.txt,market/Stocks,.txt,137193,3202
nrg.us.txt,market/Stocks,.txt,158761,3202
pdli.us.txt,market/Stocks,.txt,155811,3202
bkj.us.txt,market/Stocks,.txt,89416,1956
pzza.us.txt,market/Stocks,.txt,155603,3202
gel.us.txt,market/Stocks,.txt,154532,3202
ebr-b.us.txt,market/Stocks,.txt,11912,272
rkda.us.txt,market/Stocks,.txt,25759,631
org.us.txt,market/Stocks,.txt,13188,288
iipr_a.us.txt,market/Stocks,.txt,593,14
kldw.us.txt,market/Stocks,.txt,26202,567
clsn.us.txt,market/Stocks,.txt,141161,3202
hmst.us.txt,market/Stocks,.txt,65229,1450
knop.us.txt,market/Stocks,.txt,55398,1160
okta.us.txt,market/Stocks,.txt,6800,153
bxe.us.txt,market/Stocks,.txt,53175,1294
src_a.us.txt,market/Stocks,.txt,524,12
reed.us.txt,market/Stocks,.txt,105543,2730
ctsh.us.txt,market/Stocks,.txt,158614,3202
hewp.us.txt,market/Stocks,.txt,27418,591
vra.us.txt,market/Stocks,.txt,78282,1776
sxt.us.txt,market/Stocks,.txt,155217,3202
ashx.us.txt,market/Stocks,.txt,14281,316
asb.us.txt,market/Stocks,.txt,35260,727
fvc.us.txt,market/Stocks,.txt,19858,418
vvr.us.txt,market/Stocks,.txt,156021,3202
ffsg.us.txt,market/Stocks,.txt,411,9
bracu.us.txt,market/Stocks,.txt,1233,28
cxe.us.txt,market/Stocks,.txt,153443,3202
cldr.us.txt,market/Stocks,.txt,6239,139
rgls.us.txt,market/Stocks,.txt,52974,1286
gts.us.txt,market/Stocks,.txt,109311,2502
sbot.us.txt,market/Stocks,.txt,20563,510
sunw.us.txt,market/Stocks,.txt,74074,1812
iknx.us.txt,market/Stocks,.txt,94107,2143
rushb.us.txt,market/Stocks,.txt,134877,3182
dxyn.us.txt,market/Stocks,.txt,127412,3177
kim.us.txt,market/Stocks,.txt,158353,3202
lll.us.txt,market/Stocks,.txt,156487,3202
orex.us.txt,market/Stocks,.txt,106327,2659
iart.us.txt,market/Stocks,.txt,148935,3202
tmk_b.us.txt,market/Stocks,.txt,59085,1290
dbes.us.txt,market/Stocks,.txt,8232,191
jrjr.us.txt,market/Stocks,.txt,67793,1804
frc_f.us.txt,market/Stocks,.txt,27155,622
fts.us.txt,market/Stocks,.txt,12963,272
wbil.us.txt,market/Stocks,.txt,37785,809
ocx.us.txt,market/Stocks,.txt,18155,470
gco.us.txt,market/Stocks,.txt,141822,3202
gtyhw.us.txt,market/Stocks,.txt,3574,93
trib.us.txt,market/Stocks,.txt,148702,3202
reph.us.txt,market/Stocks,.txt,37480,930
bmi.us.txt,market/Stocks,.txt,154259,3202
abr_b.us.txt,market/Stocks,.txt,46474,1043
dusl.us.txt,market/Stocks,.txt,3838,86
nm.us.txt,market/Stocks,.txt,151857,3200
fco.us.txt,market/Stocks,.txt,152439,3202
ciz.us.txt,market/Stocks,.txt,36092,772
elmd.us.txt,market/Stocks,.txt,67301,1736
vgm.us.txt,market/Stocks,.txt,152090,3202
cmi.us.txt,market/Stocks,.txt,406377,8286
enfc.us.txt,market/Stocks,.txt,32294,764
lor.us.txt,market/Stocks,.txt,147001,3118
zbra.us.txt,market/Stocks,.txt,142807,3202
tpvg.us.txt,market/Stocks,.txt,44059,932
wso.us.txt,market/Stocks,.txt,155409,3202
hnna.us.txt,market/Stocks,.txt,41389,885
arl.us.txt,market/Stocks,.txt,113189,2942
spts.us.txt,market/Stocks,.txt,60737,1293
func.us.txt,market/Stocks,.txt,123803,3103
par.us.txt,market/Stocks,.txt,126579,3198
ptie.us.txt,market/Stocks,.txt,146843,3201
trno.us.txt,market/Stocks,.txt,93684,1955
vstm.us.txt,market/Stocks,.txt,59763,1455
ivh.us.txt,market/Stocks,.txt,53747,1126
aac.us.txt,market/Stocks,.txt,33723,786
tot.us.txt,market/Stocks,.txt,158255,3202
ms.us.txt,market/Stocks,.txt,160776,3202
clvs.us.txt,market/Stocks,.txt,66967,1506
aep.us.txt,market/Stocks,.txt,587334,12076
glbr.us.txt,market/Stocks,.txt,76928,1746
nly_c.us.txt,market/Stocks,.txt,62864,1376
modn.us.txt,market/Stocks,.txt,49856,1174
gilt.us.txt,market/Stocks,.txt,126992,3197
nap.us.txt,market/Stocks,.txt,35559,756
lnd.us.txt,market/Stocks,.txt,45570,982
oec.us.txt,market/Stocks,.txt,39828,834
bac-ws-b.us.txt,market/Stocks,.txt,29128,681
farm.us.txt,market/Stocks,.txt,136505,3202
xntk.us.txt,market/Stocks,.txt,151150,3198
hayn.us.txt,market/Stocks,.txt,142583,2987
admp.us.txt,market/Stocks,.txt,222544,5471
awi.us.txt,market/Stocks,.txt,133588,2792
ens.us.txt,market/Stocks,.txt,154977,3202
rop.us.txt,market/Stocks,.txt,155746,3202
ism.us.txt,market/Stocks,.txt,82376,1771
sce_j.us.txt,market/Stocks,.txt,24605,559
unb.us.txt,market/Stocks,.txt,123970,2692
ucbi.us.txt,market/Stocks,.txt,76988,1592
bemo.us.txt,market/Stocks,.txt,16455,361
pbip.us.txt,market/Stocks,.txt,123349,2661
le.us.txt,market/Stocks,.txt,40293,919
fet.us.txt,market/Stocks,.txt,62381,1408
rmax.us.txt,market/Stocks,.txt,49317,1038
banc_c.us.txt,market/Stocks,.txt,27355,625
nbn.us.txt,market/Stocks,.txt,120426,2608
gure.us.txt,market/Stocks,.txt,64479,1603
chma.us.txt,market/Stocks,.txt,23851,589
fibk.us.txt,market/Stocks,.txt,92247,1926
ptf.us.txt,market/Stocks,.txt,129830,2776
sbnb.us.txt,market/Stocks,.txt,33089,710
lii.us.txt,market/Stocks,.txt,155607,3202
ewgs.us.txt,market/Stocks,.txt,59993,1292
asb_d.us.txt,market/Stocks,.txt,12856,288
vray.us.txt,market/Stocks,.txt,16530,411
apd.us.txt,market/Stocks,.txt,427192,8726
holi.us.txt,market/Stocks,.txt,141901,3012
aljj.us.txt,market/Stocks,.txt,15233,381
fnte.us.txt,market/Stocks,.txt,3527,89
alny.us.txt,market/Stocks,.txt,141151,3202
rds-a.us.txt,market/Stocks,.txt,89954,1820
hps.us.txt,market/Stocks,.txt,153232,3202
mzf.us.txt,market/Stocks,.txt,150988,3202
hmta.us.txt,market/Stocks,.txt,6105,147
agx.us.txt,market/Stocks,.txt,133257,2812
chl.us.txt,market/Stocks,.txt,156975,3202
cmrx.us.txt,market/Stocks,.txt,49641,1159
resn.us.txt,market/Stocks,.txt,34991,872
oiil.us.txt,market/Stocks,.txt,15667,359
mxwl.us.txt,market/Stocks,.txt,135129,3202
snbc.us.txt,market/Stocks,.txt,150901,3202
lvlt.us.txt,market/Stocks,.txt,217324,4920
tol.us.txt,market/Stocks,.txt,159112,3202
sjm.us.txt,market/Stocks,.txt,156092,3202
cno.us.txt,market/Stocks,.txt,157694,3202
hrc.us.txt,market/Stocks,.txt,155377,3202
cgnt.us.txt,market/Stocks,.txt,120852,3168
ix.us.txt,market/Stocks,.txt,151006,3202
aeh.us.txt,market/Stocks,.txt,86811,1820
vrtu.us.txt,market/Stocks,.txt,111257,2590
wwd.us.txt,market/Stocks,.txt,155336,3203
ryb.us.txt,market/Stocks,.txt,1483,34
giii.us.txt,market/Stocks,.txt,141910,3182
exa.us.txt,market/Stocks,.txt,57671,1352
aggy.us.txt,market/Stocks,.txt,23864,511
knx.us.txt,market/Stocks,.txt,85355,1737
cys.us.txt,market/Stocks,.txt,104494,2122
jeld.us.txt,market/Stocks,.txt,9004,202
hcsg.us.txt,market/Stocks,.txt,155093,3202
hal.us.txt,market/Stocks,.txt,448075,9044
atlo.us.txt,market/Stocks,.txt,144597,3089
cccl.us.txt,market/Stocks,.txt,97454,2202
ipar.us.txt,market/Stocks,.txt,153113,3202
calx.us.txt,market/Stocks,.txt,79433,1926
boss.us.txt,market/Stocks,.txt,8129,187
npo.us.txt,market/Stocks,.txt,154489,3202
ibkco.us.txt,market/Stocks,.txt,15306,331
elc.us.txt,market/Stocks,.txt,14520,312
nnbr.us.txt,market/Stocks,.txt,80924,1685
insi.us.txt,market/Stocks,.txt,70730,1491
jmom.us.txt,market/Stocks,.txt,83,2
pbt.us.txt,market/Stocks,.txt,153980,3202
bsjo.us.txt,market/Stocks,.txt,13254,283
pfg.us.txt,market/Stocks,.txt,199397,4044
eigi.us.txt,market/Stocks,.txt,43391,1021
hun.us.txt,market/Stocks,.txt,157895,3202
cib.us.txt,market/Stocks,.txt,155454,3202
ckpt.us.txt,market/Stocks,.txt,4465,122
rttr.us.txt,market/Stocks,.txt,24932,604
xnet.us.txt,market/Stocks,.txt,34629,855
vcf.us.txt,market/Stocks,.txt,145826,3146
psb_v.us.txt,market/Stocks,.txt,52866,1176
abe.us.txt,market/Stocks,.txt,150266,3191
indu.us.txt,market/Stocks,.txt,2152,53
ngs.us.txt,market/Stocks,.txt,138077,3202
evbn.us.txt,market/Stocks,.txt,121028,2626
kmf.us.txt,market/Stocks,.txt,84233,1752
arnc.us.txt,market/Stocks,.txt,12856,261
expd.us.txt,market/Stocks,.txt,339603,6934
gpx.us.txt,market/Stocks,.txt,133041,3202
bzm.us.txt,market/Stocks,.txt,133373,2877
ftk.us.txt,market/Stocks,.txt,135818,3194
ogs.us.txt,market/Stocks,.txt,46223,952
jmf.us.txt,market/Stocks,.txt,81289,1685
nxtm.us.txt,market/Stocks,.txt,131101,3033
ozrk.us.txt,market/Stocks,.txt,155445,3202
sskn.us.txt,market/Stocks,.txt,116096,3018
aosl.us.txt,market/Stocks,.txt,78428,1900
auy.us.txt,market/Stocks,.txt,158904,3202
hes.us.txt,market/Stocks,.txt,158437,3202
mlnk.us.txt,market/Stocks,.txt,129943,3202
avk.us.txt,market/Stocks,.txt,153332,3202
abeow.us.txt,market/Stocks,.txt,19640,516
crws.us.txt,market/Stocks,.txt,136984,2891
cerc.us.txt,market/Stocks,.txt,20865,501
ocfc.us.txt,market/Stocks,.txt,152015,3202
atlc.us.txt,market/Stocks,.txt,126344,3103
syn.us.txt,market/Stocks,.txt,119538,2999
svbi.us.txt,market/Stocks,.txt,113403,2907
gold.us.txt,market/Stocks,.txt,155752,3202
pri.us.txt,market/Stocks,.txt,92869,1920
pati.us.txt,market/Stocks,.txt,22167,536
sgbx.us.txt,market/Stocks,.txt,3964,100
ryn.us.txt,market/Stocks,.txt,157257,3202
antm.us.txt,market/Stocks,.txt,306976,6241
idhd.us.txt,market/Stocks,.txt,10676,237
it.us.txt,market/Stocks,.txt,142909,3202
ocul.us.txt,market/Stocks,.txt,35451,834
gsbd.us.txt,market/Stocks,.txt,32223,672
cgnx.us.txt,market/Stocks,.txt,155366,3202
cnc.us.txt,market/Stocks,.txt,147363,3202
isig.us.txt,market/Stocks,.txt,144325,3153
snr.us.txt,market/Stocks,.txt,36200,758
hdee.us.txt,market/Stocks,.txt,9917,227
mg.us.txt,market/Stocks,.txt,89167,2040
aed.us.txt,market/Stocks,.txt,86527,1820
nwn.us.txt,market/Stocks,.txt,154658,3202
gdv.us.txt,market/Stocks,.txt,155032,3202
alle.us.txt,market/Stocks,.txt,48268,994
gpic.us.txt,market/Stocks,.txt,139513,3001
rnr.us.txt,market/Stocks,.txt,155694,3202
pkoh.us.txt,market/Stocks,.txt,152339,3202
bndc.us.txt,market/Stocks,.txt,3476,76
mhk.us.txt,market/Stocks,.txt,147145,3202
cbpo.us.txt,market/Stocks,.txt,101236,2404
fpt.us.txt,market/Stocks,.txt,148185,3201
arnc_.us.txt,market/Stocks,.txt,6336,161
edit.us.txt,market/Stocks,.txt,20112,450
cstm.us.txt,market/Stocks,.txt,47946,1129
gpt.us.txt,market/Stocks,.txt,54954,1131
matx.us.txt,market/Stocks,.txt,155532,3202
lgcyp.us.txt,market/Stocks,.txt,38227,882
zdge.us.txt,market/Stocks,.txt,14655,366
thm.us.txt,market/Stocks,.txt,112654,2764
hsgx.us.txt,market/Stocks,.txt,29569,741
lpnt.us.txt,market/Stocks,.txt,142202,3202
asys.us.txt,market/Stocks,.txt,129860,3200
inse.us.txt,market/Stocks,.txt,8691,216
gef-b.us.txt,market/Stocks,.txt,84215,1806
ntp.us.txt,market/Stocks,.txt,154103,3202
pfk.us.txt,market/Stocks,.txt,82231,1774
hk-ws.us.txt,market/Stocks,.txt,6660,173
prim.us.txt,market/Stocks,.txt,124364,2591
myndw.us.txt,market/Stocks,.txt,3109,77
com.us.txt,market/Stocks,.txt,5207,114
five.us.txt,market/Stocks,.txt,59853,1340
hwkn.us.txt,market/Stocks,.txt,149439,3165
asv.us.txt,market/Stocks,.txt,5000,129
jpgb.us.txt,market/Stocks,.txt,6946,152
scmp.us.txt,market/Stocks,.txt,106636,2591
bpth.us.txt,market/Stocks,.txt,84380,2127
blmt.us.txt,market/Stocks,.txt,64953,1534
bkhu.us.txt,market/Stocks,.txt,21445,457
frd.us.txt,market/Stocks,.txt,150068,3192
infi.us.txt,market/Stocks,.txt,132257,3202
wsky.us.txt,market/Stocks,.txt,11931,259
neo.us.txt,market/Stocks,.txt,50391,1241
ilmn.us.txt,market/Stocks,.txt,146540,3202
edow.us.txt,market/Stocks,.txt,2287,51
c-ws-a.us.txt,market/Stocks,.txt,29338,670
selb.us.txt,market/Stocks,.txt,15313,352
esnt.us.txt,market/Stocks,.txt,45260,1017
cytxw.us.txt,market/Stocks,.txt,11050,263
tmp.us.txt,market/Stocks,.txt,151915,3201
cls.us.txt,market/Stocks,.txt,136066,3202
slb.us.txt,market/Stocks,.txt,447996,9046
cpix.us.txt,market/Stocks,.txt,82467,2074
agt.us.txt,market/Stocks,.txt,6148,139
gff.us.txt,market/Stocks,.txt,154233,3202
s.us.txt,market/Stocks,.txt,152762,3201
csfl.us.txt,market/Stocks,.txt,150596,3177
cvly.us.txt,market/Stocks,.txt,126354,2721
onsiz.us.txt,market/Stocks,.txt,9212,224
ndls.us.txt,market/Stocks,.txt,46881,1104
mmv.us.txt,market/Stocks,.txt,140727,3046
rdfn.us.txt,market/Stocks,.txt,3420,76
clgx.us.txt,market/Stocks,.txt,143192,3202
imnp.us.txt,market/Stocks,.txt,31571,814
axsm.us.txt,market/Stocks,.txt,19739,500
hcp.us.txt,market/Stocks,.txt,158406,3202
aph.us.txt,market/Stocks,.txt,157476,3202
mie.us.txt,market/Stocks,.txt,56025,1170
syrs.us.txt,market/Stocks,.txt,15233,347
ubrt.us.txt,market/Stocks,.txt,817,18
igc.us.txt,market/Stocks,.txt,109702,2883
wtiu.us.txt,market/Stocks,.txt,9614,216
nbb.us.txt,market/Stocks,.txt,91354,1902
kmpa.us.txt,market/Stocks,.txt,43187,927
spex.us.txt,market/Stocks,.txt,67192,1590
arkr.us.txt,market/Stocks,.txt,142905,3086
ccur.us.txt,market/Stocks,.txt,151281,3194
bp.us.txt,market/Stocks,.txt,159527,3202
for.us.txt,market/Stocks,.txt,109449,2496
disck.us.txt,market/Stocks,.txt,106529,2305
osbcp.us.txt,market/Stocks,.txt,73870,1595
liqt.us.txt,market/Stocks,.txt,40534,991
isbc.us.txt,market/Stocks,.txt,148492,3044
quot.us.txt,market/Stocks,.txt,40232,931
fc.us.txt,market/Stocks,.txt,130297,3202
oxy.us.txt,market/Stocks,.txt,446787,9046
cat.us.txt,market/Stocks,.txt,595344,12076
uslm.us.txt,market/Stocks,.txt,148842,3186
crox.us.txt,market/Stocks,.txt,130031,2963
wina.us.txt,market/Stocks,.txt,139035,2985
voc.us.txt,market/Stocks,.txt,78385,1642
ccoi.us.txt,market/Stocks,.txt,154956,3202
snmx.us.txt,market/Stocks,.txt,131818,3202
labl.us.txt,market/Stocks,.txt,151706,3201
bdcz.us.txt,market/Stocks,.txt,779,17
rev.us.txt,market/Stocks,.txt,136056,3202
tnxp.us.txt,market/Stocks,.txt,48842,1267
ighg.us.txt,market/Stocks,.txt,47591,1008
edu.us.txt,market/Stocks,.txt,138376,2817
aimt.us.txt,market/Stocks,.txt,25438,574
aamc.us.txt,market/Stocks,.txt,50642,1212
hnw.us.txt,market/Stocks,.txt,125102,2638
ul.us.txt,market/Stocks,.txt,157271,3202
scci.us.txt,market/Stocks,.txt,0,0
mdb.us.txt,market/Stocks,.txt,796,18
myok.us.txt,market/Stocks,.txt,22029,515
fonr.us.txt,market/Stocks,.txt,129448,3201
prph.us.txt,market/Stocks,.txt,121375,3114
blcm.us.txt,market/Stocks,.txt,32355,732
cfc_b.us.txt,market/Stocks,.txt,84752,1820
vslr.us.txt,market/Stocks,.txt,32372,787
fleu.us.txt,market/Stocks,.txt,11977,255
nsa_a.us.txt,market/Stocks,.txt,983,22
dxus.us.txt,market/Stocks,.txt,6542,142
kep.us.txt,market/Stocks,.txt,152772,3202
sgmo.us.txt,market/Stocks,.txt,131899,3202
sdvy.us.txt,market/Stocks,.txt,260,6
tci.us.txt,market/Stocks,.txt,108245,2698
fll.us.txt,market/Stocks,.txt,123339,3163
an.us.txt,market/Stocks,.txt,282638,6461
lcahw.us.txt,market/Stocks,.txt,4604,119
psa_y.us.txt,market/Stocks,.txt,41282,924
bset.us.txt,market/Stocks,.txt,152074,3202
spxn.us.txt,market/Stocks,.txt,1766,39
lts.us.txt,market/Stocks,.txt,155042,3202
pmo.us.txt,market/Stocks,.txt,152105,3202
bfy.us.txt,market/Stocks,.txt,147921,3198
cacc.us.txt,market/Stocks,.txt,141839,3189
xmx.us.txt,market/Stocks,.txt,3842,83
amsc.us.txt,market/Stocks,.txt,130386,3202
dpw.us.txt,market/Stocks,.txt,116240,2986
mco.us.txt,market/Stocks,.txt,212070,4305
ra.us.txt,market/Stocks,.txt,11369,237
fdus.us.txt,market/Stocks,.txt,76660,1610
imdz.us.txt,market/Stocks,.txt,34894,835
wfc_r.us.txt,market/Stocks,.txt,44523,983
vr.us.txt,market/Stocks,.txt,126354,2597
capl.us.txt,market/Stocks,.txt,60849,1271
chct.us.txt,market/Stocks,.txt,29695,627
imi.us.txt,market/Stocks,.txt,60068,1502
opgnw.us.txt,market/Stocks,.txt,19029,445
chgg.us.txt,market/Stocks,.txt,41413,1008
mhld.us.txt,market/Stocks,.txt,115700,2397
eccb.us.txt,market/Stocks,.txt,12043,264
eqc_d.us.txt,market/Stocks,.txt,34944,797
tve.us.txt,market/Stocks,.txt,85983,1820
ssd.us.txt,market/Stocks,.txt,155237,3202
axr.us.txt,market/Stocks,.txt,124396,3060
pq.us.txt,market/Stocks,.txt,136244,3202
trv.us.txt,market/Stocks,.txt,158604,3202
rada.us.txt,market/Stocks,.txt,110836,2901
csu.us.txt,market/Stocks,.txt,134049,3202
rdnt.us.txt,market/Stocks,.txt,126070,3173
mbrx.us.txt,market/Stocks,.txt,15115,367
chad.us.txt,market/Stocks,.txt,26756,609
uve.us.txt,market/Stocks,.txt,147686,3053
arch.us.txt,market/Stocks,.txt,13370,279
asrvp.us.txt,market/Stocks,.txt,49783,1082
evt.us.txt,market/Stocks,.txt,154711,3202
fnko.us.txt,market/Stocks,.txt,323,8
mvc.us.txt,market/Stocks,.txt,151618,3202
gm.us.txt,market/Stocks,.txt,88447,1760
aon.us.txt,market/Stocks,.txt,158049,3202
usmc.us.txt,market/Stocks,.txt,819,18
ttec.us.txt,market/Stocks,.txt,154343,3202
whlrd.us.txt,market/Stocks,.txt,11855,262
gjo.us.txt,market/Stocks,.txt,52256,1135
caas.us.txt,market/Stocks,.txt,146855,3200
sti.us.txt,market/Stocks,.txt,369491,7530
hlg.us.txt,market/Stocks,.txt,15686,412
cpk.us.txt,market/Stocks,.txt,152210,3202
jcs.us.txt,market/Stocks,.txt,148585,3185
umh_b.us.txt,market/Stocks,.txt,19375,440
itrn.us.txt,market/Stocks,.txt,143768,3054
sanm.us.txt,market/Stocks,.txt,262676,6122
ions.us.txt,market/Stocks,.txt,139145,3201
fmciu.us.txt,market/Stocks,.txt,3931,91
ctx.us.txt,market/Stocks,.txt,66840,1414
yuma.us.txt,market/Stocks,.txt,115332,3108
so.us.txt,market/Stocks,.txt,444293,9044
mbuu.us.txt,market/Stocks,.txt,41981,955
ilg.us.txt,market/Stocks,.txt,112827,2331
bpk.us.txt,market/Stocks,.txt,151710,3202
nghc.us.txt,market/Stocks,.txt,45334,942
wfig.us.txt,market/Stocks,.txt,16186,367
hifs.us.txt,market/Stocks,.txt,111319,2413
iht.us.txt,market/Stocks,.txt,84113,1826
btx.us.txt,market/Stocks,.txt,124957,3151
alrm.us.txt,market/Stocks,.txt,26797,602
fnb_e.us.txt,market/Stocks,.txt,45059,1009
hrzn.us.txt,market/Stocks,.txt,83660,1769
dcom.us.txt,market/Stocks,.txt,154206,3202
artna.us.txt,market/Stocks,.txt,150869,3198
ahc.us.txt,market/Stocks,.txt,118442,2465
ds.us.txt,market/Stocks,.txt,8945,220
ccd.us.txt,market/Stocks,.txt,31899,665
sgf.us.txt,market/Stocks,.txt,150230,3202
emci.us.txt,market/Stocks,.txt,151728,3202
main.us.txt,market/Stocks,.txt,121951,2540
wms.us.txt,market/Stocks,.txt,40241,834
bcd.us.txt,market/Stocks,.txt,3621,83
ibcp.us.txt,market/Stocks,.txt,151864,3203
artx.us.txt,market/Stocks,.txt,127372,3198
dxcm.us.txt,market/Stocks,.txt,136573,3169
anh_a.us.txt,market/Stocks,.txt,76860,1693
team.us.txt,market/Stocks,.txt,21689,486
ead.us.txt,market/Stocks,.txt,155482,3202
lite.us.txt,market/Stocks,.txt,25340,575
mvo.us.txt,market/Stocks,.txt,130113,2726
ffkt.us.txt,market/Stocks,.txt,148933,3183
jill.us.txt,market/Stocks,.txt,7670,174
sdt.us.txt,market/Stocks,.txt,80260,1658
cde.us.txt,market/Stocks,.txt,136485,3202
isca.us.txt,market/Stocks,.txt,153932,3202
cr.us.txt,market/Stocks,.txt,402094,8324
tef.us.txt,market/Stocks,.txt,156655,3202
afsi_f.us.txt,market/Stocks,.txt,12592,283
nlsn.us.txt,market/Stocks,.txt,84145,1711
mays.us.txt,market/Stocks,.txt,46919,1194
codi.us.txt,market/Stocks,.txt,139389,2899
gst_b.us.txt,market/Stocks,.txt,44132,1006
aplp.us.txt,market/Stocks,.txt,133937,2789
renx.us.txt,market/Stocks,.txt,153794,3202
mmdm.us.txt,market/Stocks,.txt,3357,85
oxlcm.us.txt,market/Stocks,.txt,4405,99
wear.us.txt,market/Stocks,.txt,10267,233
oacq.us.txt,market/Stocks,.txt,7657,187
mas.us.txt,market/Stocks,.txt,426031,8680
sail.us.txt,market/Stocks,.txt,0,0
rven.us.txt,market/Stocks,.txt,7292,181
jphy.us.txt,market/Stocks,.txt,12186,271
petz.us.txt,market/Stocks,.txt,1654,38
rcky.us.txt,market/Stocks,.txt,150777,3199
plm.us.txt,market/Stocks,.txt,130107,3201
oney.us.txt,market/Stocks,.txt,10397,228
lfeq.us.txt,market/Stocks,.txt,1018,23
msfg.us.txt,market/Stocks,.txt,152145,3202
bch.us.txt,market/Stocks,.txt,150828,3197
fmn.us.txt,market/Stocks,.txt,149000,3201
rfun.us.txt,market/Stocks,.txt,15715,340
tfx.us.txt,market/Stocks,.txt,155238,3202
celg.us.txt,market/Stocks,.txt,153267,3202
met_a.us.txt,market/Stocks,.txt,84095,1820
tcca.us.txt,market/Stocks,.txt,58149,1249
tbk.us.txt,market/Stocks,.txt,32627,760
crmd.us.txt,market/Stocks,.txt,73638,1846
ztr.us.txt,market/Stocks,.txt,152549,3202
kopn.us.txt,market/Stocks,.txt,129322,3202
nmy.us.txt,market/Stocks,.txt,150009,3201
btt.us.txt,market/Stocks,.txt,63246,1311
ogen.us.txt,market/Stocks,.txt,46708,1157
ste.us.txt,market/Stocks,.txt,155393,3202
lpsn.us.txt,market/Stocks,.txt,132761,3202
mtb_c.us.txt,market/Stocks,.txt,526,12
krma.us.txt,market/Stocks,.txt,15126,328
cpg.us.txt,market/Stocks,.txt,135197,2833
sc.us.txt,market/Stocks,.txt,47378,961
ctt.us.txt,market/Stocks,.txt,46950,988
kcapl.us.txt,market/Stocks,.txt,2412,55
sphs.us.txt,market/Stocks,.txt,62693,1500
codi_a.us.txt,market/Stocks,.txt,4088,93
gs_c.us.txt,market/Stocks,.txt,83856,1819
ese.us.txt,market/Stocks,.txt,154184,3202
lmhb.us.txt,market/Stocks,.txt,14686,314
glop_a.us.txt,market/Stocks,.txt,5516,125
iiin.us.txt,market/Stocks,.txt,153156,3202
svu.us.txt,market/Stocks,.txt,386703,8161
tst.us.txt,market/Stocks,.txt,150482,3203
cnat.us.txt,market/Stocks,.txt,44206,1086
lnce.us.txt,market/Stocks,.txt,154815,3202
gogl.us.txt,market/Stocks,.txt,145185,3202
srf.us.txt,market/Stocks,.txt,67859,1441
fdrr.us.txt,market/Stocks,.txt,13731,292
dse.us.txt,market/Stocks,.txt,40979,852
tsro.us.txt,market/Stocks,.txt,60943,1354
lmrkp.us.txt,market/Stocks,.txt,16996,366
bdge.us.txt,market/Stocks,.txt,143062,3041
bax.us.txt,market/Stocks,.txt,448062,9044
bml_h.us.txt,market/Stocks,.txt,83879,1819
cboe.us.txt,market/Stocks,.txt,90938,1869
vicl.us.txt,market/Stocks,.txt,124495,3202
meet.us.txt,market/Stocks,.txt,126561,3200
hson.us.txt,market/Stocks,.txt,150547,3202
mwa.us.txt,market/Stocks,.txt,141271,2888
prgx.us.txt,market/Stocks,.txt,126888,3202
vtnr.us.txt,market/Stocks,.txt,47931,1197
abev.us.txt,market/Stocks,.txt,126069,2520
buz.us.txt,market/Stocks,.txt,11606,258
esgl.us.txt,market/Stocks,.txt,6273,137
eth.us.txt,market/Stocks,.txt,155338,3202
cats.us.txt,market/Stocks,.txt,42686,1106
mcc.us.txt,market/Stocks,.txt,82606,1708
rm.us.txt,market/Stocks,.txt,61783,1418
pery.us.txt,market/Stocks,.txt,148958,3202
sivbo.us.txt,market/Stocks,.txt,67386,1459
cuz.us.txt,market/Stocks,.txt,156056,3202
azn.us.txt,market/Stocks,.txt,158604,3202
mgp.us.txt,market/Stocks,.txt,19244,397
pbsk.us.txt,market/Stocks,.txt,52856,1146
rcii.us.txt,market/Stocks,.txt,156016,3202
psa_u.us.txt,market/Stocks,.txt,62092,1360
bbf.us.txt,market/Stocks,.txt,149598,3198
ghs.us.txt,market/Stocks,.txt,12984,285
ctmx.us.txt,market/Stocks,.txt,23268,530
pmc.us.txt,market/Stocks,.txt,114492,2601
dskew.us.txt,market/Stocks,.txt,18956,469
nihd.us.txt,market/Stocks,.txt,24605,594
ect.us.txt,market/Stocks,.txt,88517,1857
cffn.us.txt,market/Stocks,.txt,153765,3203
bcei.us.txt,market/Stocks,.txt,72998,1486
lpl.us.txt,market/Stocks,.txt,153014,3202
cbf.us.txt,market/Stocks,.txt,62424,1296
cemi.us.txt,market/Stocks,.txt,106626,2748
jrvr.us.txt,market/Stocks,.txt,35056,735
rock.us.txt,market/Stocks,.txt,139736,3202
mtfbw.us.txt,market/Stocks,.txt,6745,174
ab.us.txt,market/Stocks,.txt,155555,3202
dct.us.txt,market/Stocks,.txt,134388,2749
fdbc.us.txt,market/Stocks,.txt,715,18
dial.us.txt,market/Stocks,.txt,945,21
mp_d.us.txt,market/Stocks,.txt,61044,1357
eqm.us.txt,market/Stocks,.txt,65568,1355
hls.us.txt,market/Stocks,.txt,155862,3202
cpe_a.us.txt,market/Stocks,.txt,49868,1122
ctl.us.txt,market/Stocks,.txt,371009,7566
seneb.us.txt,market/Stocks,.txt,60699,1508
ntgr.us.txt,market/Stocks,.txt,141525,3202
atec.us.txt,market/Stocks,.txt,119792,2884
spn.us.txt,market/Stocks,.txt,155793,3202
trch.us.txt,market/Stocks,.txt,40348,985
ipos.us.txt,market/Stocks,.txt,1811,40
mdco.us.txt,market/Stocks,.txt,141367,3200
bgc.us.txt,market/Stocks,.txt,156119,3202
wit.us.txt,market/Stocks,.txt,156992,3202
grow.us.txt,market/Stocks,.txt,152880,3196
pcar.us.txt,market/Stocks,.txt,389869,7902
hele.us.txt,market/Stocks,.txt,141320,3202
gnrx.us.txt,market/Stocks,.txt,15943,351
rgr.us.txt,market/Stocks,.txt,154635,3202
susa.us.txt,market/Stocks,.txt,150024,3198
cvgi.us.txt,market/Stocks,.txt,133317,3202
ubs.us.txt,market/Stocks,.txt,36358,744
sca.us.txt,market/Stocks,.txt,2403,54
hcac-u.us.txt,market/Stocks,.txt,3953,91
dg.us.txt,market/Stocks,.txt,99469,2014
mui.us.txt,market/Stocks,.txt,151351,3202
spmv.us.txt,market/Stocks,.txt,3665,85
dlr_g.us.txt,market/Stocks,.txt,52637,1160
twnkw.us.txt,market/Stocks,.txt,15779,393
cnacu.us.txt,market/Stocks,.txt,3554,82
aubn.us.txt,market/Stocks,.txt,108663,2355
rwc.us.txt,market/Stocks,.txt,150956,3189
mog-b.us.txt,market/Stocks,.txt,49953,1219
eudv.us.txt,market/Stocks,.txt,21004,457
llit.us.txt,market/Stocks,.txt,73537,1859
star_i.us.txt,market/Stocks,.txt,27879,645
pe.us.txt,market/Stocks,.txt,39841,877
gab_g.us.txt,market/Stocks,.txt,56128,1246
prqr.us.txt,market/Stocks,.txt,32132,796
ssp.us.txt,market/Stocks,.txt,151659,3202
amh_f.us.txt,market/Stocks,.txt,6195,140
csa.us.txt,market/Stocks,.txt,21610,467
samg.us.txt,market/Stocks,.txt,51971,1105
tv.us.txt,market/Stocks,.txt,157693,3202
newr.us.txt,market/Stocks,.txt,32554,736
pkx.us.txt,market/Stocks,.txt,155169,3202
qcom.us.txt,market/Stocks,.txt,328940,6528
esrx.us.txt,market/Stocks,.txt,285837,6402
mcep.us.txt,market/Stocks,.txt,67224,1485
mmsi.us.txt,market/Stocks,.txt,145514,3202
tgna.us.txt,market/Stocks,.txt,401722,8158
icch.us.txt,market/Stocks,.txt,4442,103
cyrn.us.txt,market/Stocks,.txt,125581,3197
deo.us.txt,market/Stocks,.txt,155744,3202
whlrp.us.txt,market/Stocks,.txt,38980,838
asps.us.txt,market/Stocks,.txt,92912,2083
cj.us.txt,market/Stocks,.txt,7860,176
sti-ws-b.us.txt,market/Stocks,.txt,16909,427
pih.us.txt,market/Stocks,.txt,35445,902
shldw.us.txt,market/Stocks,.txt,28302,719
lpt.us.txt,market/Stocks,.txt,156874,3202
ecl.us.txt,market/Stocks,.txt,367573,7525
rnvaz.us.txt,market/Stocks,.txt,13421,301
bac_e.us.txt,market/Stocks,.txt,84125,1820
sswn.us.txt,market/Stocks,.txt,42696,908
wetf.us.txt,market/Stocks,.txt,77709,1587
mtg.us.txt,market/Stocks,.txt,287901,6619
soja.us.txt,market/Stocks,.txt,25223,528
nspr.us.txt,market/Stocks,.txt,45759,1159
eyld.us.txt,market/Stocks,.txt,15316,335
mktx.us.txt,market/Stocks,.txt,154292,3202
aiy.us.txt,market/Stocks,.txt,52073,1106
iin.us.txt,market/Stocks,.txt,113949,2975
cmre_d.us.txt,market/Stocks,.txt,27715,629
tyme.us.txt,market/Stocks,.txt,2975,75
epc.us.txt,market/Stocks,.txt,214760,4438
imrnw.us.txt,market/Stocks,.txt,2122,54
pzg.us.txt,market/Stocks,.txt,140345,3047
etp.us.txt,market/Stocks,.txt,155739,3202
cub.us.txt,market/Stocks,.txt,153559,3202
play.us.txt,market/Stocks,.txt,34738,780
gars.us.txt,market/Stocks,.txt,54697,1169
fomx.us.txt,market/Stocks,.txt,32486,796
amwd.us.txt,market/Stocks,.txt,146050,3202
tpr.us.txt,market/Stocks,.txt,158700,3202
rexr.us.txt,market/Stocks,.txt,52654,1090
gof.us.txt,market/Stocks,.txt,123690,2595
evlmc.us.txt,market/Stocks,.txt,14656,341
wow.us.txt,market/Stocks,.txt,5336,120
tdw-ws-b.us.txt,market/Stocks,.txt,1072,28
ndro.us.txt,market/Stocks,.txt,72720,1515
fof.us.txt,market/Stocks,.txt,131952,2764
gsit.us.txt,market/Stocks,.txt,105436,2676
becn.us.txt,market/Stocks,.txt,141891,3202
ds_d.us.txt,market/Stocks,.txt,7891,179
ajg.us.txt,market/Stocks,.txt,156045,3202
seb.us.txt,market/Stocks,.txt,269447,5605
hckt.us.txt,market/Stocks,.txt,153671,3202
oxm.us.txt,market/Stocks,.txt,154440,3202
vly-ws.us.txt,market/Stocks,.txt,39937,1028
bro.us.txt,market/Stocks,.txt,156211,3202
tpyp.us.txt,market/Stocks,.txt,25791,553
srcl.us.txt,market/Stocks,.txt,145563,3202
ked.us.txt,market/Stocks,.txt,133874,2807
agle.us.txt,market/Stocks,.txt,16455,406
oacqu.us.txt,market/Stocks,.txt,410,10
betr.us.txt,market/Stocks,.txt,24840,575
cidm.us.txt,market/Stocks,.txt,122531,3200
prto.us.txt,market/Stocks,.txt,31162,771
ambcw.us.txt,market/Stocks,.txt,43771,1076
svm.us.txt,market/Stocks,.txt,5322,127
rfdi.us.txt,market/Stocks,.txt,18593,397
nmrx.us.txt,market/Stocks,.txt,125504,3151
ahl_d.us.txt,market/Stocks,.txt,12760,288
ry.us.txt,market/Stocks,.txt,156545,3202
azz.us.txt,market/Stocks,.txt,153895,3197
azrx.us.txt,market/Stocks,.txt,10861,273
ttm.us.txt,market/Stocks,.txt,155746,3202
visi.us.txt,market/Stocks,.txt,31959,811
izea.us.txt,market/Stocks,.txt,16734,418
wfc_j.us.txt,market/Stocks,.txt,85171,1820
lare.us.txt,market/Stocks,.txt,15064,330
ares.us.txt,market/Stocks,.txt,42169,891
mstr.us.txt,market/Stocks,.txt,147139,3202
eccz.us.txt,market/Stocks,.txt,19463,422
ee.us.txt,market/Stocks,.txt,155164,3202
tgb.us.txt,market/Stocks,.txt,131580,3202
cof_f.us.txt,market/Stocks,.txt,24775,559
crhm.us.txt,market/Stocks,.txt,21639,550
diax.us.txt,market/Stocks,.txt,34769,728
cfa.us.txt,market/Stocks,.txt,34574,739
fsct.us.txt,market/Stocks,.txt,513,12
flt.us.txt,market/Stocks,.txt,81198,1738
mpx.us.txt,market/Stocks,.txt,151931,3202
cfbi.us.txt,market/Stocks,.txt,5856,134
psa_a.us.txt,market/Stocks,.txt,32473,741
spxv.us.txt,market/Stocks,.txt,167,4
rfp.us.txt,market/Stocks,.txt,74321,1735
pid.us.txt,market/Stocks,.txt,148102,3062
bac_i.us.txt,market/Stocks,.txt,84073,1820
glt.us.txt,market/Stocks,.txt,154858,3202
lpx.us.txt,market/Stocks,.txt,388443,9043
rbc.us.txt,market/Stocks,.txt,155357,3202
clnt.us.txt,market/Stocks,.txt,65434,1611
crc.us.txt,market/Stocks,.txt,33223,743
sva.us.txt,market/Stocks,.txt,127990,3202
ampe.us.txt,market/Stocks,.txt,67274,1633
myos.us.txt,market/Stocks,.txt,62318,1629
hbm-ws.us.txt,market/Stocks,.txt,26475,628
aegn.us.txt,market/Stocks,.txt,67642,1522
nav_d.us.txt,market/Stocks,.txt,11015,281
cfrx.us.txt,market/Stocks,.txt,31593,796
brc.us.txt,market/Stocks,.txt,155311,3202
ino.us.txt,market/Stocks,.txt,127559,3202
rrr.us.txt,market/Stocks,.txt,18825,392
esq.us.txt,market/Stocks,.txt,4119,97
dvcr.us.txt,market/Stocks,.txt,144310,3091
ggo_a.us.txt,market/Stocks,.txt,1118,29
clyh.us.txt,market/Stocks,.txt,13956,304
msf.us.txt,market/Stocks,.txt,151185,3202
bh.us.txt,market/Stocks,.txt,139066,3202
ftek.us.txt,market/Stocks,.txt,131292,3202
zvv.us.txt,market/Stocks,.txt,269,6
smfg.us.txt,market/Stocks,.txt,154798,3203
cal.us.txt,market/Stocks,.txt,155224,3202
itci.us.txt,market/Stocks,.txt,43023,977
abus.us.txt,market/Stocks,.txt,97335,2450
nuva.us.txt,market/Stocks,.txt,142115,3202
pni.us.txt,market/Stocks,.txt,149633,3202
fixd.us.txt,market/Stocks,.txt,7543,162
jtpy.us.txt,market/Stocks,.txt,45463,1186
bcbp.us.txt,market/Stocks,.txt,128923,2774
imuc-ws.us.txt,market/Stocks,.txt,5263,135
qxrr.us.txt,market/Stocks,.txt,8913,198
ren.us.txt,market/Stocks,.txt,105261,2530
scm.us.txt,market/Stocks,.txt,59205,1263
cgo.us.txt,market/Stocks,.txt,142782,3033
gnl_a.us.txt,market/Stocks,.txt,1933,44
atrs.us.txt,market/Stocks,.txt,129868,3202
hope.us.txt,market/Stocks,.txt,72402,1496
fii.us.txt,market/Stocks,.txt,239944,4908
dk.us.txt,market/Stocks,.txt,140982,2904
epzm.us.txt,market/Stocks,.txt,48909,1124
mue.us.txt,market/Stocks,.txt,151861,3202
wspt.us.txt,market/Stocks,.txt,0,0
gmz.us.txt,market/Stocks,.txt,47720,999
wix.us.txt,market/Stocks,.txt,44304,1013
rcm.us.txt,market/Stocks,.txt,6863,169
ubnt.us.txt,market/Stocks,.txt,71201,1527
wstg.us.txt,market/Stocks,.txt,148960,3196
spyx.us.txt,market/Stocks,.txt,22414,483
wmk.us.txt,market/Stocks,.txt,152473,3202
arwr.us.txt,market/Stocks,.txt,61069,1485
ggal.us.txt,market/Stocks,.txt,153946,3202
gnrt.us.txt,market/Stocks,.txt,24886,603
bioc.us.txt,market/Stocks,.txt,39167,951
wd.us.txt,market/Stocks,.txt,76198,1738
cps.us.txt,market/Stocks,.txt,45375,1023
burl.us.txt,market/Stocks,.txt,46520,1038
naii.us.txt,market/Stocks,.txt,118557,3025
spb.us.txt,market/Stocks,.txt,99692,2064
tyht.us.txt,market/Stocks,.txt,11405,285
trtx.us.txt,market/Stocks,.txt,3842,82
lby.us.txt,market/Stocks,.txt,153316,3202
nmm.us.txt,market/Stocks,.txt,117522,2519
fcau.us.txt,market/Stocks,.txt,62844,1313
amfw.us.txt,market/Stocks,.txt,32931,722
pega.us.txt,market/Stocks,.txt,154768,3202
ter.us.txt,market/Stocks,.txt,380453,7732
fcef.us.txt,market/Stocks,.txt,12817,276
cf.us.txt,market/Stocks,.txt,153382,3087
fnd.us.txt,market/Stocks,.txt,6257,140
wtrx.us.txt,market/Stocks,.txt,11562,257
uaa.us.txt,market/Stocks,.txt,143612,3017
chrs.us.txt,market/Stocks,.txt,33392,761
esrt.us.txt,market/Stocks,.txt,50550,1038
tlra.us.txt,market/Stocks,.txt,44344,1105
pi.us.txt,market/Stocks,.txt,14917,333
plce.us.txt,market/Stocks,.txt,155796,3202
mag.us.txt,market/Stocks,.txt,127865,3139
ons.us.txt,market/Stocks,.txt,14246,352
star_e.us.txt,market/Stocks,.txt,28540,653
sfly.us.txt,market/Stocks,.txt,123765,2801
met.us.txt,market/Stocks,.txt,220440,4431
trn.us.txt,market/Stocks,.txt,158113,3202
ibtx.us.txt,market/Stocks,.txt,55380,1165
mtsc.us.txt,market/Stocks,.txt,153091,3202
bsm.us.txt,market/Stocks,.txt,30630,641
rex.us.txt,market/Stocks,.txt,138493,3202
bml_j.us.txt,market/Stocks,.txt,84301,1820
gwgh.us.txt,market/Stocks,.txt,31318,684
sbph.us.txt,market/Stocks,.txt,16172,384
cei.us.txt,market/Stocks,.txt,110269,2856
msp.us.txt,market/Stocks,.txt,148519,3161
tdj.us.txt,market/Stocks,.txt,79030,1669
impv.us.txt,market/Stocks,.txt,66292,1510
bpmc.us.txt,market/Stocks,.txt,28430,642
lulu.us.txt,market/Stocks,.txt,118332,2595
ravn.us.txt,market/Stocks,.txt,154249,3202
shld.us.txt,market/Stocks,.txt,153043,3202
scph.us.txt,market/Stocks,.txt,0,0
nghco.us.txt,market/Stocks,.txt,31371,664
imte.us.txt,market/Stocks,.txt,961,27
nkx.us.txt,market/Stocks,.txt,148632,3189
ldl.us.txt,market/Stocks,.txt,133378,3202
esg.us.txt,market/Stocks,.txt,8188,179
nok.us.txt,market/Stocks,.txt,160264,3202
rnwk.us.txt,market/Stocks,.txt,61343,1541
gs_a.us.txt,market/Stocks,.txt,84509,1820
sgma.us.txt,market/Stocks,.txt,122838,3125
rrd.us.txt,market/Stocks,.txt,397269,8154
bxmt.us.txt,market/Stocks,.txt,153014,3202
splb.us.txt,market/Stocks,.txt,103419,2177
dwt.us.txt,market/Stocks,.txt,10744,233
ayr.us.txt,market/Stocks,.txt,137508,2838
psa_w.us.txt,market/Stocks,.txt,55447,1216
pir.us.txt,market/Stocks,.txt,158131,3202
dave.us.txt,market/Stocks,.txt,131751,3202
bbd.us.txt,market/Stocks,.txt,160025,3202
gyro.us.txt,market/Stocks,.txt,111138,2508
nyld.us.txt,market/Stocks,.txt,30458,631
arry.us.txt,market/Stocks,.txt,131924,3202
espr.us.txt,market/Stocks,.txt,49118,1106
lho_i.us.txt,market/Stocks,.txt,51673,1152
amp.us.txt,market/Stocks,.txt,151068,3062
cbd.us.txt,market/Stocks,.txt,154274,3202
es.us.txt,market/Stocks,.txt,157863,3202
puk_a.us.txt,market/Stocks,.txt,83718,1820
aic.us.txt,market/Stocks,.txt,27857,602
pixy.us.txt,market/Stocks,.txt,3870,95
hacw.us.txt,market/Stocks,.txt,9464,209
cof_p.us.txt,market/Stocks,.txt,60684,1315
avxl.us.txt,market/Stocks,.txt,21117,516
tgt.us.txt,market/Stocks,.txt,433035,8727
tnp_b.us.txt,market/Stocks,.txt,48604,1079
lca.us.txt,market/Stocks,.txt,5580,137
wsbc.us.txt,market/Stocks,.txt,153040,3202
fhn_a.us.txt,market/Stocks,.txt,54160,1203
esgn.us.txt,market/Stocks,.txt,8643,189
nhf.us.txt,market/Stocks,.txt,137271,2868
etj.us.txt,market/Stocks,.txt,125806,2595
glow.us.txt,market/Stocks,.txt,59240,1472
kdmn.us.txt,market/Stocks,.txt,13259,329
mca.us.txt,market/Stocks,.txt,150450,3202
acet.us.txt,market/Stocks,.txt,153820,3202
sui.us.txt,market/Stocks,.txt,154746,3202
zb_a.us.txt,market/Stocks,.txt,80621,1763
yelp.us.txt,market/Stocks,.txt,64670,1436
tph.us.txt,market/Stocks,.txt,54357,1207
dtj.us.txt,market/Stocks,.txt,17237,366
cigi.us.txt,market/Stocks,.txt,28872,618
hmg.us.txt,market/Stocks,.txt,63447,1387
laq.us.txt,market/Stocks,.txt,149723,3192
eri.us.txt,market/Stocks,.txt,33311,792
afsi_d.us.txt,market/Stocks,.txt,29661,669
njv.us.txt,market/Stocks,.txt,98780,2132
cisn-ws.us.txt,market/Stocks,.txt,401,10
evok.us.txt,market/Stocks,.txt,41925,1042
oxlco.us.txt,market/Stocks,.txt,49629,1063
lvus.us.txt,market/Stocks,.txt,5279,128
sho_f.us.txt,market/Stocks,.txt,10164,235
dri.us.txt,market/Stocks,.txt,278471,5662
adbe.us.txt,market/Stocks,.txt,347190,7877
cwh.us.txt,market/Stocks,.txt,13342,278
trx.us.txt,market/Stocks,.txt,67096,1616
petx.us.txt,market/Stocks,.txt,46761,1105
nanr.us.txt,market/Stocks,.txt,22549,479
wnc.us.txt,market/Stocks,.txt,155707,3202
gemp.us.txt,market/Stocks,.txt,13524,322
ubio.us.txt,market/Stocks,.txt,26641,605
anh_c.us.txt,market/Stocks,.txt,27275,632
qtnt.us.txt,market/Stocks,.txt,35289,871
prft.us.txt,market/Stocks,.txt,137584,3202
aks.us.txt,market/Stocks,.txt,148273,3202
mlss.us.txt,market/Stocks,.txt,23802,613
ambr.us.txt,market/Stocks,.txt,37782,921
cp.us.txt,market/Stocks,.txt,156097,3202
trtn.us.txt,market/Stocks,.txt,16157,337
teum.us.txt,market/Stocks,.txt,59350,1495
rpt.us.txt,market/Stocks,.txt,154730,3202
swks.us.txt,market/Stocks,.txt,158449,3202
all_e.us.txt,market/Stocks,.txt,41874,931
mindp.us.txt,market/Stocks,.txt,13864,308
uuu.us.txt,market/Stocks,.txt,114663,2951
cybe.us.txt,market/Stocks,.txt,128870,3187
wr.us.txt,market/Stocks,.txt,156696,3202
hli.us.txt,market/Stocks,.txt,27190,569
cpe.us.txt,market/Stocks,.txt,135350,3202
vza.us.txt,market/Stocks,.txt,44337,938
sa.us.txt,market/Stocks,.txt,136643,3202
rffc.us.txt,market/Stocks,.txt,15128,327
ipl_d.us.txt,market/Stocks,.txt,53102,1168
dwat.us.txt,market/Stocks,.txt,29807,658
amrc.us.txt,market/Stocks,.txt,74910,1843
ctv.us.txt,market/Stocks,.txt,37208,786
ctlt.us.txt,market/Stocks,.txt,37100,830
win.us.txt,market/Stocks,.txt,156743,3202
dsxn.us.txt,market/Stocks,.txt,28106,602
bgy.us.txt,market/Stocks,.txt,127972,2638
mcft.us.txt,market/Stocks,.txt,26615,588
trcr.us.txt,market/Stocks,.txt,748,17
slda.us.txt,market/Stocks,.txt,2823,65
agys.us.txt,market/Stocks,.txt,134767,3202
mams.us.txt,market/Stocks,.txt,40363,1020
jta.us.txt,market/Stocks,.txt,151891,3202
tcgp.us.txt,market/Stocks,.txt,1864,42
ccj.us.txt,market/Stocks,.txt,158143,3202
acsf.us.txt,market/Stocks,.txt,44885,965
mus.us.txt,market/Stocks,.txt,151362,3202
xusa.us.txt,market/Stocks,.txt,8850,201
tbi.us.txt,market/Stocks,.txt,140604,3202
sgh.us.txt,market/Stocks,.txt,5413,121
aqxp.us.txt,market/Stocks,.txt,39199,931
hovnp.us.txt,market/Stocks,.txt,70348,1765
cyrx.us.txt,market/Stocks,.txt,120739,2640
crnt.us.txt,market/Stocks,.txt,130583,3202
vno.us.txt,market/Stocks,.txt,158076,3202
qgen.us.txt,market/Stocks,.txt,155137,3202
cdk.us.txt,market/Stocks,.txt,38644,794
actg.us.txt,market/Stocks,.txt,150379,3202
ggp_a.us.txt,market/Stocks,.txt,53657,1188
chuba.us.txt,market/Stocks,.txt,14458,330
cxrx.us.txt,market/Stocks,.txt,26673,600
puk_.us.txt,market/Stocks,.txt,149480,3202
qval.us.txt,market/Stocks,.txt,36035,770
mcef.us.txt,market/Stocks,.txt,8675,187
vr_b.us.txt,market/Stocks,.txt,4488,101
iamxw.us.txt,market/Stocks,.txt,680,17
ccne.us.txt,market/Stocks,.txt,143155,3053
egov.us.txt,market/Stocks,.txt,154697,3202
axp.us.txt,market/Stocks,.txt,572590,11557
dre.us.txt,market/Stocks,.txt,157821,3202
trt.us.txt,market/Stocks,.txt,112966,2898
men.us.txt,market/Stocks,.txt,151847,3202
nni.us.txt,market/Stocks,.txt,153845,3202
cavm.us.txt,market/Stocks,.txt,118305,2655
evv.us.txt,market/Stocks,.txt,154312,3202
gyb.us.txt,market/Stocks,.txt,84222,1793
len.us.txt,market/Stocks,.txt,158554,3202
bsti.us.txt,market/Stocks,.txt,1756,39
cznc.us.txt,market/Stocks,.txt,149847,3173
finl.us.txt,market/Stocks,.txt,156040,3202
hsic.us.txt,market/Stocks,.txt,253643,5544
qlc.us.txt,market/Stocks,.txt,15927,346
stwd.us.txt,market/Stocks,.txt,102122,2080
dq.us.txt,market/Stocks,.txt,74783,1786
fis.us.txt,market/Stocks,.txt,157753,3202
ccf.us.txt,market/Stocks,.txt,146043,3106
pref.us.txt,market/Stocks,.txt,3466,79
elgx.us.txt,market/Stocks,.txt,133525,3202
tcco.us.txt,market/Stocks,.txt,115212,2638
atri.us.txt,market/Stocks,.txt,143672,3095
ibds.us.txt,market/Stocks,.txt,1731,39
cotv.us.txt,market/Stocks,.txt,16501,371
cabo.us.txt,market/Stocks,.txt,28476,599
grx_b.us.txt,market/Stocks,.txt,28759,663
jmei.us.txt,market/Stocks,.txt,37355,882
mtch.us.txt,market/Stocks,.txt,22502,500
vmot.us.txt,market/Stocks,.txt,6218,135
gis.us.txt,market/Stocks,.txt,427944,8681
ccih.us.txt,market/Stocks,.txt,73652,1789
stk.us.txt,market/Stocks,.txt,94975,2006
lbtyb.us.txt,market/Stocks,.txt,2461,61
epix.us.txt,market/Stocks,.txt,18046,454
yumc.us.txt,market/Stocks,.txt,11794,260
ctz.us.txt,market/Stocks,.txt,25689,542
fmciw.us.txt,market/Stocks,.txt,3559,89
sm.us.txt,market/Stocks,.txt,156954,3202
bpi.us.txt,market/Stocks,.txt,93115,2163
eqix.us.txt,market/Stocks,.txt,156224,3202
nid.us.txt,market/Stocks,.txt,59549,1244
rtk.us.txt,market/Stocks,.txt,142435,3182
btz.us.txt,market/Stocks,.txt,132022,2742
dvax.us.txt,market/Stocks,.txt,127476,3200
agnc.us.txt,market/Stocks,.txt,118413,2393
hibb.us.txt,market/Stocks,.txt,141863,3202
oxbrw.us.txt,market/Stocks,.txt,22906,586
prty.us.txt,market/Stocks,.txt,28492,652
cry.us.txt,market/Stocks,.txt,151065,3202
rost.us.txt,market/Stocks,.txt,401250,7902
un.us.txt,market/Stocks,.txt,158281,3202
atge.us.txt,market/Stocks,.txt,154911,3202
twi.us.txt,market/Stocks,.txt,155183,3202
dwch.us.txt,market/Stocks,.txt,124558,3128
laur.us.txt,market/Stocks,.txt,8888,199
rnst.us.txt,market/Stocks,.txt,153134,3202
nuag.us.txt,market/Stocks,.txt,13106,280
nog.us.txt,market/Stocks,.txt,110948,2632
cvrs.us.txt,market/Stocks,.txt,30671,760
bxmx.us.txt,market/Stocks,.txt,154399,3202
orig.us.txt,market/Stocks,.txt,82932,1536
br.us.txt,market/Stocks,.txt,130904,2682
hyi.us.txt,market/Stocks,.txt,136520,2857
cee.us.txt,market/Stocks,.txt,151672,3200
hmlp_a.us.txt,market/Stocks,.txt,1144,26
oxfd.us.txt,market/Stocks,.txt,43071,1001
tdf.us.txt,market/Stocks,.txt,153628,3202
jsynr.us.txt,market/Stocks,.txt,7609,186
pbct.us.txt,market/Stocks,.txt,157241,3202
ubp_g.us.txt,market/Stocks,.txt,20134,471
gop.us.txt,market/Stocks,.txt,812,19
catyw.us.txt,market/Stocks,.txt,1286,30
jhml.us.txt,market/Stocks,.txt,24921,532
cveo.us.txt,market/Stocks,.txt,36778,870
lcii.us.txt,market/Stocks,.txt,154151,3202
xlre.us.txt,market/Stocks,.txt,25239,526
hix.us.txt,market/Stocks,.txt,155417,3202
rcmt.us.txt,market/Stocks,.txt,147641,3189
bkep.us.txt,market/Stocks,.txt,77660,1633
wfc_p.us.txt,market/Stocks,.txt,53516,1171
fstr.us.txt,market/Stocks,.txt,151094,3201
dtf.us.txt,market/Stocks,.txt,149619,3195
bdsi.us.txt,market/Stocks,.txt,127883,3198
nly.us.txt,market/Stocks,.txt,160106,3202
lcm.us.txt,market/Stocks,.txt,151453,3202
cbh.us.txt,market/Stocks,.txt,4282,97
bedu.us.txt,market/Stocks,.txt,5442,125
ican.us.txt,market/Stocks,.txt,6792,148
atsg.us.txt,market/Stocks,.txt,131271,3202
al.us.txt,market/Stocks,.txt,80129,1647
mpb.us.txt,market/Stocks,.txt,101162,2204
kpti.us.txt,market/Stocks,.txt,43667,1013
andar.us.txt,market/Stocks,.txt,7819,188
lcahu.us.txt,market/Stocks,.txt,10371,240
egi.us.txt,market/Stocks,.txt,128316,3166
pmm.us.txt,market/Stocks,.txt,154719,3202
qsii.us.txt,market/Stocks,.txt,154015,3202
cncr.us.txt,market/Stocks,.txt,23814,525
wf.us.txt,market/Stocks,.txt,148618,3186
scac.us.txt,market/Stocks,.txt,3709,92
llnw.us.txt,market/Stocks,.txt,106770,2629
bioa.us.txt,market/Stocks,.txt,45791,1137
sanw.us.txt,market/Stocks,.txt,73172,1863
aaoi.us.txt,market/Stocks,.txt,46086,1042
jci.us.txt,market/Stocks,.txt,373164,7528
cifs.us.txt,market/Stocks,.txt,3043,69
rsls.us.txt,market/Stocks,.txt,106887,2506
ghdx.us.txt,market/Stocks,.txt,134082,3053
ggzrw.us.txt,market/Stocks,.txt,246,6
su.us.txt,market/Stocks,.txt,158883,3202
smsi.us.txt,market/Stocks,.txt,131939,3202
ctb.us.txt,market/Stocks,.txt,367482,7566
gass.us.txt,market/Stocks,.txt,124077,3048
edgw.us.txt,market/Stocks,.txt,122983,3161
sbac.us.txt,market/Stocks,.txt,146748,3202
chfs.us.txt,market/Stocks,.txt,53640,1411
eqc.us.txt,market/Stocks,.txt,152112,3202
fmx.us.txt,market/Stocks,.txt,156220,3202
mqt.us.txt,market/Stocks,.txt,151989,3202
dbl.us.txt,market/Stocks,.txt,69915,1458
vmi.us.txt,market/Stocks,.txt,154599,3202
oneo.us.txt,market/Stocks,.txt,17942,388
mdca.us.txt,market/Stocks,.txt,151696,3202
ctxrw.us.txt,market/Stocks,.txt,2525,65
cafd.us.txt,market/Stocks,.txt,29349,607
lorl.us.txt,market/Stocks,.txt,141292,3075
phh.us.txt,market/Stocks,.txt,152003,3202
dhdg.us.txt,market/Stocks,.txt,9405,213
star_g.us.txt,market/Stocks,.txt,26757,617
pk.us.txt,market/Stocks,.txt,11312,232
jdd.us.txt,market/Stocks,.txt,151947,3202
dvn.us.txt,market/Stocks,.txt,316296,6459
tx.us.txt,market/Stocks,.txt,143817,2968
swm.us.txt,market/Stocks,.txt,154359,3202
musa.us.txt,market/Stocks,.txt,46999,1057
otic.us.txt,market/Stocks,.txt,35760,821
dlr_i.us.txt,market/Stocks,.txt,24563,557
cdxs.us.txt,market/Stocks,.txt,76393,1906
seco.us.txt,market/Stocks,.txt,1520,37
mcrb.us.txt,market/Stocks,.txt,26322,602
evn.us.txt,market/Stocks,.txt,151194,3202
renn.us.txt,market/Stocks,.txt,68517,1643
tac.us.txt,market/Stocks,.txt,152277,3202
blue.us.txt,market/Stocks,.txt,49739,1111
civb.us.txt,market/Stocks,.txt,137844,2979
roam.us.txt,market/Stocks,.txt,26223,569
dea.us.txt,market/Stocks,.txt,33566,699
tep.us.txt,market/Stocks,.txt,54868,1136
akg.us.txt,market/Stocks,.txt,116987,2933
dar.us.txt,market/Stocks,.txt,138171,3202
gsht.us.txt,market/Stocks,.txt,4094,103
fnf.us.txt,market/Stocks,.txt,149898,3041
oaph.us.txt,market/Stocks,.txt,19201,419
eea.us.txt,market/Stocks,.txt,150051,3200
data.us.txt,market/Stocks,.txt,49509,1101
inn_b-cl.us.txt,market/Stocks,.txt,263,6
tcs.us.txt,market/Stocks,.txt,43166,1016
sfr.us.txt,market/Stocks,.txt,46203,950
gdot.us.txt,market/Stocks,.txt,81743,1843
stra.us.txt,market/Stocks,.txt,154253,3202
amd.us.txt,market/Stocks,.txt,376163,8738
wyig.us.txt,market/Stocks,.txt,868,22
usoi.us.txt,market/Stocks,.txt,4531,99
mplx.us.txt,market/Stocks,.txt,61748,1270
cof_d.us.txt,market/Stocks,.txt,33793,760
aiw.us.txt,market/Stocks,.txt,42976,934
hzo.us.txt,market/Stocks,.txt,136562,3202
at.us.txt,market/Stocks,.txt,143396,3059
chtr.us.txt,market/Stocks,.txt,96266,1977
iret.us.txt,market/Stocks,.txt,155087,3202
gpac.us.txt,market/Stocks,.txt,6098,151
banx.us.txt,market/Stocks,.txt,47610,1012
cfbk.us.txt,market/Stocks,.txt,107904,2789
psa_c.us.txt,market/Stocks,.txt,16681,376
spxt.us.txt,market/Stocks,.txt,3841,84
mer_k.us.txt,market/Stocks,.txt,84277,1820
glv.us.txt,market/Stocks,.txt,151626,3202
flqm.us.txt,market/Stocks,.txt,4706,108
teck.us.txt,market/Stocks,.txt,156937,3192
rba.us.txt,market/Stocks,.txt,155412,3202
ofg_d.us.txt,market/Stocks,.txt,43971,989
mgf.us.txt,market/Stocks,.txt,153738,3202
bsrr.us.txt,market/Stocks,.txt,151086,3200
audc.us.txt,market/Stocks,.txt,129420,3202
epm.us.txt,market/Stocks,.txt,151390,3192
zionw.us.txt,market/Stocks,.txt,63580,1632
ndra.us.txt,market/Stocks,.txt,2836,73
msd.us.txt,market/Stocks,.txt,153038,3202
ntrp.us.txt,market/Stocks,.txt,36950,925
vigi.us.txt,market/Stocks,.txt,20383,430
wldn.us.txt,market/Stocks,.txt,104291,2607
pnk.us.txt,market/Stocks,.txt,152555,3202
nxc.us.txt,market/Stocks,.txt,147907,3200
cdna.us.txt,market/Stocks,.txt,32975,838
tree.us.txt,market/Stocks,.txt,98350,2331
gam_b.us.txt,market/Stocks,.txt,81671,1796
jhmt.us.txt,market/Stocks,.txt,22717,493
rprx.us.txt,market/Stocks,.txt,132963,3203
dbit.us.txt,market/Stocks,.txt,8270,191
prta.us.txt,market/Stocks,.txt,54066,1231
biib.us.txt,market/Stocks,.txt,325391,6587
dss.us.txt,market/Stocks,.txt,64643,1598
cvr.us.txt,market/Stocks,.txt,117251,2546
stfc.us.txt,market/Stocks,.txt,152579,3202
sqlv.us.txt,market/Stocks,.txt,2787,64
avhi.us.txt,market/Stocks,.txt,137701,3202
usb.us.txt,market/Stocks,.txt,375118,7562
tusk.us.txt,market/Stocks,.txt,12071,273
ess.us.txt,market/Stocks,.txt,155389,3202
cash.us.txt,market/Stocks,.txt,137971,2950
seas.us.txt,market/Stocks,.txt,55603,1153
lark.us.txt,market/Stocks,.txt,101499,2204
pze.us.txt,market/Stocks,.txt,94482,2045
ht_d.us.txt,market/Stocks,.txt,16308,365
etr.us.txt,market/Stocks,.txt,443106,9044
hil.us.txt,market/Stocks,.txt,125904,3165
mcy.us.txt,market/Stocks,.txt,154971,3202
ttc.us.txt,market/Stocks,.txt,155843,3202
he_u.us.txt,market/Stocks,.txt,39988,895
ewmc.us.txt,market/Stocks,.txt,21110,453
jbk.us.txt,market/Stocks,.txt,59053,1278
enzy.us.txt,market/Stocks,.txt,41517,1039
tpic.us.txt,market/Stocks,.txt,14724,332
frgi.us.txt,market/Stocks,.txt,61280,1394
gnst.us.txt,market/Stocks,.txt,0,0
civbp.us.txt,market/Stocks,.txt,15430,339
wlk.us.txt,market/Stocks,.txt,155929,3202
spxx.us.txt,market/Stocks,.txt,143435,3014
pfnx.us.txt,market/Stocks,.txt,34154,835
bfo.us.txt,market/Stocks,.txt,148091,3170
tgls.us.txt,market/Stocks,.txt,48098,1038
sglbw.us.txt,market/Stocks,.txt,5053,132
pten.us.txt,market/Stocks,.txt,294842,5994
strm.us.txt,market/Stocks,.txt,124758,3189
cbl_d.us.txt,market/Stocks,.txt,83415,1819
amh.us.txt,market/Stocks,.txt,53056,1081
hl_b.us.txt,market/Stocks,.txt,35221,802
cumb.us.txt,market/Stocks,.txt,9592,207
cof_h.us.txt,market/Stocks,.txt,10623,239
mpv.us.txt,market/Stocks,.txt,149265,3200
pgnx.us.txt,market/Stocks,.txt,133385,3201
cfo.us.txt,market/Stocks,.txt,40023,845
pbdm.us.txt,market/Stocks,.txt,1188,30
dcix.us.txt,market/Stocks,.txt,91345,1715
nksh.us.txt,market/Stocks,.txt,143351,3075
efnl.us.txt,market/Stocks,.txt,61850,1327
sbgl.us.txt,market/Stocks,.txt,58460,1191
hydd.us.txt,market/Stocks,.txt,11488,260
oacqw.us.txt,market/Stocks,.txt,16828,395
crm.us.txt,market/Stocks,.txt,151048,3202
amtx.us.txt,market/Stocks,.txt,80874,2210
mdt.us.txt,market/Stocks,.txt,451211,9045
tcrd.us.txt,market/Stocks,.txt,90874,1906
tsn.us.txt,market/Stocks,.txt,158311,3202
nspr-ws-b.us.txt,market/Stocks,.txt,663,16
osis.us.txt,market/Stocks,.txt,140813,3202
ihit.us.txt,market/Stocks,.txt,10525,244
ras.us.txt,market/Stocks,.txt,155844,3202
gnty.us.txt,market/Stocks,.txt,6114,132
udr.us.txt,market/Stocks,.txt,158007,3202
pjt.us.txt,market/Stocks,.txt,25466,534
rsys.us.txt,market/Stocks,.txt,131472,3202
ndrm.us.txt,market/Stocks,.txt,31868,737
rare.us.txt,market/Stocks,.txt,42847,955
xyl.us.txt,market/Stocks,.txt,74485,1517
ddc.us.txt,market/Stocks,.txt,153262,3195
fizz.us.txt,market/Stocks,.txt,152650,3201
plw.us.txt,market/Stocks,.txt,120232,2541
luk.us.txt,market/Stocks,.txt,157148,3202
ep_c.us.txt,market/Stocks,.txt,78409,1738
bcr.us.txt,market/Stocks,.txt,423596,8725
phd.us.txt,market/Stocks,.txt,151919,3202
susc.us.txt,market/Stocks,.txt,2121,46
praa.us.txt,market/Stocks,.txt,148249,3202
enlk.us.txt,market/Stocks,.txt,154436,3202
viv.us.txt,market/Stocks,.txt,157746,3202
amat.us.txt,market/Stocks,.txt,427863,8365
cga.us.txt,market/Stocks,.txt,106604,2350
dfs.us.txt,market/Stocks,.txt,129902,2624
de.us.txt,market/Stocks,.txt,445228,9043
fig.us.txt,market/Stocks,.txt,132071,2711
fsfg.us.txt,market/Stocks,.txt,77713,1691
dfen.us.txt,market/Stocks,.txt,6014,135
gkos.us.txt,market/Stocks,.txt,26707,603
btn.us.txt,market/Stocks,.txt,123941,3186
payx.us.txt,market/Stocks,.txt,345167,6963
wafdw.us.txt,market/Stocks,.txt,20518,549
esbk.us.txt,market/Stocks,.txt,112461,2447
jce.us.txt,market/Stocks,.txt,127668,2679
vrnt.us.txt,market/Stocks,.txt,137178,3202
goau.us.txt,market/Stocks,.txt,4275,96
hmlp.us.txt,market/Stocks,.txt,39210,825
omc.us.txt,market/Stocks,.txt,342919,6962
hmhc.us.txt,market/Stocks,.txt,44446,1007
manu.us.txt,market/Stocks,.txt,62466,1324
aeua.us.txt,market/Stocks,.txt,28905,613
kst.us.txt,market/Stocks,.txt,149615,3197
rdn.us.txt,market/Stocks,.txt,157586,3202
slct.us.txt,market/Stocks,.txt,97627,2513
symc.us.txt,market/Stocks,.txt,347930,6965
lexeb.us.txt,market/Stocks,.txt,598,14
ch.us.txt,market/Stocks,.txt,149116,3202
bwp.us.txt,market/Stocks,.txt,147247,3024
nlst.us.txt,market/Stocks,.txt,111468,2751
cnacw.us.txt,market/Stocks,.txt,1362,34
fldm.us.txt,market/Stocks,.txt,73060,1698
finx.us.txt,market/Stocks,.txt,11898,267
abco.us.txt,market/Stocks,.txt,145314,3202
mcrn.us.txt,market/Stocks,.txt,26672,603
pg.us.txt,market/Stocks,.txt,598360,12076
drq.us.txt,market/Stocks,.txt,142601,3202
amh_d.us.txt,market/Stocks,.txt,16300,371
are_d.us.txt,market/Stocks,.txt,18225,424
vntv.us.txt,market/Stocks,.txt,63983,1422
acco.us.txt,market/Stocks,.txt,128941,3085
mrvl.us.txt,market/Stocks,.txt,217385,4364
wgo.us.txt,market/Stocks,.txt,154662,3202
ely.us.txt,market/Stocks,.txt,155282,3202
maga.us.txt,market/Stocks,.txt,2166,48
gtyhu.us.txt,market/Stocks,.txt,9667,225
orrf.us.txt,market/Stocks,.txt,133082,2852
ulh.us.txt,market/Stocks,.txt,151826,3202
ruth.us.txt,market/Stocks,.txt,149724,3089
cix.us.txt,market/Stocks,.txt,142279,3074
afl.us.txt,market/Stocks,.txt,414399,8399
utes.us.txt,market/Stocks,.txt,19232,418
ghyb.us.txt,market/Stocks,.txt,1840,40
comg.us.txt,market/Stocks,.txt,1693,39
tgtx.us.txt,market/Stocks,.txt,47050,1124
send.us.txt,market/Stocks,.txt,0,0
kio.us.txt,market/Stocks,.txt,51786,1085
ncz.us.txt,market/Stocks,.txt,155505,3202
uevm.us.txt,market/Stocks,.txt,524,12
apam.us.txt,market/Stocks,.txt,57070,1183
htus.us.txt,market/Stocks,.txt,28238,603
frc_d.us.txt,market/Stocks,.txt,52288,1150
clbs.us.txt,market/Stocks,.txt,106064,3034
avdl.us.txt,market/Stocks,.txt,132874,3202
lind.us.txt,market/Stocks,.txt,32820,804
cnit.us.txt,market/Stocks,.txt,109213,2728
glpi.us.txt,market/Stocks,.txt,49393,1012
dhil.us.txt,market/Stocks,.txt,146468,3141
chk_d.us.txt,market/Stocks,.txt,82169,1820
mfem.us.txt,market/Stocks,.txt,1976,45
hees.us.txt,market/Stocks,.txt,143542,2969
bsmx.us.txt,market/Stocks,.txt,62692,1292
vsto.us.txt,market/Stocks,.txt,31053,695
eog.us.txt,market/Stocks,.txt,348445,7082
pagp.us.txt,market/Stocks,.txt,50286,1028
dkt.us.txt,market/Stocks,.txt,87578,1820
clrb.us.txt,market/Stocks,.txt,75368,2040
mxl.us.txt,market/Stocks,.txt,80759,1926
ewre.us.txt,market/Stocks,.txt,19312,417
sjw.us.txt,market/Stocks,.txt,152683,3202
osk.us.txt,market/Stocks,.txt,156450,3202
kura.us.txt,market/Stocks,.txt,20276,510
aer.us.txt,market/Stocks,.txt,121683,2764
snd.us.txt,market/Stocks,.txt,11060,258
ylde.us.txt,market/Stocks,.txt,1081,24
gcbc.us.txt,market/Stocks,.txt,96950,2103
wsm.us.txt,market/Stocks,.txt,157637,3202
avgr.us.txt,market/Stocks,.txt,30051,704
nspr-ws.us.txt,market/Stocks,.txt,1372,34
nvec.us.txt,market/Stocks,.txt,152455,3202
jnpr.us.txt,market/Stocks,.txt,230285,4625
vsm.us.txt,market/Stocks,.txt,13371,281
syx.us.txt,market/Stocks,.txt,152583,3202
mkc.us.txt,market/Stocks,.txt,225891,4647
nee_c.us.txt,market/Stocks,.txt,82540,1797
skys.us.txt,market/Stocks,.txt,29557,741
arow.us.txt,market/Stocks,.txt,151756,3202
esio.us.txt,market/Stocks,.txt,148086,3202
nfg.us.txt,market/Stocks,.txt,155615,3202
gern.us.txt,market/Stocks,.txt,131436,3202
ssni.us.txt,market/Stocks,.txt,51590,1179
nvgs.us.txt,market/Stocks,.txt,50424,1167
jha.us.txt,market/Stocks,.txt,22059,504
rfil.us.txt,market/Stocks,.txt,147906,3140
adnt.us.txt,market/Stocks,.txt,12649,260
cetv.us.txt,market/Stocks,.txt,134741,3202
ms_e.us.txt,market/Stocks,.txt,46911,1038
ofg.us.txt,market/Stocks,.txt,154075,3202
iboc.us.txt,market/Stocks,.txt,154779,3202
e.us.txt,market/Stocks,.txt,155875,3202
cmpr.us.txt,market/Stocks,.txt,135312,3052
ipi.us.txt,market/Stocks,.txt,105684,2410
ble.us.txt,market/Stocks,.txt,151585,3202
paas.us.txt,market/Stocks,.txt,157433,3202
cmta.us.txt,market/Stocks,.txt,3189,73
agro.us.txt,market/Stocks,.txt,71579,1708
mdlz.us.txt,market/Stocks,.txt,139840,2800
bhv.us.txt,market/Stocks,.txt,128457,2766
clpr.us.txt,market/Stocks,.txt,9158,192
kr.us.txt,market/Stocks,.txt,518367,10307
hpi.us.txt,market/Stocks,.txt,152937,3202
shg.us.txt,market/Stocks,.txt,150365,3202
brqsw.us.txt,market/Stocks,.txt,14452,346
fbc.us.txt,market/Stocks,.txt,127576,3202
oa.us.txt,market/Stocks,.txt,33731,695
htz.us.txt,market/Stocks,.txt,134544,2767
ablx.us.txt,market/Stocks,.txt,625,14
gva.us.txt,market/Stocks,.txt,155554,3202
bxg.us.txt,market/Stocks,.txt,0,0
lmfa.us.txt,market/Stocks,.txt,17133,431
grr.us.txt,market/Stocks,.txt,147050,3164
ggz_a.us.txt,market/Stocks,.txt,13789,311
nyrt.us.txt,market/Stocks,.txt,41215,904
ivfvc.us.txt,market/Stocks,.txt,2190,51
epr_e.us.txt,market/Stocks,.txt,77186,1703
mexx.us.txt,market/Stocks,.txt,4653,104
amza.us.txt,market/Stocks,.txt,37095,782
sabr.us.txt,market/Stocks,.txt,44377,902
nxrt.us.txt,market/Stocks,.txt,31580,662
xbio.us.txt,market/Stocks,.txt,9757,241
bracw.us.txt,market/Stocks,.txt,566,14
jobs.us.txt,market/Stocks,.txt,140160,3201
sybt.us.txt,market/Stocks,.txt,152292,3202
fnsr.us.txt,market/Stocks,.txt,141651,3202
nre.us.txt,market/Stocks,.txt,24412,512
oilk.us.txt,market/Stocks,.txt,12166,283
bkh.us.txt,market/Stocks,.txt,155289,3202
pdm.us.txt,market/Stocks,.txt,95530,1955
wal.us.txt,market/Stocks,.txt,133387,3116
gen.us.txt,market/Stocks,.txt,108252,2646
lyb.us.txt,market/Stocks,.txt,94174,1902
dni.us.txt,market/Stocks,.txt,151438,3203
ckh.us.txt,market/Stocks,.txt,154861,3202
euxl.us.txt,market/Stocks,.txt,3508,79
idmo.us.txt,market/Stocks,.txt,5868,127
hl.us.txt,market/Stocks,.txt,158413,3202
fen.us.txt,market/Stocks,.txt,152508,3202
nodk.us.txt,market/Stocks,.txt,7281,168
cptag.us.txt,market/Stocks,.txt,4914,114
sky.us.txt,market/Stocks,.txt,140055,3202
hpe.us.txt,market/Stocks,.txt,25447,512
cli.us.txt,market/Stocks,.txt,156604,3202
usap.us.txt,market/Stocks,.txt,137753,3202
tact.us.txt,market/Stocks,.txt,150822,3195
agn.us.txt,market/Stocks,.txt,304764,6229
spvm.us.txt,market/Stocks,.txt,6401,147
i.us.txt,market/Stocks,.txt,48941,1154
tcf_c.us.txt,market/Stocks,.txt,55677,1221
moti.us.txt,market/Stocks,.txt,21511,472
mfcb.us.txt,market/Stocks,.txt,67473,1540
ajxa.us.txt,market/Stocks,.txt,5552,124
entl.us.txt,market/Stocks,.txt,30931,705
ms_i.us.txt,market/Stocks,.txt,35269,791
atni.us.txt,market/Stocks,.txt,150146,3157
ssw_g.us.txt,market/Stocks,.txt,15609,354
btu_.us.txt,market/Stocks,.txt,598,15
eric.us.txt,market/Stocks,.txt,157030,3202
mlhr.us.txt,market/Stocks,.txt,155354,3202
oksb.us.txt,market/Stocks,.txt,151429,3186
ppc.us.txt,market/Stocks,.txt,155834,3202
srne.us.txt,market/Stocks,.txt,41515,1020
clns_g.us.txt,market/Stocks,.txt,8055,184
dzsi.us.txt,market/Stocks,.txt,125460,3202
ticc.us.txt,market/Stocks,.txt,155210,3202
adp.us.txt,market/Stocks,.txt,431267,8725
meoh.us.txt,market/Stocks,.txt,155624,3202
ori.us.txt,market/Stocks,.txt,157408,3202
myrg.us.txt,market/Stocks,.txt,101815,2327
hcap.us.txt,market/Stocks,.txt,52789,1140
shbi.us.txt,market/Stocks,.txt,146200,3131
myn.us.txt,market/Stocks,.txt,151894,3202
sybx.us.txt,market/Stocks,.txt,23319,523
wes.us.txt,market/Stocks,.txt,116007,2397
cys_a.us.txt,market/Stocks,.txt,59544,1317
bkd.us.txt,market/Stocks,.txt,134258,3015
ljpc.us.txt,market/Stocks,.txt,41861,956
unt.us.txt,market/Stocks,.txt,142140,3202
urbn.us.txt,market/Stocks,.txt,145323,3202
geb.us.txt,market/Stocks,.txt,61098,1280
schw_b.us.txt,market/Stocks,.txt,29731,674
hfxj.us.txt,market/Stocks,.txt,14086,305
nvda.us.txt,market/Stocks,.txt,237020,4734
xelb.us.txt,market/Stocks,.txt,31998,822
safm.us.txt,market/Stocks,.txt,155533,3202
mnr.us.txt,market/Stocks,.txt,153092,3201
jks.us.txt,market/Stocks,.txt,82048,1890
blmn.us.txt,market/Stocks,.txt,65099,1326
mara.us.txt,market/Stocks,.txt,34116,832
neu.us.txt,market/Stocks,.txt,153568,3202
bofi.us.txt,market/Stocks,.txt,143375,3158
hesm.us.txt,market/Stocks,.txt,7391,155
edom.us.txt,market/Stocks,.txt,20718,468
oge.us.txt,market/Stocks,.txt,156828,3202
frc_h.us.txt,market/Stocks,.txt,4860,110
jpeh.us.txt,market/Stocks,.txt,2368,53
jmp.us.txt,market/Stocks,.txt,126304,2648
aaap.us.txt,market/Stocks,.txt,21911,506
wbib.us.txt,market/Stocks,.txt,37736,808
xbks.us.txt,market/Stocks,.txt,65715,1628
vtl.us.txt,market/Stocks,.txt,36833,902
hstm.us.txt,market/Stocks,.txt,132561,3199
auo.us.txt,market/Stocks,.txt,156673,3202
ibd.us.txt,market/Stocks,.txt,3676,79
numv.us.txt,market/Stocks,.txt,9758,225
gpn.us.txt,market/Stocks,.txt,157179,3202
expr.us.txt,market/Stocks,.txt,84544,1891
ncv.us.txt,market/Stocks,.txt,155650,3202
sngxw.us.txt,market/Stocks,.txt,5086,126
efbi.us.txt,market/Stocks,.txt,3256,76
rlj_a.us.txt,market/Stocks,.txt,2151,50
cit.us.txt,market/Stocks,.txt,98396,1995
opy.us.txt,market/Stocks,.txt,151883,3198
nc.us.txt,market/Stocks,.txt,154389,3202
hjpx.us.txt,market/Stocks,.txt,762,17
thw.us.txt,market/Stocks,.txt,28965,602
cmg.us.txt,market/Stocks,.txt,138428,2972
amkr.us.txt,market/Stocks,.txt,134319,3202
dhf.us.txt,market/Stocks,.txt,155579,3202
vrsn.us.txt,market/Stocks,.txt,239130,4978
jp.us.txt,market/Stocks,.txt,25148,559
mtbcp.us.txt,market/Stocks,.txt,16154,349
pbb.us.txt,market/Stocks,.txt,22564,478
aprn.us.txt,market/Stocks,.txt,4013,96
bit.us.txt,market/Stocks,.txt,57487,1190
snak.us.txt,market/Stocks,.txt,128050,3202
elu.us.txt,market/Stocks,.txt,53025,1129
tril.us.txt,market/Stocks,.txt,61479,1463
vwr.us.txt,market/Stocks,.txt,35060,786
fsp.us.txt,market/Stocks,.txt,150215,3135
schw.us.txt,market/Stocks,.txt,357597,7149
midd.us.txt,market/Stocks,.txt,151650,3202
hei.us.txt,market/Stocks,.txt,154553,3202
asix.us.txt,market/Stocks,.txt,12573,281
syt.us.txt,market/Stocks,.txt,154815,3200
ally_a.us.txt,market/Stocks,.txt,30264,682
grub.us.txt,market/Stocks,.txt,41069,911
armk.us.txt,market/Stocks,.txt,48327,988
cswi.us.txt,market/Stocks,.txt,22779,534
mzor.us.txt,market/Stocks,.txt,49096,1124
wwr.us.txt,market/Stocks,.txt,130764,3202
mxdu.us.txt,market/Stocks,.txt,517,12
mbot.us.txt,market/Stocks,.txt,69830,1581
osg.us.txt,market/Stocks,.txt,21423,479
egrx.us.txt,market/Stocks,.txt,41832,947
snh.us.txt,market/Stocks,.txt,157653,3202
blvdu.us.txt,market/Stocks,.txt,16910,407
pnc_q.us.txt,market/Stocks,.txt,59120,1292
peo.us.txt,market/Stocks,.txt,152827,3202
evri.us.txt,market/Stocks,.txt,22867,561
bny.us.txt,market/Stocks,.txt,150886,3202
cfnb.us.txt,market/Stocks,.txt,124486,2728
celgz.us.txt,market/Stocks,.txt,75671,1707
gdl.us.txt,market/Stocks,.txt,129070,2721
tivo.us.txt,market/Stocks,.txt,88872,1820
yrd.us.txt,market/Stocks,.txt,23186,480
rmniw.us.txt,market/Stocks,.txt,12609,314
irdmb.us.txt,market/Stocks,.txt,16252,357
ast.us.txt,market/Stocks,.txt,33627,838
rtec.us.txt,market/Stocks,.txt,136810,3202
sti_a.us.txt,market/Stocks,.txt,30045,684
ftxg.us.txt,market/Stocks,.txt,9362,203
jemd.us.txt,market/Stocks,.txt,1405,33
nem.us.txt,market/Stocks,.txt,427121,8727
bxs.us.txt,market/Stocks,.txt,155176,3202
grf.us.txt,market/Stocks,.txt,118833,2588
mrns.us.txt,market/Stocks,.txt,33744,829
skm.us.txt,market/Stocks,.txt,156692,3202
hx.us.txt,market/Stocks,.txt,296,7
coo.us.txt,market/Stocks,.txt,155626,3202
hsc.us.txt,market/Stocks,.txt,152829,3202
smhd.us.txt,market/Stocks,.txt,32958,697
trow.us.txt,market/Stocks,.txt,349176,7092
canf.us.txt,market/Stocks,.txt,40049,1002
oeur.us.txt,market/Stocks,.txt,25973,555
appf.us.txt,market/Stocks,.txt,25744,602
kmda.us.txt,market/Stocks,.txt,43531,1089
lyv.us.txt,market/Stocks,.txt,131350,2999
sce_d.us.txt,market/Stocks,.txt,64912,1458
zixi.us.txt,market/Stocks,.txt,129513,3202
mmt.us.txt,market/Stocks,.txt,155322,3202
acor.us.txt,market/Stocks,.txt,130216,2960
ofs.us.txt,market/Stocks,.txt,59783,1263
ltrpa.us.txt,market/Stocks,.txt,35611,807
aroc.us.txt,market/Stocks,.txt,24729,510
apopw.us.txt,market/Stocks,.txt,9010,231
iga.us.txt,market/Stocks,.txt,144265,3033
pcyo.us.txt,market/Stocks,.txt,122802,3161
snsr.us.txt,market/Stocks,.txt,13305,293
cohn.us.txt,market/Stocks,.txt,145276,3178
wvfc.us.txt,market/Stocks,.txt,81425,1776
lmt.us.txt,market/Stocks,.txt,502039,10305
pth.us.txt,market/Stocks,.txt,128166,2787
icow.us.txt,market/Stocks,.txt,4548,101
vbf.us.txt,market/Stocks,.txt,151990,3202
kf.us.txt,market/Stocks,.txt,150338,3201
xpl.us.txt,market/Stocks,.txt,117390,2979
ry_s-cl.us.txt,market/Stocks,.txt,2167,49
dfs_b-cl.us.txt,market/Stocks,.txt,358,8
mbio.us.txt,market/Stocks,.txt,2494,59
bcom.us.txt,market/Stocks,.txt,94779,2055
eip.us.txt,market/Stocks,.txt,142648,3107
nymtn.us.txt,market/Stocks,.txt,972,22
q.us.txt,market/Stocks,.txt,50857,1139
igeb.us.txt,market/Stocks,.txt,3777,86
spvu.us.txt,market/Stocks,.txt,10016,218
tipt.us.txt,market/Stocks,.txt,48551,1040
type.us.txt,market/Stocks,.txt,124824,2597
bhb.us.txt,market/Stocks,.txt,142033,3064
wrb_b.us.txt,market/Stocks,.txt,51624,1141
wmgiz.us.txt,market/Stocks,.txt,45879,995
jpm_a.us.txt,market/Stocks,.txt,54537,1188
nextw.us.txt,market/Stocks,.txt,10214,239
aau.us.txt,market/Stocks,.txt,127281,3178
cna.us.txt,market/Stocks,.txt,155460,3202
snp.us.txt,market/Stocks,.txt,155175,3202
nwl.us.txt,market/Stocks,.txt,411320,8401
irm.us.txt,market/Stocks,.txt,157813,3202
pacw.us.txt,market/Stocks,.txt,155231,3202
lvhi.us.txt,market/Stocks,.txt,15049,326
eos.us.txt,market/Stocks,.txt,155004,3202
rnp.us.txt,market/Stocks,.txt,154728,3202
heq.us.txt,market/Stocks,.txt,77335,1627
bncl.us.txt,market/Stocks,.txt,124867,2603
mod.us.txt,market/Stocks,.txt,137612,3202
qrvo.us.txt,market/Stocks,.txt,31467,697
hei-a.us.txt,market/Stocks,.txt,86531,1820
odc.us.txt,market/Stocks,.txt,148752,3170
sach.us.txt,market/Stocks,.txt,8927,191
osbc.us.txt,market/Stocks,.txt,152183,3201
golf.us.txt,market/Stocks,.txt,12534,263
ctrp.us.txt,market/Stocks,.txt,147370,3202
prk.us.txt,market/Stocks,.txt,152343,3202
patk.us.txt,market/Stocks,.txt,135651,3042
gsh.us.txt,market/Stocks,.txt,151367,3202
orbc.us.txt,market/Stocks,.txt,112637,2776
daio.us.txt,market/Stocks,.txt,121300,3109
xshd.us.txt,market/Stocks,.txt,10964,237
tho.us.txt,market/Stocks,.txt,155650,3202
corr_a.us.txt,market/Stocks,.txt,29767,680
cuba.us.txt,market/Stocks,.txt,146952,3154
hall.us.txt,market/Stocks,.txt,126405,3089
san_i.us.txt,market/Stocks,.txt,80043,1754
cil.us.txt,market/Stocks,.txt,17488,381
veru.us.txt,market/Stocks,.txt,143730,3162
psb_x.us.txt,market/Stocks,.txt,1627,37
rmcf.us.txt,market/Stocks,.txt,149095,3199
insg.us.txt,market/Stocks,.txt,132946,3202
ubp_f-cl.us.txt,market/Stocks,.txt,1114,25
pfi.us.txt,market/Stocks,.txt,129012,2771
mhi.us.txt,market/Stocks,.txt,151782,3202
vpg.us.txt,market/Stocks,.txt,80275,1862
nfbk.us.txt,market/Stocks,.txt,120685,2521
ocn.us.txt,market/Stocks,.txt,136061,3202
thff.us.txt,market/Stocks,.txt,151511,3202
rvlt.us.txt,market/Stocks,.txt,113660,3029
crto.us.txt,market/Stocks,.txt,44881,1018
wpg.us.txt,market/Stocks,.txt,42512,872
psxp.us.txt,market/Stocks,.txt,52639,1088
mapi.us.txt,market/Stocks,.txt,0,0
gte.us.txt,market/Stocks,.txt,122911,3020
wtt.us.txt,market/Stocks,.txt,125517,3193
ehth.us.txt,market/Stocks,.txt,122700,2791
heuv.us.txt,market/Stocks,.txt,19739,443
c_c.us.txt,market/Stocks,.txt,53297,1168
sito.us.txt,market/Stocks,.txt,23035,572
gsd.us.txt,market/Stocks,.txt,20082,443
exc.us.txt,market/Stocks,.txt,469913,9548
gww.us.txt,market/Stocks,.txt,402760,8296
evar.us.txt,market/Stocks,.txt,35914,884
moh.us.txt,market/Stocks,.txt,146781,3202
dxc.us.txt,market/Stocks,.txt,7517,156
oflx.us.txt,market/Stocks,.txt,141111,3030
hdrw.us.txt,market/Stocks,.txt,19196,435
xel.us.txt,market/Stocks,.txt,214280,4336
lvhe.us.txt,market/Stocks,.txt,10834,242
fisv.us.txt,market/Stocks,.txt,319471,6965
ibmk.us.txt,market/Stocks,.txt,25294,547
ivr.us.txt,market/Stocks,.txt,103231,2112
nss.us.txt,market/Stocks,.txt,57027,1209
pfbi.us.txt,market/Stocks,.txt,140966,3028
ctas.us.txt,market/Stocks,.txt,339568,6963
pah.us.txt,market/Stocks,.txt,42424,961
fdx.us.txt,market/Stocks,.txt,468663,9548
dkl.us.txt,market/Stocks,.txt,60428,1267
ford.us.txt,market/Stocks,.txt,128246,3201
jnce.us.txt,market/Stocks,.txt,8997,202
gladn.us.txt,market/Stocks,.txt,1459,33
flir.us.txt,market/Stocks,.txt,157043,3202
bdxa.us.txt,market/Stocks,.txt,5576,124
ibp.us.txt,market/Stocks,.txt,41195,946
arna.us.txt,market/Stocks,.txt,129714,3201
regn.us.txt,market/Stocks,.txt,146614,3201
ncb.us.txt,market/Stocks,.txt,99343,2131
scon.us.txt,market/Stocks,.txt,128791,3202
fti.us.txt,market/Stocks,.txt,148059,3202
mhe.us.txt,market/Stocks,.txt,134103,2917
hbp.us.txt,market/Stocks,.txt,39081,986
home.us.txt,market/Stocks,.txt,14373,323
atos.us.txt,market/Stocks,.txt,52437,1261
plnt.us.txt,market/Stocks,.txt,27057,574
bgsf.us.txt,market/Stocks,.txt,29849,637
hfc.us.txt,market/Stocks,.txt,79256,1603
asna.us.txt,market/Stocks,.txt,144035,3203
rlgy.us.txt,market/Stocks,.txt,62695,1281
trmk.us.txt,market/Stocks,.txt,155280,3202
reta.us.txt,market/Stocks,.txt,16304,371
rbus.us.txt,market/Stocks,.txt,1465,35
bms.us.txt,market/Stocks,.txt,403982,8347
ehr.us.txt,market/Stocks,.txt,0,0
ptnr.us.txt,market/Stocks,.txt,142978,3193
pfe.us.txt,market/Stocks,.txt,455466,9043
thc.us.txt,market/Stocks,.txt,399842,9043
rso_b.us.txt,market/Stocks,.txt,58482,1287
aft.us.txt,market/Stocks,.txt,80303,1685
nati.us.txt,market/Stocks,.txt,155590,3202
dla.us.txt,market/Stocks,.txt,132237,3174
psb_t.us.txt,market/Stocks,.txt,63361,1386
tlp.us.txt,market/Stocks,.txt,149653,3141
bwinb.us.txt,market/Stocks,.txt,151217,3202
bdc_b.us.txt,market/Stocks,.txt,14526,316
abg.us.txt,market/Stocks,.txt,140421,3202
cms.us.txt,market/Stocks,.txt,405146,8281
dhr.us.txt,market/Stocks,.txt,372173,7563
gsat.us.txt,market/Stocks,.txt,115054,2777
jd.us.txt,market/Stocks,.txt,40047,878
tenx.us.txt,market/Stocks,.txt,119607,3202
sce_h.us.txt,market/Stocks,.txt,40849,930
lsxmk.us.txt,market/Stocks,.txt,17872,399
orpn.us.txt,market/Stocks,.txt,33002,830
wat.us.txt,market/Stocks,.txt,246913,5532
tlys.us.txt,market/Stocks,.txt,65689,1392
tgp_a.us.txt,market/Stocks,.txt,12180,276
sor.us.txt,market/Stocks,.txt,151543,3202
elon.us.txt,market/Stocks,.txt,126337,3200
ahgp.us.txt,market/Stocks,.txt,138763,2900
sb_b.us.txt,market/Stocks,.txt,30584,702
ooma.us.txt,market/Stocks,.txt,23426,588
ht.us.txt,market/Stocks,.txt,154178,3202
rxn.us.txt,market/Stocks,.txt,62962,1417
ontxw.us.txt,market/Stocks,.txt,5812,152
pcg_b.us.txt,market/Stocks,.txt,58727,1319
tpge-u.us.txt,market/Stocks,.txt,4297,98
nea.us.txt,market/Stocks,.txt,150521,3202
fitbi.us.txt,market/Stocks,.txt,46679,983
dwin.us.txt,market/Stocks,.txt,20091,425
asx.us.txt,market/Stocks,.txt,156302,3201
dplo.us.txt,market/Stocks,.txt,34771,780
faro.us.txt,market/Stocks,.txt,139868,3202
wpg_h.us.txt,market/Stocks,.txt,29706,678
awk.us.txt,market/Stocks,.txt,117921,2409
hds.us.txt,market/Stocks,.txt,50164,1105
fwonk.us.txt,market/Stocks,.txt,37566,832
crvs.us.txt,market/Stocks,.txt,18107,416
ltea.us.txt,market/Stocks,.txt,13145,326
mtls.us.txt,market/Stocks,.txt,34724,855
ns_b.us.txt,market/Stocks,.txt,6020,135
camt.us.txt,market/Stocks,.txt,125189,3175
emo.us.txt,market/Stocks,.txt,77685,1617
hpq.us.txt,market/Stocks,.txt,611146,12076
pirs.us.txt,market/Stocks,.txt,27085,670
ival.us.txt,market/Stocks,.txt,33373,721
chn.us.txt,market/Stocks,.txt,152993,3202
omex.us.txt,market/Stocks,.txt,133892,3202
roic.us.txt,market/Stocks,.txt,120214,2496
dmo.us.txt,market/Stocks,.txt,92554,1946
uzb.us.txt,market/Stocks,.txt,34800,737
nbl.us.txt,market/Stocks,.txt,158677,3202
nrim.us.txt,market/Stocks,.txt,148632,3171
lmat.us.txt,market/Stocks,.txt,129007,2734
atu.us.txt,market/Stocks,.txt,155526,3202
jhy.us.txt,market/Stocks,.txt,26030,580
xco.us.txt,market/Stocks,.txt,138332,2962
mik.us.txt,market/Stocks,.txt,38408,853
apf.us.txt,market/Stocks,.txt,151189,3201
vti.us.txt,market/ETFs,.txt,157987,3202
ibnd.us.txt,market/ETFs,.txt,89341,1883
viov.us.txt,market/ETFs,.txt,80146,1721
urty.us.txt,market/ETFs,.txt,93916,1953
schr.us.txt,market/ETFs,.txt,87017,1832
jnk.us.txt,market/ETFs,.txt,123915,2503
pej.us.txt,market/ETFs,.txt,147510,3119
eqwm.us.txt,market/ETFs,.txt,25804,560
rusl.us.txt,market/ETFs,.txt,74529,1628
feny.us.txt,market/ETFs,.txt,49082,1019
lglv.us.txt,market/ETFs,.txt,50393,1089
don.us.txt,market/ETFs,.txt,137927,2873
dim.us.txt,market/ETFs,.txt,135082,2870
vfh.us.txt,market/ETFs,.txt,154462,3202
vug.us.txt,market/ETFs,.txt,155319,3202
faus.us.txt,market/ETFs,.txt,28360,618
eelv.us.txt,market/ETFs,.txt,69253,1459
vqt.us.txt,market/ETFs,.txt,81555,1736
xt.us.txt,market/ETFs,.txt,29319,619
ujb.us.txt,market/ETFs,.txt,593,13
iwm.us.txt,market/ETFs,.txt,162105,3202
uym.us.txt,market/ETFs,.txt,130384,2714
fieu.us.txt,market/ETFs,.txt,47752,1041
ashs.us.txt,market/ETFs,.txt,40020,873
chim.us.txt,market/ETFs,.txt,73951,1606
dia.us.txt,market/ETFs,.txt,159715,3202
xtn.us.txt,market/ETFs,.txt,79077,1671
agg.us.txt,market/ETFs,.txt,156635,3202
tip.us.txt,market/ETFs,.txt,156116,3202
gbf.us.txt,market/ETFs,.txt,127088,2716
fvd.us.txt,market/ETFs,.txt,153438,3202
rvnu.us.txt,market/ETFs,.txt,48015,1033
pst.us.txt,market/ETFs,.txt,105768,2402
smlf.us.txt,market/ETFs,.txt,24414,529
dnl.us.txt,market/ETFs,.txt,132483,2836
know.us.txt,market/ETFs,.txt,60841,1293
sil.us.txt,market/ETFs,.txt,90763,1907
dxjf.us.txt,market/ETFs,.txt,40087,856
puw.us.txt,market/ETFs,.txt,126880,2719
usci.us.txt,market/ETFs,.txt,80215,1829
mxi.us.txt,market/ETFs,.txt,133511,2806
jjt.us.txt,market/ETFs,.txt,4496,107
gsy.us.txt,market/ETFs,.txt,73554,1547
hevy.us.txt,market/ETFs,.txt,330,8
pvi.us.txt,market/ETFs,.txt,119732,2511
sqqq.us.txt,market/ETFs,.txt,92894,1953
iwy.us.txt,market/ETFs,.txt,86481,1820
hdv.us.txt,market/ETFs,.txt,80737,1665
gnma.us.txt,market/ETFs,.txt,66019,1414
flot.us.txt,market/ETFs,.txt,77659,1611
idv.us.txt,market/ETFs,.txt,126557,2623
sdow.us.txt,market/ETFs,.txt,89517,1953
ldri.us.txt,market/ETFs,.txt,26343,575
midu.us.txt,market/ETFs,.txt,107083,2228
schf.us.txt,market/ETFs,.txt,97826,2021
mom.us.txt,market/ETFs,.txt,39919,935
sye.us.txt,market/ETFs,.txt,24759,540
prb.us.txt,market/ETFs,.txt,89033,1918
moat.us.txt,market/ETFs,.txt,66342,1396
rye.us.txt,market/ETFs,.txt,127609,2722
iak.us.txt,market/ETFs,.txt,135941,2886
tok.us.txt,market/ETFs,.txt,114123,2449
ivw.us.txt,market/ETFs,.txt,156257,3202
llsp.us.txt,market/ETFs,.txt,20817,454
eld.us.txt,market/ETFs,.txt,88206,1830
pbs.us.txt,market/ETFs,.txt,147561,3116
fems.us.txt,market/ETFs,.txt,60338,1280
emih.us.txt,market/ETFs,.txt,18746,418
bsjh.us.txt,market/ETFs,.txt,66116,1392
bnd.us.txt,market/ETFs,.txt,130864,2670
mdyg.us.txt,market/ETFs,.txt,137594,2944
vwo.us.txt,market/ETFs,.txt,159196,3193
dxj.us.txt,market/ETFs,.txt,137619,2849
brzu.us.txt,market/ETFs,.txt,50011,1145
dxjr.us.txt,market/ETFs,.txt,40593,865
mdiv.us.txt,market/ETFs,.txt,63729,1319
bzf.us.txt,market/ETFs,.txt,107958,2388
lstk.us.txt,market/ETFs,.txt,6552,150
geur.us.txt,market/ETFs,.txt,41681,895
jpge.us.txt,market/ETFs,.txt,38457,832
scid.us.txt,market/ETFs,.txt,18217,397
gal.us.txt,market/ETFs,.txt,63961,1356
ugld.us.txt,market/ETFs,.txt,66932,1527
xsw.us.txt,market/ETFs,.txt,67319,1449
ptm.us.txt,market/ETFs,.txt,100907,2358
dzz.us.txt,market/ETFs,.txt,102170,2446
shv.us.txt,market/ETFs,.txt,132426,2730
ffa.us.txt,market/ETFs,.txt,152328,3202
inp.us.txt,market/ETFs,.txt,120183,2741
koru.us.txt,market/ETFs,.txt,48716,1118
slqd.us.txt,market/ETFs,.txt,46569,998
fxi.us.txt,market/ETFs,.txt,160612,3202
vxx.us.txt,market/ETFs,.txt,111620,2213
flrn.us.txt,market/ETFs,.txt,68096,1440
gulf.us.txt,market/ETFs,.txt,107558,2298
pdbc.us.txt,market/ETFs,.txt,33676,723
corp.us.txt,market/ETFs,.txt,84251,1787
cbon.us.txt,market/ETFs,.txt,31843,686
pplt.us.txt,market/ETFs,.txt,91343,1976
soil.us.txt,market/ETFs,.txt,73910,1605
epp.us.txt,market/ETFs,.txt,156225,3202
iusg.us.txt,market/ETFs,.txt,153584,3202
pzt.us.txt,market/ETFs,.txt,117953,2519
dgl.us.txt,market/ETFs,.txt,119152,2734
agzd.us.txt,market/ETFs,.txt,39314,850
chep.us.txt,market/ETFs,.txt,41282,977
spyg.us.txt,market/ETFs,.txt,152363,3203
vig.us.txt,market/ETFs,.txt,141094,2908
eum.us.txt,market/ETFs,.txt,111712,2526
xhb.us.txt,market/ETFs,.txt,146625,2964
soxs.us.txt,market/ETFs,.txt,84688,1932
sh.us.txt,market/ETFs,.txt,132168,2870
sso.us.txt,market/ETFs,.txt,143466,2870
pxh.us.txt,market/ETFs,.txt,122224,2551
sds.us.txt,market/ETFs,.txt,136235,2855
iscf.us.txt,market/ETFs,.txt,21291,463
ixn.us.txt,market/ETFs,.txt,152278,3202
lbj.us.txt,market/ETFs,.txt,89544,2000
uup.us.txt,market/ETFs,.txt,122020,2703
svxy.us.txt,market/ETFs,.txt,73390,1536
govt.us.txt,market/ETFs,.txt,68683,1431
smdd.us.txt,market/ETFs,.txt,85329,1928
dgro.us.txt,market/ETFs,.txt,41449,863
emcb.us.txt,market/ETFs,.txt,66665,1422
fxe.us.txt,market/ETFs,.txt,145982,3001
ewq.us.txt,market/ETFs,.txt,155162,3202
amu.us.txt,market/ETFs,.txt,63750,1337
wmcr.us.txt,market/ETFs,.txt,123482,2656
tdtf.us.txt,market/ETFs,.txt,73373,1544
dto.us.txt,market/ETFs,.txt,106125,2370
fyld.us.txt,market/ETFs,.txt,46365,989
vis.us.txt,market/ETFs,.txt,152728,3201
tviz.us.txt,market/ETFs,.txt,67898,1647
dbe.us.txt,market/ETFs,.txt,119686,2734
tbt.us.txt,market/ETFs,.txt,111153,2402
dgrw.us.txt,market/ETFs,.txt,54034,1128
qgbr.us.txt,market/ETFs,.txt,20887,458
pcef.us.txt,market/ETFs,.txt,93797,1948
ibdb.us.txt,market/ETFs,.txt,49785,1067
efv.us.txt,market/ETFs,.txt,148996,3090
ubt.us.txt,market/ETFs,.txt,93053,1967
xle.us.txt,market/ETFs,.txt,161343,3202
sgol.us.txt,market/ETFs,.txt,98152,2060
eeh.us.txt,market/ETFs,.txt,43343,1078
istb.us.txt,market/ETFs,.txt,59333,1251
ure.us.txt,market/ETFs,.txt,131396,2713
isra.us.txt,market/ETFs,.txt,50938,1102
gqre.us.txt,market/ETFs,.txt,45156,971
foil.us.txt,market/ETFs,.txt,804,19
eqlt.us.txt,market/ETFs,.txt,35701,780
gyen.us.txt,market/ETFs,.txt,42286,910
pio.us.txt,market/ETFs,.txt,125190,2625
eden.us.txt,market/ETFs,.txt,64008,1367
ewi.us.txt,market/ETFs,.txt,154385,3202
fpxi.us.txt,market/ETFs,.txt,29494,631
bizd.us.txt,market/ETFs,.txt,56648,1195
psct.us.txt,market/ETFs,.txt,78940,1674
ltl.us.txt,market/ETFs,.txt,84490,1817
tlte.us.txt,market/ETFs,.txt,60613,1284
uge.us.txt,market/ETFs,.txt,112861,2407
dgt.us.txt,market/ETFs,.txt,146816,3145
mgc.us.txt,market/ETFs,.txt,118521,2490
iyt.us.txt,market/ETFs,.txt,155903,3202
syld.us.txt,market/ETFs,.txt,53621,1133
xli.us.txt,market/ETFs,.txt,159902,3202
ibdn.us.txt,market/ETFs,.txt,30011,639
copx.us.txt,market/ETFs,.txt,89265,1905
efz.us.txt,market/ETFs,.txt,110937,2528
scj.us.txt,market/ETFs,.txt,115648,2469
adre.us.txt,market/ETFs,.txt,152917,3202
tbx.us.txt,market/ETFs,.txt,70324,1623
mub.us.txt,market/ETFs,.txt,123739,2564
erx.us.txt,market/ETFs,.txt,111689,2270
csj.us.txt,market/ETFs,.txt,131329,2730
ibcc.us.txt,market/ETFs,.txt,50081,1079
bsch.us.txt,market/ETFs,.txt,89060,1869
fjp.us.txt,market/ETFs,.txt,67432,1437
eusa.us.txt,market/ETFs,.txt,73930,1586
zsl.us.txt,market/ETFs,.txt,99717,2252
wrei.us.txt,market/ETFs,.txt,81482,1764
fxg.us.txt,market/ETFs,.txt,121552,2544
ews.us.txt,market/ETFs,.txt,156590,3202
gxg.us.txt,market/ETFs,.txt,103576,2193
ravi.us.txt,market/ETFs,.txt,54971,1185
bdcs.us.txt,market/ETFs,.txt,76492,1619
iltb.us.txt,market/ETFs,.txt,87511,1865
kre.us.txt,market/ETFs,.txt,141686,2869
cape.us.txt,market/ETFs,.txt,49216,1138
nlr.us.txt,market/ETFs,.txt,118035,2522
feuz.us.txt,market/ETFs,.txt,28190,607
drn.us.txt,market/ETFs,.txt,100191,2098
pxj.us.txt,market/ETFs,.txt,144442,3033
fmk.us.txt,market/ETFs,.txt,68710,1486
gval.us.txt,market/ETFs,.txt,43681,923
udow.us.txt,market/ETFs,.txt,94013,1953
qcln.us.txt,market/ETFs,.txt,127441,2705
ubn.us.txt,market/ETFs,.txt,24995,606
bcm.us.txt,market/ETFs,.txt,63602,1469
tur.us.txt,market/ETFs,.txt,117055,2426
upro.us.txt,market/ETFs,.txt,104474,2112
rwr.us.txt,market/ETFs,.txt,155100,3202
pxf.us.txt,market/ETFs,.txt,124575,2617
eudg.us.txt,market/ETFs,.txt,40085,862
ftsd.us.txt,market/ETFs,.txt,28825,624
aok.us.txt,market/ETFs,.txt,106952,2258
fny.us.txt,market/ETFs,.txt,76491,1630
euo.us.txt,market/ETFs,.txt,101467,2257
agnd.us.txt,market/ETFs,.txt,36171,781
gasl.us.txt,market/ETFs,.txt,68946,1630
aaxj.us.txt,market/ETFs,.txt,112879,2326
dbs.us.txt,market/ETFs,.txt,117099,2707
qld.us.txt,market/ETFs,.txt,141506,2870
ddp.us.txt,market/ETFs,.txt,195,5
inr.us.txt,market/ETFs,.txt,5189,118
dbmx.us.txt,market/ETFs,.txt,21314,465
vxz.us.txt,market/ETFs,.txt,99770,2214
sub.us.txt,market/ETFs,.txt,106992,2268
ibdl.us.txt,market/ETFs,.txt,33400,715
mmtm.us.txt,market/ETFs,.txt,35403,772
tfi.us.txt,market/ETFs,.txt,123597,2561
acwf.us.txt,market/ETFs,.txt,18452,404
rpg.us.txt,market/ETFs,.txt,139068,2926
ihi.us.txt,market/ETFs,.txt,138364,2902
xlk.us.txt,market/ETFs,.txt,159289,3202
yxi.us.txt,market/ETFs,.txt,78206,1833
bscj.us.txt,market/ETFs,.txt,66615,1405
def.us.txt,market/ETFs,.txt,127881,2725
eusc.us.txt,market/ETFs,.txt,29430,619
actx.us.txt,market/ETFs,.txt,12438,273
size.us.txt,market/ETFs,.txt,45493,985
rwj.us.txt,market/ETFs,.txt,114570,2420
dxps.us.txt,market/ETFs,.txt,49464,1061
xme.us.txt,market/ETFs,.txt,141283,2868
vo.us.txt,market/ETFs,.txt,154693,3202
xiv.us.txt,market/ETFs,.txt,80430,1748
fhlc.us.txt,market/ETFs,.txt,49041,1019
spxs.us.txt,market/ETFs,.txt,103565,2271
tecl.us.txt,market/ETFs,.txt,105890,2242
pmr.us.txt,market/ETFs,.txt,140395,2989
sphb.us.txt,market/ETFs,.txt,77795,1628
brf.us.txt,market/ETFs,.txt,102248,2141
alts.us.txt,market/ETFs,.txt,36118,777
ewg.us.txt,market/ETFs,.txt,157587,3202
fxs.us.txt,market/ETFs,.txt,124929,2698
flrt.us.txt,market/ETFs,.txt,14408,315
rek.us.txt,market/ETFs,.txt,83137,1921
srty.us.txt,market/ETFs,.txt,89744,1953
dgz.us.txt,market/ETFs,.txt,107085,2438
ephe.us.txt,market/ETFs,.txt,86159,1791
fsta.us.txt,market/ETFs,.txt,48508,1019
upw.us.txt,market/ETFs,.txt,125923,2679
iyz.us.txt,market/ETFs,.txt,155335,3202
cvy.us.txt,market/ETFs,.txt,134803,2806
ewk.us.txt,market/ETFs,.txt,152790,3202
dbko.us.txt,market/ETFs,.txt,35612,764
dgaz.us.txt,market/ETFs,.txt,63326,1447
xlg.us.txt,market/ETFs,.txt,149669,3151
ihe.us.txt,market/ETFs,.txt,137591,2902
tvix.us.txt,market/ETFs,.txt,78022,1748
rcd.us.txt,market/ETFs,.txt,128016,2738
drv.us.txt,market/ETFs,.txt,91484,2098
csd.us.txt,market/ETFs,.txt,127458,2712
hyem.us.txt,market/ETFs,.txt,65572,1372
chau.us.txt,market/ETFs,.txt,27419,619
pxr.us.txt,market/ETFs,.txt,105077,2243
stpz.us.txt,market/ETFs,.txt,99140,2072
nyf.us.txt,market/ETFs,.txt,118894,2529
eemv.us.txt,market/ETFs,.txt,73363,1521
fpe.us.txt,market/ETFs,.txt,57553,1196
afk.us.txt,market/ETFs,.txt,110219,2347
rola.us.txt,market/ETFs,.txt,129,3
ylco.us.txt,market/ETFs,.txt,27772,604
xes.us.txt,market/ETFs,.txt,138153,2869
fidu.us.txt,market/ETFs,.txt,48566,1019
qed.us.txt,market/ETFs,.txt,5335,120
kfyp.us.txt,market/ETFs,.txt,30824,680
xtl.us.txt,market/ETFs,.txt,72675,1564
crbn.us.txt,market/ETFs,.txt,33188,709
vwob.us.txt,market/ETFs,.txt,53207,1119
pph.us.txt,market/ETFs,.txt,155179,3202
lit.us.txt,market/ETFs,.txt,86344,1841
sgdj.us.txt,market/ETFs,.txt,28550,619
faz.us.txt,market/ETFs,.txt,104484,2270
fei.us.txt,market/ETFs,.txt,60443,1250
rom.us.txt,market/ETFs,.txt,128206,2701
iwc.us.txt,market/ETFs,.txt,147887,3083
gaz.us.txt,market/ETFs,.txt,104655,2531
gru.us.txt,market/ETFs,.txt,92502,2357
hyih.us.txt,market/ETFs,.txt,23339,515
pgx.us.txt,market/ETFs,.txt,119278,2465
dvyl.us.txt,market/ETFs,.txt,62054,1330
emlc.us.txt,market/ETFs,.txt,89604,1841
jhdg.us.txt,market/ETFs,.txt,25680,556
fthi.us.txt,market/ETFs,.txt,37630,810
fnde.us.txt,market/ETFs,.txt,50643,1068
ldur.us.txt,market/ETFs,.txt,39845,858
atmp.us.txt,market/ETFs,.txt,55885,1175
tyo.us.txt,market/ETFs,.txt,93177,2152
iwo.us.txt,market/ETFs,.txt,157521,3202
qtec.us.txt,market/ETFs,.txt,137880,2899
qdf.us.txt,market/ETFs,.txt,58707,1231
pbe.us.txt,market/ETFs,.txt,148525,3120
ipac.us.txt,market/ETFs,.txt,40790,863
bis.us.txt,market/ETFs,.txt,77798,1813
dxjh.us.txt,market/ETFs,.txt,31947,689
fdiv.us.txt,market/ETFs,.txt,34998,754
dbez.us.txt,market/ETFs,.txt,33901,723
dbuk.us.txt,market/ETFs,.txt,21960,481
dol.us.txt,market/ETFs,.txt,136205,2870
cyb.us.txt,market/ETFs,.txt,111645,2393
schp.us.txt,market/ETFs,.txt,87529,1832
ibln.us.txt,market/ETFs,.txt,37356,803
lrgf.us.txt,market/ETFs,.txt,28027,595
fan.us.txt,market/ETFs,.txt,84472,1796
icln.us.txt,market/ETFs,.txt,110922,2364
idx.us.txt,market/ETFs,.txt,105979,2216
dbgr.us.txt,market/ETFs,.txt,57403,1221
eirl.us.txt,market/ETFs,.txt,85910,1829
vrp.us.txt,market/ETFs,.txt,42805,890
scif.us.txt,market/ETFs,.txt,85698,1816
jkl.us.txt,market/ETFs,.txt,150641,3202
blv.us.txt,market/ETFs,.txt,127658,2670
ulst.us.txt,market/ETFs,.txt,45302,984
iqdf.us.txt,market/ETFs,.txt,54810,1148
ftlb.us.txt,market/ETFs,.txt,32359,700
agq.us.txt,market/ETFs,.txt,102620,2251
igf.us.txt,market/ETFs,.txt,119443,2498
aadr.us.txt,market/ETFs,.txt,72474,1566
iev.us.txt,market/ETFs,.txt,155600,3202
econ.us.txt,market/ETFs,.txt,86244,1802
schh.us.txt,market/ETFs,.txt,82858,1717
effe.us.txt,market/ETFs,.txt,23145,501
comt.us.txt,market/ETFs,.txt,36287,767
pxsg.us.txt,market/ETFs,.txt,73049,1572
skor.us.txt,market/ETFs,.txt,29924,651
emif.us.txt,market/ETFs,.txt,99332,2115
siz.us.txt,market/ETFs,.txt,2957,70
enfr.us.txt,market/ETFs,.txt,46902,1006
jo.us.txt,market/ETFs,.txt,102478,2348
fgm.us.txt,market/ETFs,.txt,62689,1340
jjn.us.txt,market/ETFs,.txt,103210,2427
schd.us.txt,market/ETFs,.txt,73893,1524
moo.us.txt,market/ETFs,.txt,123980,2567
pick.us.txt,market/ETFs,.txt,67547,1434
sdiv.us.txt,market/ETFs,.txt,78166,1616
dxd.us.txt,market/ETFs,.txt,131621,2855
syg.us.txt,market/ETFs,.txt,32949,715
efad.us.txt,market/ETFs,.txt,37049,791
iez.us.txt,market/ETFs,.txt,139348,2902
gsc.us.txt,market/ETFs,.txt,103068,2397
iai.us.txt,market/ETFs,.txt,139130,2902
thd.us.txt,market/ETFs,.txt,116860,2426
bsjj.us.txt,market/ETFs,.txt,49726,1041
vpl.us.txt,market/ETFs,.txt,154357,3193
oef.us.txt,market/ETFs,.txt,156555,3202
scij.us.txt,market/ETFs,.txt,14516,319
mna.us.txt,market/ETFs,.txt,92758,1990
rxi.us.txt,market/ETFs,.txt,130346,2775
fab.us.txt,market/ETFs,.txt,118838,2532
cnxt.us.txt,market/ETFs,.txt,36227,827
skf.us.txt,market/ETFs,.txt,126460,2715
qdef.us.txt,market/ETFs,.txt,55986,1191
ung.us.txt,market/ETFs,.txt,120373,2664
umdd.us.txt,market/ETFs,.txt,92635,1953
uvxy.us.txt,market/ETFs,.txt,68399,1536
heco.us.txt,market/ETFs,.txt,41401,900
ite.us.txt,market/ETFs,.txt,122857,2604
fv.us.txt,market/ETFs,.txt,45511,930
epol.us.txt,market/ETFs,.txt,90437,1881
ewo.us.txt,market/ETFs,.txt,153591,3202
mtum.us.txt,market/ETFs,.txt,54942,1150
drr.us.txt,market/ETFs,.txt,99408,2319
mvv.us.txt,market/ETFs,.txt,138621,2870
usmv.us.txt,market/ETFs,.txt,73978,1517
fni.us.txt,market/ETFs,.txt,125340,2647
ixp.us.txt,market/ETFs,.txt,152187,3202
ydiv.us.txt,market/ETFs,.txt,47722,1026
eql.us.txt,market/ETFs,.txt,98611,2103
futy.us.txt,market/ETFs,.txt,48542,1019
dbc.us.txt,market/ETFs,.txt,134295,2965
ibdd.us.txt,market/ETFs,.txt,47195,1013
ubr.us.txt,market/ETFs,.txt,82977,1876
eeb.us.txt,market/ETFs,.txt,133783,2806
ibce.us.txt,market/ETFs,.txt,48966,1055
bscn.us.txt,market/ETFs,.txt,36574,781
qdyn.us.txt,market/ETFs,.txt,48331,1043
weet.us.txt,market/ETFs,.txt,1210,29
ibdh.us.txt,market/ETFs,.txt,37049,791
dbo.us.txt,market/ETFs,.txt,119306,2734
smdv.us.txt,market/ETFs,.txt,31423,669
ewc.us.txt,market/ETFs,.txt,157484,3202
srs.us.txt,market/ETFs,.txt,124349,2716
vxf.us.txt,market/ETFs,.txt,154378,3202
iyr.us.txt,market/ETFs,.txt,159963,3202
labu.us.txt,market/ETFs,.txt,27868,619
corn.us.txt,market/ETFs,.txt,82146,1872
tdtt.us.txt,market/ETFs,.txt,74096,1544
inxx.us.txt,market/ETFs,.txt,85234,1827
ymlp.us.txt,market/ETFs,.txt,67694,1426
emfm.us.txt,market/ETFs,.txt,46118,988
pie.us.txt,market/ETFs,.txt,119141,2487
sbb.us.txt,market/ETFs,.txt,112343,2545
ilf.us.txt,market/ETFs,.txt,156978,3202
rth.us.txt,market/ETFs,.txt,155824,3202
tuz.us.txt,market/ETFs,.txt,99892,2128
shyg.us.txt,market/ETFs,.txt,48989,1022
ibdp.us.txt,market/ETFs,.txt,29301,626
sgg.us.txt,market/ETFs,.txt,101866,2351
tbf.us.txt,market/ETFs,.txt,92735,2073
dgre.us.txt,market/ETFs,.txt,50251,1073
ieus.us.txt,market/ETFs,.txt,114235,2455
igih.us.txt,market/ETFs,.txt,25538,557
sdy.us.txt,market/ETFs,.txt,146324,3019
rsxj.us.txt,market/ETFs,.txt,74939,1609
flm.us.txt,market/ETFs,.txt,96649,2084
qmn.us.txt,market/ETFs,.txt,51616,1114
epv.us.txt,market/ETFs,.txt,94020,2109
slvo.us.txt,market/ETFs,.txt,54094,1153
ttt.us.txt,market/ETFs,.txt,61573,1414
gdxs.us.txt,market/ETFs,.txt,30514,694
pscf.us.txt,market/ETFs,.txt,78492,1674
iyj.us.txt,market/ETFs,.txt,153168,3202
rew.us.txt,market/ETFs,.txt,117289,2625
flag.us.txt,market/ETFs,.txt,48446,1050
fxo.us.txt,market/ETFs,.txt,121847,2540
ivov.us.txt,market/ETFs,.txt,76528,1638
fxc.us.txt,market/ETFs,.txt,136114,2867
gxc.us.txt,market/ETFs,.txt,128635,2681
lmlp.us.txt,market/ETFs,.txt,40029,850
eww.us.txt,market/ETFs,.txt,158083,3202
iyf.us.txt,market/ETFs,.txt,155677,3202
acwv.us.txt,market/ETFs,.txt,71014,1492
dug.us.txt,market/ETFs,.txt,122624,2715
bond.us.txt,market/ETFs,.txt,69005,1434
ihy.us.txt,market/ETFs,.txt,66862,1408
iqlt.us.txt,market/ETFs,.txt,25572,555
eev.us.txt,market/ETFs,.txt,112609,2526
bdd.us.txt,market/ETFs,.txt,84515,2093
ftsl.us.txt,market/ETFs,.txt,54496,1142
dvy.us.txt,market/ETFs,.txt,156367,3202
pxmg.us.txt,market/ETFs,.txt,74774,1604
vgt.us.txt,market/ETFs,.txt,154269,3202
qwld.us.txt,market/ETFs,.txt,22604,498
cefl.us.txt,market/ETFs,.txt,47435,982
vcsh.us.txt,market/ETFs,.txt,97318,2007
pff.us.txt,market/ETFs,.txt,131814,2676
vonv.us.txt,market/ETFs,.txt,81969,1743
pex.us.txt,market/ETFs,.txt,46323,1009
ibmh.us.txt,market/ETFs,.txt,44178,945
pak.us.txt,market/ETFs,.txt,26599,584
gsg.us.txt,market/ETFs,.txt,126075,2849
tza.us.txt,market/ETFs,.txt,106713,2271
fud.us.txt,market/ETFs,.txt,84519,2001
ycl.us.txt,market/ETFs,.txt,90126,2081
ign.us.txt,market/ETFs,.txt,152408,3202
tdiv.us.txt,market/ETFs,.txt,63085,1319
usag.us.txt,market/ETFs,.txt,296,7
vuse.us.txt,market/ETFs,.txt,45429,959
vtwv.us.txt,market/ETFs,.txt,78227,1679
ita.us.txt,market/ETFs,.txt,138081,2902
scin.us.txt,market/ETFs,.txt,85291,1829
fri.us.txt,market/ETFs,.txt,122515,2574
jkd.us.txt,market/ETFs,.txt,151241,3202
gyld.us.txt,market/ETFs,.txt,66056,1387
fieg.us.txt,market/ETFs,.txt,91,2
psj.us.txt,market/ETFs,.txt,146052,3112
gri.us.txt,market/ETFs,.txt,109771,2346
socl.us.txt,market/ETFs,.txt,71141,1502
vaw.us.txt,market/ETFs,.txt,152750,3202
myy.us.txt,market/ETFs,.txt,125685,2870
feu.us.txt,market/ETFs,.txt,150623,3188
eis.us.txt,market/ETFs,.txt,114824,2426
itm.us.txt,market/ETFs,.txt,119164,2487
fbt.us.txt,market/ETFs,.txt,135586,2858
hold.us.txt,market/ETFs,.txt,11840,259
cane.us.txt,market/ETFs,.txt,58617,1395
iws.us.txt,market/ETFs,.txt,156313,3202
lalt.us.txt,market/ETFs,.txt,34514,744
hedj.us.txt,market/ETFs,.txt,92978,1942
qual.us.txt,market/ETFs,.txt,52026,1087
ebnd.us.txt,market/ETFs,.txt,80152,1684
jkh.us.txt,market/ETFs,.txt,149792,3195
dbef.us.txt,market/ETFs,.txt,74133,1539
dln.us.txt,market/ETFs,.txt,137389,2873
srln.us.txt,market/ETFs,.txt,55848,1161
gwx.us.txt,market/ETFs,.txt,127158,2658
eqws.us.txt,market/ETFs,.txt,22972,500
pagg.us.txt,market/ETFs,.txt,106238,2266
idlv.us.txt,market/ETFs,.txt,68808,1448
fnda.us.txt,market/ETFs,.txt,51234,1068
bick.us.txt,market/ETFs,.txt,81322,1746
xmlv.us.txt,market/ETFs,.txt,56298,1187
smll.us.txt,market/ETFs,.txt,6202,142
fncl.us.txt,market/ETFs,.txt,48789,1019
ici.us.txt,market/ETFs,.txt,22784,525
icol.us.txt,market/ETFs,.txt,44584,967
ive.us.txt,market/ETFs,.txt,156174,3202
fcom.us.txt,market/ETFs,.txt,48217,1019
nfra.us.txt,market/ETFs,.txt,47715,1007
ltpz.us.txt,market/ETFs,.txt,96939,2058
ext.us.txt,market/ETFs,.txt,121458,2596
vgit.us.txt,market/ETFs,.txt,94763,2004
schx.us.txt,market/ETFs,.txt,98167,2021
ief.us.txt,market/ETFs,.txt,156577,3202
uxi.us.txt,market/ETFs,.txt,123991,2632
iau.us.txt,market/ETFs,.txt,141335,3202
kbwr.us.txt,market/ETFs,.txt,69745,1493
idhq.us.txt,market/ETFs,.txt,118278,2532
amlp.us.txt,market/ETFs,.txt,89388,1815
dod.us.txt,market/ETFs,.txt,98767,2389
ipff.us.txt,market/ETFs,.txt,71373,1502
fpa.us.txt,market/ETFs,.txt,67934,1453
indl.us.txt,market/ETFs,.txt,86926,1933
tybs.us.txt,market/ETFs,.txt,48171,1135
pgal.us.txt,market/ETFs,.txt,45647,994
sij.us.txt,market/ETFs,.txt,108369,2449
totl.us.txt,market/ETFs,.txt,32938,682
usfr.us.txt,market/ETFs,.txt,2234,49
fem.us.txt,market/ETFs,.txt,78764,1646
pdn.us.txt,market/ETFs,.txt,119820,2547
uyg.us.txt,market/ETFs,.txt,88215,1820
psr.us.txt,market/ETFs,.txt,96451,2093
dig.us.txt,market/ETFs,.txt,131990,2716
ifeu.us.txt,market/ETFs,.txt,107991,2321
igv.us.txt,market/ETFs,.txt,153491,3202
retl.us.txt,market/ETFs,.txt,83940,1783
uhn.us.txt,market/ETFs,.txt,98680,2316
figy.us.txt,market/ETFs,.txt,52403,1126
dbaw.us.txt,market/ETFs,.txt,38443,823
sjb.us.txt,market/ETFs,.txt,73104,1672
xslv.us.txt,market/ETFs,.txt,56549,1192
xrlv.us.txt,market/ETFs,.txt,29221,619
xar.us.txt,market/ETFs,.txt,66466,1414
sivr.us.txt,market/ETFs,.txt,92741,2092
voov.us.txt,market/ETFs,.txt,84326,1794
pgf.us.txt,market/ETFs,.txt,133358,2756
emb.us.txt,market/ETFs,.txt,120848,2492
qqxt.us.txt,market/ETFs,.txt,121394,2591
hewg.us.txt,market/ETFs,.txt,42810,890
huse.us.txt,market/ETFs,.txt,47662,1038
jkj.us.txt,market/ETFs,.txt,150143,3200
smlv.us.txt,market/ETFs,.txt,53120,1140
vbk.us.txt,market/ETFs,.txt,153953,3202
fbz.us.txt,market/ETFs,.txt,67700,1459
pgj.us.txt,market/ETFs,.txt,153516,3202
pcy.us.txt,market/ETFs,.txt,123613,2541
cupm.us.txt,market/ETFs,.txt,23518,554
chiq.us.txt,market/ETFs,.txt,94756,2001
jxi.us.txt,market/ETFs,.txt,132892,2806
fad.us.txt,market/ETFs,.txt,117268,2518
tna.us.txt,market/ETFs,.txt,111815,2271
kxi.us.txt,market/ETFs,.txt,133166,2806
jkf.us.txt,market/ETFs,.txt,151120,3202
tqqq.us.txt,market/ETFs,.txt,94597,1953
slyv.us.txt,market/ETFs,.txt,150947,3203
gush.us.txt,market/ETFs,.txt,28953,618
fct.us.txt,market/ETFs,.txt,153370,3202
dhs.us.txt,market/ETFs,.txt,136839,2873
pbw.us.txt,market/ETFs,.txt,150630,3198
bsjl.us.txt,market/ETFs,.txt,37204,789
schb.us.txt,market/ETFs,.txt,98104,2021
hao.us.txt,market/ETFs,.txt,117321,2466
prf.us.txt,market/ETFs,.txt,144041,2996
qai.us.txt,market/ETFs,.txt,103659,2176
rjn.us.txt,market/ETFs,.txt,101243,2518
pez.us.txt,market/ETFs,.txt,128519,2748
lmbs.us.txt,market/ETFs,.txt,31212,660
pwc.us.txt,market/ETFs,.txt,150320,3192
psp.us.txt,market/ETFs,.txt,132854,2783
feo.us.txt,market/ETFs,.txt,126184,2823
fwdi.us.txt,market/ETFs,.txt,50005,1083
chii.us.txt,market/ETFs,.txt,76444,1657
ezj.us.txt,market/ETFs,.txt,83005,1941
gbb.us.txt,market/ETFs,.txt,54013,1278
xvz.us.txt,market/ETFs,.txt,61485,1427
kbwp.us.txt,market/ETFs,.txt,60242,1294
cure.us.txt,market/ETFs,.txt,72658,1574
jjp.us.txt,market/ETFs,.txt,79724,1884
schz.us.txt,market/ETFs,.txt,76511,1593
qus.us.txt,market/ETFs,.txt,18787,409
rzg.us.txt,market/ETFs,.txt,131882,2822
efav.us.txt,market/ETFs,.txt,72732,1516
inco.us.txt,market/ETFs,.txt,64916,1400
ryu.us.txt,market/ETFs,.txt,122146,2610
schv.us.txt,market/ETFs,.txt,95884,1994
rjz.us.txt,market/ETFs,.txt,99799,2449
ring.us.txt,market/ETFs,.txt,68790,1452
bjk.us.txt,market/ETFs,.txt,114481,2447
fdm.us.txt,market/ETFs,.txt,142655,3040
hyls.us.txt,market/ETFs,.txt,56678,1187
ifv.us.txt,market/ETFs,.txt,40178,834
szk.us.txt,market/ETFs,.txt,98758,2266
bndx.us.txt,market/ETFs,.txt,54107,1119
ule.us.txt,market/ETFs,.txt,93643,2168
ciu.us.txt,market/ETFs,.txt,131567,2726
cmf.us.txt,market/ETFs,.txt,120318,2542
fndc.us.txt,market/ETFs,.txt,50352,1068
fvl.us.txt,market/ETFs,.txt,150337,3198
scix.us.txt,market/ETFs,.txt,16912,372
rly.us.txt,market/ETFs,.txt,64923,1377
olem.us.txt,market/ETFs,.txt,47833,1114
sly.us.txt,market/ETFs,.txt,138570,2952
chie.us.txt,market/ETFs,.txt,69220,1507
sdog.us.txt,market/ETFs,.txt,65060,1350
rem.us.txt,market/ETFs,.txt,126573,2645
vox.us.txt,market/ETFs,.txt,152105,3197
croc.us.txt,market/ETFs,.txt,54471,1270
uslv.us.txt,market/ETFs,.txt,67517,1527
sphd.us.txt,market/ETFs,.txt,61174,1272
ewa.us.txt,market/ETFs,.txt,157751,3202
mdy.us.txt,market/ETFs,.txt,158494,3202
fxu.us.txt,market/ETFs,.txt,121456,2545
spxu.us.txt,market/ETFs,.txt,95497,2112
wdti.us.txt,market/ETFs,.txt,75912,1723
uga.us.txt,market/ETFs,.txt,106609,2447
smez.us.txt,market/ETFs,.txt,37782,817
dgp.us.txt,market/ETFs,.txt,108852,2446
dirt.us.txt,market/ETFs,.txt,1331,31
sdem.us.txt,market/ETFs,.txt,27270,590
cjnk.us.txt,market/ETFs,.txt,28779,618
finu.us.txt,market/ETFs,.txt,59913,1284
rwl.us.txt,market/ETFs,.txt,116213,2447
bscl.us.txt,market/ETFs,.txt,51140,1082
ibdj.us.txt,market/ETFs,.txt,28824,618
cafe.us.txt,market/ETFs,.txt,65223,1518
rigs.us.txt,market/ETFs,.txt,48964,1030
mlpx.us.txt,market/ETFs,.txt,50965,1072
adra.us.txt,market/ETFs,.txt,139642,2987
fmy.us.txt,market/ETFs,.txt,145357,3131
tan.us.txt,market/ETFs,.txt,115208,2414
fnk.us.txt,market/ETFs,.txt,74638,1593
frak.us.txt,market/ETFs,.txt,67777,1444
dxge.us.txt,market/ETFs,.txt,48110,1016
minc.us.txt,market/ETFs,.txt,55342,1171
ura.us.txt,market/ETFs,.txt,83680,1764
mcro.us.txt,market/ETFs,.txt,92588,1990
dba.us.txt,market/ETFs,.txt,122785,2734
dgrs.us.txt,market/ETFs,.txt,50491,1080
fif.us.txt,market/ETFs,.txt,73783,1541
btal.us.txt,market/ETFs,.txt,56421,1282
dwm.us.txt,market/ETFs,.txt,136697,2873
fxy.us.txt,market/ETFs,.txt,124708,2708
fone.us.txt,market/ETFs,.txt,68798,1492
uso.us.txt,market/ETFs,.txt,133788,2920
ewm.us.txt,market/ETFs,.txt,155720,3202
vclt.us.txt,market/ETFs,.txt,95941,2003
ijs.us.txt,market/ETFs,.txt,154532,3202
sea.us.txt,market/ETFs,.txt,88595,1869
vot.us.txt,market/ETFs,.txt,135413,2825
wood.us.txt,market/ETFs,.txt,111416,2363
feeu.us.txt,market/ETFs,.txt,51077,1126
mgk.us.txt,market/ETFs,.txt,119202,2491
pzd.us.txt,market/ETFs,.txt,130558,2783
mrgr.us.txt,market/ETFs,.txt,29178,652
xly.us.txt,market/ETFs,.txt,158567,3202
rdiv.us.txt,market/ETFs,.txt,49036,1037
sret.us.txt,market/ETFs,.txt,31218,664
adru.us.txt,market/ETFs,.txt,140874,3020
scz.us.txt,market/ETFs,.txt,120842,2498
dfj.us.txt,market/ETFs,.txt,136180,2871
rgi.us.txt,market/ETFs,.txt,121566,2608
cwi.us.txt,market/ETFs,.txt,130491,2731
vthr.us.txt,market/ETFs,.txt,78630,1689
argt.us.txt,market/ETFs,.txt,75296,1621
rwx.us.txt,market/ETFs,.txt,133328,2746
aoa.us.txt,market/ETFs,.txt,107375,2266
dag.us.txt,market/ETFs,.txt,99073,2410
lvl.us.txt,market/ETFs,.txt,120227,2584
eet.us.txt,market/ETFs,.txt,91935,2124
ixj.us.txt,market/ETFs,.txt,152671,3202
rfg.us.txt,market/ETFs,.txt,135353,2863
hyd.us.txt,market/ETFs,.txt,106586,2209
psch.us.txt,market/ETFs,.txt,78577,1674
edz.us.txt,market/ETFs,.txt,99028,2242
fxa.us.txt,market/ETFs,.txt,137421,2865
drip.us.txt,market/ETFs,.txt,27577,617
ewu.us.txt,market/ETFs,.txt,156045,3202
ijk.us.txt,market/ETFs,.txt,154414,3202
inkm.us.txt,market/ETFs,.txt,65050,1387
enzl.us.txt,market/ETFs,.txt,85827,1809
vtip.us.txt,market/ETFs,.txt,60965,1276
ewy.us.txt,market/ETFs,.txt,157546,3202
pxlg.us.txt,market/ETFs,.txt,69310,1490
pscd.us.txt,market/ETFs,.txt,78429,1674
iyh.us.txt,market/ETFs,.txt,153711,3202
yyy.us.txt,market/ETFs,.txt,61516,1300
edv.us.txt,market/ETFs,.txt,117523,2476
gunr.us.txt,market/ETFs,.txt,74558,1544
ipkw.us.txt,market/ETFs,.txt,43635,929
acwx.us.txt,market/ETFs,.txt,117012,2425
ftcs.us.txt,market/ETFs,.txt,134252,2853
xlu.us.txt,market/ETFs,.txt,159831,3202
spy.us.txt,market/ETFs,.txt,163787,3202
mbb.us.txt,market/ETFs,.txt,129843,2685
frel.us.txt,market/ETFs,.txt,33055,697
aom.us.txt,market/ETFs,.txt,107414,2262
fcan.us.txt,market/ETFs,.txt,58984,1263
cbnd.us.txt,market/ETFs,.txt,72194,1551
cper.us.txt,market/ETFs,.txt,52287,1220
xmpt.us.txt,market/ETFs,.txt,73535,1562
bsv.us.txt,market/ETFs,.txt,129942,2670
ssg.us.txt,market/ETFs,.txt,117504,2674
fyc.us.txt,market/ETFs,.txt,73986,1585
ewh.us.txt,market/ETFs,.txt,157751,3202
pxlv.us.txt,market/ETFs,.txt,65925,1418
mbsd.us.txt,market/ETFs,.txt,33491,724
kroo.us.txt,market/ETFs,.txt,79958,1726
fmat.us.txt,market/ETFs,.txt,48368,1019
iyy.us.txt,market/ETFs,.txt,152526,3202
pscu.us.txt,market/ETFs,.txt,77771,1666
pjp.us.txt,market/ETFs,.txt,149307,3120
ddg.us.txt,market/ETFs,.txt,89975,2110
pza.us.txt,market/ETFs,.txt,122759,2541
fill.us.txt,market/ETFs,.txt,61172,1314
pin.us.txt,market/ETFs,.txt,118629,2442
pxq.us.txt,market/ETFs,.txt,143621,3064
ioil.us.txt,market/ETFs,.txt,53856,1182
ibdc.us.txt,market/ETFs,.txt,48189,1036
qls.us.txt,market/ETFs,.txt,1757,40
acwi.us.txt,market/ETFs,.txt,118067,2426
vgsh.us.txt,market/ETFs,.txt,95174,2007
erus.us.txt,market/ETFs,.txt,84490,1761
remx.us.txt,market/ETFs,.txt,83281,1771
nugt.us.txt,market/ETFs,.txt,77526,1742
ihf.us.txt,market/ETFs,.txt,138506,2902
bwx.us.txt,market/ETFs,.txt,123744,2545
ery.us.txt,market/ETFs,.txt,101994,2270
uag.us.txt,market/ETFs,.txt,3365,80
bsci.us.txt,market/ETFs,.txt,67073,1411
adrd.us.txt,market/ETFs,.txt,149787,3187
ibdo.us.txt,market/ETFs,.txt,29094,623
emag.us.txt,market/ETFs,.txt,56098,1210
fxp.us.txt,market/ETFs,.txt,112077,2521
jpmv.us.txt,market/ETFs,.txt,37539,810
ewd.us.txt,market/ETFs,.txt,154541,3202
axjv.us.txt,market/ETFs,.txt,26945,589
tltd.us.txt,market/ETFs,.txt,60962,1284
rfv.us.txt,market/ETFs,.txt,135922,2902
ugaz.us.txt,market/ETFs,.txt,66750,1448
epi.us.txt,market/ETFs,.txt,120749,2450
slvp.us.txt,market/ETFs,.txt,65866,1404
cntr.us.txt,market/ETFs,.txt,12173,266
dbp.us.txt,market/ETFs,.txt,119505,2734
fiw.us.txt,market/ETFs,.txt,125067,2647
robo.us.txt,market/ETFs,.txt,47833,1021
xlp.us.txt,market/ETFs,.txt,159062,3202
mbg.us.txt,market/ETFs,.txt,100588,2148
lemb.us.txt,market/ETFs,.txt,70159,1519
ixc.us.txt,market/ETFs,.txt,154319,3202
trsk.us.txt,market/ETFs,.txt,42933,928
carz.us.txt,market/ETFs,.txt,71842,1539
pxe.us.txt,market/ETFs,.txt,143832,3033
zmlp.us.txt,market/ETFs,.txt,44852,947
vt.us.txt,market/ETFs,.txt,114150,2363
qqqe.us.txt,market/ETFs,.txt,63470,1350
fhy.us.txt,market/ETFs,.txt,138905,2929
spxh.us.txt,market/ETFs,.txt,49290,1059
uco.us.txt,market/ETFs,.txt,99088,2257
fxh.us.txt,market/ETFs,.txt,119844,2588
twm.us.txt,market/ETFs,.txt,127203,2721
near.us.txt,market/ETFs,.txt,50397,1040
uwm.us.txt,market/ETFs,.txt,132146,2721
imtm.us.txt,market/ETFs,.txt,26539,576
voe.us.txt,market/ETFs,.txt,136000,2825
iym.us.txt,market/ETFs,.txt,154967,3202
ucc.us.txt,market/ETFs,.txt,114556,2453
tflo.us.txt,market/ETFs,.txt,35413,772
gdxx.us.txt,market/ETFs,.txt,30066,691
eufx.us.txt,market/ETFs,.txt,48105,1118
asea.us.txt,market/ETFs,.txt,77446,1658
mgv.us.txt,market/ETFs,.txt,118601,2491
dtn.us.txt,market/ETFs,.txt,136989,2873
pscm.us.txt,market/ETFs,.txt,66174,1427
udn.us.txt,market/ETFs,.txt,119129,2704
ewp.us.txt,market/ETFs,.txt,155293,3202
fxd.us.txt,market/ETFs,.txt,120370,2510
oil.us.txt,market/ETFs,.txt,124464,2832
lqd.us.txt,market/ETFs,.txt,157151,3202
ubm.us.txt,market/ETFs,.txt,1868,44
efo.us.txt,market/ETFs,.txt,78474,1814
mlpi.us.txt,market/ETFs,.txt,92626,1919
vcit.us.txt,market/ETFs,.txt,97097,2007
weat.us.txt,market/ETFs,.txt,64953,1540
dbem.us.txt,market/ETFs,.txt,67263,1433
mchi.us.txt,market/ETFs,.txt,79890,1656
bsji.us.txt,market/ETFs,.txt,66427,1394
tlt.us.txt,market/ETFs,.txt,158900,3202
fgb.us.txt,market/ETFs,.txt,125228,2637
jjm.us.txt,market/ETFs,.txt,99157,2323
schg.us.txt,market/ETFs,.txt,95965,1994
ivv.us.txt,market/ETFs,.txt,158371,3202
dsum.us.txt,market/ETFs,.txt,72283,1532
xrt.us.txt,market/ETFs,.txt,142821,2867
amjl.us.txt,market/ETFs,.txt,12195,264
cly.us.txt,market/ETFs,.txt,93869,1968
hgi.us.txt,market/ETFs,.txt,120101,2566
gaa.us.txt,market/ETFs,.txt,33965,728
iwx.us.txt,market/ETFs,.txt,94506,2004
grn.us.txt,market/ETFs,.txt,77026,1931
frn.us.txt,market/ETFs,.txt,111848,2371
qyld.us.txt,market/ETFs,.txt,45997,979
grwn.us.txt,market/ETFs,.txt,293,7
ige.us.txt,market/ETFs,.txt,155354,3202
chix.us.txt,market/ETFs,.txt,91708,1960
tmv.us.txt,market/ETFs,.txt,97208,2161
iqde.us.txt,market/ETFs,.txt,49768,1063
egpt.us.txt,market/ETFs,.txt,88694,1927
xph.us.txt,market/ETFs,.txt,135860,2845
qjpn.us.txt,market/ETFs,.txt,26486,578
rdvy.us.txt,market/ETFs,.txt,44299,947
fam.us.txt,market/ETFs,.txt,151176,3202
eny.us.txt,market/ETFs,.txt,123316,2610
vioo.us.txt,market/ETFs,.txt,83367,1778
qlta.us.txt,market/ETFs,.txt,67730,1437
dxjs.us.txt,market/ETFs,.txt,52205,1101
pfm.us.txt,market/ETFs,.txt,145736,3062
fta.us.txt,market/ETFs,.txt,122905,2588
xbi.us.txt,market/ETFs,.txt,144713,2964
eema.us.txt,market/ETFs,.txt,65102,1392
qqq.us.txt,market/ETFs,.txt,239012,4702
rzv.us.txt,market/ETFs,.txt,137510,2919
fcor.us.txt,market/ETFs,.txt,35828,770
jja.us.txt,market/ETFs,.txt,107263,2488
ryh.us.txt,market/ETFs,.txt,128004,2721
iemg.us.txt,market/ETFs,.txt,62333,1271
iwl.us.txt,market/ETFs,.txt,90443,1941
fbnd.us.txt,market/ETFs,.txt,36670,777
ashr.us.txt,market/ETFs,.txt,48529,1010
jnug.us.txt,market/ETFs,.txt,49878,1033
gvi.us.txt,market/ETFs,.txt,129617,2729
fndf.us.txt,market/ETFs,.txt,50832,1068
xpp.us.txt,market/ETFs,.txt,92226,2126
kold.us.txt,market/ETFs,.txt,70260,1530
hyzd.us.txt,market/ETFs,.txt,40630,871
nfo.us.txt,market/ETFs,.txt,131169,2793
stip.us.txt,market/ETFs,.txt,81701,1745
acim.us.txt,market/ETFs,.txt,57258,1233
sagg.us.txt,market/ETFs,.txt,4727,107
choc.us.txt,market/ETFs,.txt,60174,1419
yao.us.txt,market/ETFs,.txt,93480,1996
doo.us.txt,market/ETFs,.txt,136490,2873
pek.us.txt,market/ETFs,.txt,80258,1721
eqwl.us.txt,market/ETFs,.txt,26410,572
gltr.us.txt,market/ETFs,.txt,77605,1774
ziv.us.txt,market/ETFs,.txt,73275,1675
plnd.us.txt,market/ETFs,.txt,93457,1994
slyg.us.txt,market/ETFs,.txt,150247,3197
gce.us.txt,market/ETFs,.txt,83236,1807
vone.us.txt,market/ETFs,.txt,82552,1749
fdd.us.txt,market/ETFs,.txt,116044,2485
qat.us.txt,market/ETFs,.txt,34250,740
jju.us.txt,market/ETFs,.txt,78840,1870
pbj.us.txt,market/ETFs,.txt,147816,3116
nobl.us.txt,market/ETFs,.txt,49453,1028
vgk.us.txt,market/ETFs,.txt,156606,3193
dbeu.us.txt,market/ETFs,.txt,49909,1033
fpf.us.txt,market/ETFs,.txt,54739,1128
cmdt.us.txt,market/ETFs,.txt,35720,821
vegi.us.txt,market/ETFs,.txt,67207,1444
viix.us.txt,market/ETFs,.txt,74380,1716
ycs.us.txt,market/ETFs,.txt,99552,2257
wdiv.us.txt,market/ETFs,.txt,51593,1104
voog.us.txt,market/ETFs,.txt,85229,1805
sjnk.us.txt,market/ETFs,.txt,69731,1424
agf.us.txt,market/ETFs,.txt,70811,1689
ftc.us.txt,market/ETFs,.txt,123659,2616
dbap.us.txt,market/ETFs,.txt,30996,672
smh.us.txt,market/ETFs,.txt,159075,3202
midz.us.txt,market/ETFs,.txt,98202,2227
jjc.us.txt,market/ETFs,.txt,110197,2522
ryj.us.txt,market/ETFs,.txt,136375,2892
exi.us.txt,market/ETFs,.txt,131689,2793
muni.us.txt,market/ETFs,.txt,94467,2001
vdc.us.txt,market/ETFs,.txt,152898,3202
mort.us.txt,market/ETFs,.txt,74548,1569
div.us.txt,market/ETFs,.txt,56163,1177
hymb.us.txt,market/ETFs,.txt,78208,1641
ezy.us.txt,market/ETFs,.txt,116927,2524
iwv.us.txt,market/ETFs,.txt,155462,3202
rxd.us.txt,market/ETFs,.txt,102830,2348
reet.us.txt,market/ETFs,.txt,39457,836
ezu.us.txt,market/ETFs,.txt,156684,3202
rals.us.txt,market/ETFs,.txt,79291,1698
pgm.us.txt,market/ETFs,.txt,86348,2034
shy.us.txt,market/ETFs,.txt,156849,3202
idu.us.txt,market/ETFs,.txt,153502,3202
bkln.us.txt,market/ETFs,.txt,82779,1685
vglt.us.txt,market/ETFs,.txt,94187,1991
vea.us.txt,market/ETFs,.txt,128126,2595
fep.us.txt,market/ETFs,.txt,69318,1455
pbp.us.txt,market/ETFs,.txt,119147,2491
bsjk.us.txt,market/ETFs,.txt,49313,1039
phdg.us.txt,market/ETFs,.txt,58396,1232
rji.us.txt,market/ETFs,.txt,104058,2535
heem.us.txt,market/ETFs,.txt,36364,770
roof.us.txt,market/ETFs,.txt,75047,1591
yinn.us.txt,market/ETFs,.txt,75546,1615
ryf.us.txt,market/ETFs,.txt,123901,2631
sche.us.txt,market/ETFs,.txt,95033,1972
vlue.us.txt,market/ETFs,.txt,50184,1069
dgld.us.txt,market/ETFs,.txt,66441,1521
vss.us.txt,market/ETFs,.txt,103733,2168
iwb.us.txt,market/ETFs,.txt,156589,3202
dno.us.txt,market/ETFs,.txt,88620,2047
viiz.us.txt,market/ETFs,.txt,50370,1199
edog.us.txt,market/ETFs,.txt,42121,903
ipo.us.txt,market/ETFs,.txt,47339,1017
dvya.us.txt,market/ETFs,.txt,65931,1413
mzz.us.txt,market/ETFs,.txt,128056,2826
qefa.us.txt,market/ETFs,.txt,30479,662
hdge.us.txt,market/ETFs,.txt,74622,1708
ezm.us.txt,market/ETFs,.txt,127227,2681
imlp.us.txt,market/ETFs,.txt,56581,1200
fsz.us.txt,market/ETFs,.txt,62709,1343
hap.us.txt,market/ETFs,.txt,109196,2315
math.us.txt,market/ETFs,.txt,62658,1362
bzq.us.txt,market/ETFs,.txt,93524,2112
vpu.us.txt,market/ETFs,.txt,153524,3202
ftw.us.txt,market/ETFs,.txt,31415,681
fxch.us.txt,market/ETFs,.txt,658,15
ifgl.us.txt,market/ETFs,.txt,120277,2513
morl.us.txt,market/ETFs,.txt,61362,1272
ieo.us.txt,market/ETFs,.txt,139674,2902
dls.us.txt,market/ETFs,.txt,136840,2873
fcg.us.txt,market/ETFs,.txt,126412,2646
pbd.us.txt,market/ETFs,.txt,124086,2625
vong.us.txt,market/ETFs,.txt,82614,1756
hspx.us.txt,market/ETFs,.txt,50072,1079
ibb.us.txt,market/ETFs,.txt,157104,3202
kie.us.txt,market/ETFs,.txt,144597,3010
hynd.us.txt,market/ETFs,.txt,36113,780
veu.us.txt,market/ETFs,.txt,132040,2692
djp.us.txt,market/ETFs,.txt,128456,2881
fwdb.us.txt,market/ETFs,.txt,56078,1211
iwn.us.txt,market/ETFs,.txt,157782,3202
spuu.us.txt,market/ETFs,.txt,38782,830
guru.us.txt,market/ETFs,.txt,62971,1333
skyy.us.txt,market/ETFs,.txt,76444,1600
eza.us.txt,market/ETFs,.txt,154977,3202
shm.us.txt,market/ETFs,.txt,122092,2537
vtwg.us.txt,market/ETFs,.txt,82082,1754
fxr.us.txt,market/ETFs,.txt,117724,2474
usd.us.txt,market/ETFs,.txt,129131,2711
tyns.us.txt,market/ETFs,.txt,183,4
eurl.us.txt,market/ETFs,.txt,42755,950
iyw.us.txt,market/ETFs,.txt,154708,3202
eufn.us.txt,market/ETFs,.txt,91639,1920
dpk.us.txt,market/ETFs,.txt,96787,2238
kba.us.txt,market/ETFs,.txt,39012,845
ivog.us.txt,market/ETFs,.txt,84629,1799
qaba.us.txt,market/ETFs,.txt,98475,2099
igov.us.txt,market/ETFs,.txt,104235,2208
sdd.us.txt,market/ETFs,.txt,111253,2501
vnq.us.txt,market/ETFs,.txt,157363,3202
aor.us.txt,market/ETFs,.txt,107655,2265
uae.us.txt,market/ETFs,.txt,38949,838
iefa.us.txt,market/ETFs,.txt,61682,1269
bsck.us.txt,market/ETFs,.txt,66427,1396
vym.us.txt,market/ETFs,.txt,133674,2766
rsx.us.txt,market/ETFs,.txt,130746,2656
pxmv.us.txt,market/ETFs,.txt,75263,1611
bwz.us.txt,market/ETFs,.txt,103981,2206
rwk.us.txt,market/ETFs,.txt,114854,2432
ibdm.us.txt,market/ETFs,.txt,28689,613
emsh.us.txt,market/ETFs,.txt,34510,761
vxus.us.txt,market/ETFs,.txt,82647,1708
bwv.us.txt,market/ETFs,.txt,75725,1804
drw.us.txt,market/ETFs,.txt,124727,2631
byld.us.txt,market/ETFs,.txt,38031,823
cn.us.txt,market/ETFs,.txt,35624,779
xlf.us.txt,market/ETFs,.txt,162192,3202
wip.us.txt,market/ETFs,.txt,116661,2432
efu.us.txt,market/ETFs,.txt,107112,2431
phb.us.txt,market/ETFs,.txt,121699,2512
mlps.us.txt,market/ETFs,.txt,353,8
cew.us.txt,market/ETFs,.txt,94320,2145
ftec.us.txt,market/ETFs,.txt,48776,1019
sef.us.txt,market/ETFs,.txt,103693,2372
ewj.us.txt,market/ETFs,.txt,158983,3202
tusa.us.txt,market/ETFs,.txt,25526,553
ijt.us.txt,market/ETFs,.txt,154521,3202
ech.us.txt,market/ETFs,.txt,121155,2515
upv.us.txt,market/ETFs,.txt,76596,1794
vb.us.txt,market/ETFs,.txt,154901,3202
fltb.us.txt,market/ETFs,.txt,36346,777
ees.us.txt,market/ETFs,.txt,127733,2687
zroz.us.txt,market/ETFs,.txt,94346,1998
des.us.txt,market/ETFs,.txt,138073,2873
sdp.us.txt,market/ETFs,.txt,115886,2638
ero.us.txt,market/ETFs,.txt,17564,413
boil.us.txt,market/ETFs,.txt,68155,1534
tolz.us.txt,market/ETFs,.txt,41981,902
lowc.us.txt,market/ETFs,.txt,26970,591
gld.us.txt,market/ETFs,.txt,154879,3202
vlu.us.txt,market/ETFs,.txt,26628,582
gxf.us.txt,market/ETFs,.txt,96766,2073
fxf.us.txt,market/ETFs,.txt,129893,2867
ayt.us.txt,market/ETFs,.txt,19698,426
iyc.us.txt,market/ETFs,.txt,152744,3202
labd.us.txt,market/ETFs,.txt,27470,619
crop.us.txt,market/ETFs,.txt,73503,1587
vidi.us.txt,market/ETFs,.txt,48030,1012
axjl.us.txt,market/ETFs,.txt,73429,1582
vv.us.txt,market/ETFs,.txt,154854,3202
hygh.us.txt,market/ETFs,.txt,38192,822
eps.us.txt,market/ETFs,.txt,126328,2683
dcng.us.txt,market/ETFs,.txt,383,9
saa.us.txt,market/ETFs,.txt,121932,2597
ctnn.us.txt,market/ETFs,.txt,27399,656
pscc.us.txt,market/ETFs,.txt,77601,1662
grid.us.txt,market/ETFs,.txt,85517,1845
pfig.us.txt,market/ETFs,.txt,71482,1531
nib.us.txt,market/ETFs,.txt,100805,2333
rtm.us.txt,market/ETFs,.txt,124498,2670
mlpg.us.txt,market/ETFs,.txt,77116,1664
fmf.us.txt,market/ETFs,.txt,39854,910
oneq.us.txt,market/ETFs,.txt,151411,3202
gmf.us.txt,market/ETFs,.txt,127476,2680
ubc.us.txt,market/ETFs,.txt,8980,206
wmw.us.txt,market/ETFs,.txt,97389,2329
efa.us.txt,market/ETFs,.txt,160717,3202
cnda.us.txt,market/ETFs,.txt,84642,1820
cwb.us.txt,market/ETFs,.txt,104847,2161
urr.us.txt,market/ETFs,.txt,23616,551
fnx.us.txt,market/ETFs,.txt,124383,2623
llsc.us.txt,market/ETFs,.txt,5470,120
fdis.us.txt,market/ETFs,.txt,48556,1019
vcr.us.txt,market/ETFs,.txt,152574,3202
biv.us.txt,market/ETFs,.txt,129092,2670
gcc.us.txt,market/ETFs,.txt,108364,2470
vixm.us.txt,market/ETFs,.txt,76354,1724
fpl.us.txt,market/ETFs,.txt,44063,917
inda.us.txt,market/ETFs,.txt,65591,1353
ixus.us.txt,market/ETFs,.txt,60694,1268
fdn.us.txt,market/ETFs,.txt,131947,2856
dbbr.us.txt,market/ETFs,.txt,58763,1273
norw.us.txt,market/ETFs,.txt,83107,1761
syv.us.txt,market/ETFs,.txt,21272,465
ppa.us.txt,market/ETFs,.txt,144298,3033
fas.us.txt,market/ETFs,.txt,110669,2270
bkf.us.txt,market/ETFs,.txt,120164,2515
dvye.us.txt,market/ETFs,.txt,68303,1437
vtwo.us.txt,market/ETFs,.txt,83679,1760
ftls.us.txt,market/ETFs,.txt,36097,767
ffr.us.txt,market/ETFs,.txt,119216,2548
slv.us.txt,market/ETFs,.txt,133162,2907
iwf.us.txt,market/ETFs,.txt,158002,3202
xsd.us.txt,market/ETFs,.txt,141702,2960
sgar.us.txt,market/ETFs,.txt,81,2
gldi.us.txt,market/ETFs,.txt,56156,1206
eems.us.txt,market/ETFs,.txt,69613,1487
pxsv.us.txt,market/ETFs,.txt,75700,1614
iat.us.txt,market/ETFs,.txt,138890,2902
jjs.us.txt,market/ETFs,.txt,10387,238
eido.us.txt,market/ETFs,.txt,91414,1891
rxl.us.txt,market/ETFs,.txt,127075,2696
psk.us.txt,market/ETFs,.txt,97863,2054
eqal.us.txt,market/ETFs,.txt,34109,723
sbio.us.txt,market/ETFs,.txt,31936,721
jke.us.txt,market/ETFs,.txt,151847,3202
fue.us.txt,market/ETFs,.txt,1557,40
tipz.us.txt,market/ETFs,.txt,95239,2042
bno.us.txt,market/ETFs,.txt,83029,1852
ibmi.us.txt,market/ETFs,.txt,37893,810
pey.us.txt,market/ETFs,.txt,154389,3202
scha.us.txt,market/ETFs,.txt,97924,2021
ghii.us.txt,market/ETFs,.txt,26355,569
bib.us.txt,market/ETFs,.txt,85571,1873
dust.us.txt,market/ETFs,.txt,77119,1742
fgd.us.txt,market/ETFs,.txt,117347,2469
itot.us.txt,market/ETFs,.txt,153817,3201
hyld.us.txt,market/ETFs,.txt,83272,1744
regl.us.txt,market/ETFs,.txt,31642,675
vixy.us.txt,market/ETFs,.txt,72414,1724
fpx.us.txt,market/ETFs,.txt,136032,2885
jjg.us.txt,market/ETFs,.txt,110189,2530
schm.us.txt,market/ETFs,.txt,82735,1717
qinc.us.txt,market/ETFs,.txt,39771,858
picb.us.txt,market/ETFs,.txt,89036,1876
rja.us.txt,market/ETFs,.txt,103811,2534
paf.us.txt,market/ETFs,.txt,115293,2480
russ.us.txt,market/ETFs,.txt,68212,1617
eumv.us.txt,market/ETFs,.txt,39429,846
cza.us.txt,market/ETFs,.txt,111988,2409
vtv.us.txt,market/ETFs,.txt,155683,3202
indy.us.txt,market/ETFs,.txt,96390,2008
airr.us.txt,market/ETFs,.txt,43369,922
fex.us.txt,market/ETFs,.txt,124587,2614
iwr.us.txt,market/ETFs,.txt,155417,3202
gex.us.txt,market/ETFs,.txt,124252,2648
bom.us.txt,market/ETFs,.txt,325,9
jki.us.txt,market/ETFs,.txt,149679,3194
spff.us.txt,market/ETFs,.txt,63893,1339
fndx.us.txt,market/ETFs,.txt,51415,1068
iyk.us.txt,market/ETFs,.txt,152316,3202
silj.us.txt,market/ETFs,.txt,56229,1208
fxn.us.txt,market/ETFs,.txt,125560,2628
dsi.us.txt,market/ETFs,.txt,128845,2742
ewz.us.txt,market/ETFs,.txt,160691,3202
ymli.us.txt,market/ETFs,.txt,56071,1194
uci.us.txt,market/ETFs,.txt,100050,2312
ause.us.txt,market/ETFs,.txt,74191,1594
gll.us.txt,market/ETFs,.txt,99371,2252
dbjp.us.txt,market/ETFs,.txt,69188,1446
dtd.us.txt,market/ETFs,.txt,136012,2873
qqqc.us.txt,market/ETFs,.txt,62350,1347
mint.us.txt,market/ETFs,.txt,97248,2011
ieur.us.txt,market/ETFs,.txt,41063,862
rww.us.txt,market/ETFs,.txt,100414,2165
prfz.us.txt,market/ETFs,.txt,133416,2806
vnm.us.txt,market/ETFs,.txt,99542,2077
xhe.us.txt,market/ETFs,.txt,76837,1647
xlv.us.txt,market/ETFs,.txt,158941,3202
flge.us.txt,market/ETFs,.txt,40160,859
ftgc.us.txt,market/ETFs,.txt,45173,1010
fmb.us.txt,market/ETFs,.txt,38430,821
dbv.us.txt,market/ETFs,.txt,123415,2809
cgw.us.txt,market/ETFs,.txt,125634,2646
mlpc.us.txt,market/ETFs,.txt,45183,968
dfe.us.txt,market/ETFs,.txt,134594,2845
ibdq.us.txt,market/ETFs,.txt,28351,605
ubg.us.txt,market/ETFs,.txt,133,3
dew.us.txt,market/ETFs,.txt,134094,2858
evx.us.txt,market/ETFs,.txt,110933,2408
ftsm.us.txt,market/ETFs,.txt,37581,793
rpv.us.txt,market/ETFs,.txt,139392,2929
soxx.us.txt,market/ETFs,.txt,155080,3203
ewv.us.txt,market/ETFs,.txt,110444,2497
ust.us.txt,market/ETFs,.txt,91798,1940
ijh.us.txt,market/ETFs,.txt,156459,3202
fxb.us.txt,market/ETFs,.txt,135655,2861
iyg.us.txt,market/ETFs,.txt,153339,3202
rez.us.txt,market/ETFs,.txt,123636,2602
hyg.us.txt,market/ETFs,.txt,131649,2669
voo.us.txt,market/ETFs,.txt,88437,1805
dth.us.txt,market/ETFs,.txt,136190,2873
aia.us.txt,market/ETFs,.txt,118988,2514
xlb.us.txt,market/ETFs,.txt,159629,3202
dbb.us.txt,market/ETFs,.txt,120791,2734
ald.us.txt,market/ETFs,.txt,73559,1562
rsp.us.txt,market/ETFs,.txt,156132,3202
finz.us.txt,market/ETFs,.txt,29697,704
dslv.us.txt,market/ETFs,.txt,67386,1527
fyt.us.txt,market/ETFs,.txt,72394,1544
pghy.us.txt,market/ETFs,.txt,51999,1106
ivoo.us.txt,market/ETFs,.txt,84357,1791
fhk.us.txt,market/ETFs,.txt,44742,963
amj.us.txt,market/ETFs,.txt,106405,2170
olo.us.txt,market/ETFs,.txt,92477,2221
gmom.us.txt,market/ETFs,.txt,35169,751
fku.us.txt,market/ETFs,.txt,63665,1358
usl.us.txt,market/ETFs,.txt,107835,2491
ewn.us.txt,market/ETFs,.txt,153449,3202
splx.us.txt,market/ETFs,.txt,26367,615
fxz.us.txt,market/ETFs,.txt,123906,2599
vnqi.us.txt,market/ETFs,.txt,84696,1760
gdxj.us.txt,market/ETFs,.txt,98769,2015
soyb.us.txt,market/ETFs,.txt,66089,1527
kbe.us.txt,market/ETFs,.txt,148702,3019
qid.us.txt,market/ETFs,.txt,133137,2855
dgs.us.txt,market/ETFs,.txt,121394,2528
hys.us.txt,market/ETFs,.txt,77771,1611
ddm.us.txt,market/ETFs,.txt,140675,2870
bal.us.txt,market/ETFs,.txt,101029,2340
qemm.us.txt,market/ETFs,.txt,34017,737
gii.us.txt,market/ETFs,.txt,125551,2688
fltr.us.txt,market/ETFs,.txt,74803,1592
soxl.us.txt,market/ETFs,.txt,93679,1934
ibcd.us.txt,market/ETFs,.txt,50322,1084
snln.us.txt,market/ETFs,.txt,59712,1256
bsco.us.txt,market/ETFs,.txt,36867,784
xop.us.txt,market/ETFs,.txt,141799,2868
fyx.us.txt,market/ETFs,.txt,122514,2589
csm.us.txt,market/ETFs,.txt,99751,2100
rwo.us.txt,market/ETFs,.txt,114814,2392
psci.us.txt,market/ETFs,.txt,77737,1667
iye.us.txt,market/ETFs,.txt,156065,3202
pall.us.txt,market/ETFs,.txt,86356,1976
fko.us.txt,market/ETFs,.txt,50194,1094
fm.us.txt,market/ETFs,.txt,62395,1301
ewt.us.txt,market/ETFs,.txt,157828,3202
sphq.us.txt,market/ETFs,.txt,143492,3005
usv.us.txt,market/ETFs,.txt,69631,1650
ijj.us.txt,market/ETFs,.txt,154371,3202
pkb.us.txt,market/ETFs,.txt,143113,3032
alfa.us.txt,market/ETFs,.txt,61601,1354
gnr.us.txt,market/ETFs,.txt,85996,1802
ounz.us.txt,market/ETFs,.txt,39072,880
fdts.us.txt,market/ETFs,.txt,39311,856
oih.us.txt,market/ETFs,.txt,159674,3202
emcg.us.txt,market/ETFs,.txt,38999,844
ttfs.us.txt,market/ETFs,.txt,67493,1448
nini.us.txt,market/ETFs,.txt,7278,161
ixg.us.txt,market/ETFs,.txt,152194,3202
mlpa.us.txt,market/ETFs,.txt,66559,1399
psau.us.txt,market/ETFs,.txt,108020,2304
spyb.us.txt,market/ETFs,.txt,24404,532
efg.us.txt,market/ETFs,.txt,148194,3090
cpi.us.txt,market/ETFs,.txt,88304,1915
shyd.us.txt,market/ETFs,.txt,44903,950
cqqq.us.txt,market/ETFs,.txt,93537,1994
dwx.us.txt,market/ETFs,.txt,117882,2453
fxl.us.txt,market/ETFs,.txt,124196,2604
ewx.us.txt,market/ETFs,.txt,113684,2387
psce.us.txt,market/ETFs,.txt,78434,1672
cut.us.txt,market/ETFs,.txt,119503,2520
epu.us.txt,market/ETFs,.txt,101252,2115
iusb.us.txt,market/ETFs,.txt,38487,817
fln.us.txt,market/ETFs,.txt,62950,1357
spxl.us.txt,market/ETFs,.txt,111720,2271
bbh.us.txt,market/ETFs,.txt,154529,3202
tecs.us.txt,market/ETFs,.txt,94756,2242
bfor.us.txt,market/ETFs,.txt,52513,1119
tilt.us.txt,market/ETFs,.txt,71765,1523
pfxf.us.txt,market/ETFs,.txt,64029,1339
sco.us.txt,market/ETFs,.txt,105808,2257
mlpy.us.txt,market/ETFs,.txt,74882,1614
ibdk.us.txt,market/ETFs,.txt,28970,617
rwm.us.txt,market/ETFs,.txt,124716,2721
bscm.us.txt,market/ETFs,.txt,51015,1080
vht.us.txt,market/ETFs,.txt,153687,3202
ewzs.us.txt,market/ETFs,.txt,84356,1791
bbp.us.txt,market/ETFs,.txt,33524,731
jdst.us.txt,market/ETFs,.txt,44810,1033
jpnl.us.txt,market/ETFs,.txt,48276,1101
bbrc.us.txt,market/ETFs,.txt,60202,1282
pzi.us.txt,market/ETFs,.txt,143432,3053
scto.us.txt,market/ETFs,.txt,30486,658
splv.us.txt,market/ETFs,.txt,80651,1642
hezu.us.txt,market/ETFs,.txt,38456,796
iusv.us.txt,market/ETFs,.txt,153670,3202
fbgx.us.txt,market/ETFs,.txt,40289,859
ugl.us.txt,market/ETFs,.txt,99376,2252
sbm.us.txt,market/ETFs,.txt,935,21
braq.us.txt,market/ETFs,.txt,81063,1748
ewl.us.txt,market/ETFs,.txt,154801,3202
ijr.us.txt,market/ETFs,.txt,158350,3202
bdcl.us.txt,market/ETFs,.txt,78305,1627
qqew.us.txt,market/ETFs,.txt,138079,2909
edc.us.txt,market/ETFs,.txt,105325,2242
bab.us.txt,market/ETFs,.txt,97033,2011
lqdh.us.txt,market/ETFs,.txt,35695,772
spyv.us.txt,market/ETFs,.txt,151262,3199
scc.us.txt,market/ETFs,.txt,399,9
kce.us.txt,market/ETFs,.txt,143179,3013
mfd.us.txt,market/ETFs,.txt,151246,3202
xhs.us.txt,market/ETFs,.txt,69113,1471
eem.us.txt,market/ETFs,.txt,161618,3202
tao.us.txt,market/ETFs,.txt,116953,2481
dem.us.txt,market/ETFs,.txt,126009,2604
ioo.us.txt,market/ETFs,.txt,152861,3202
dxjc.us.txt,market/ETFs,.txt,27284,592
tlh.us.txt,market/ETFs,.txt,129666,2730
cmbs.us.txt,market/ETFs,.txt,67388,1432
wps.us.txt,market/ETFs,.txt,122192,2587
hilo.us.txt,market/ETFs,.txt,71892,1531
mln.us.txt,market/ETFs,.txt,116707,2461
dog.us.txt,market/ETFs,.txt,128149,2870
pnqi.us.txt,market/ETFs,.txt,104851,2303
yang.us.txt,market/ETFs,.txt,72673,1615
mdyv.us.txt,market/ETFs,.txt,129414,2778
sgdm.us.txt,market/ETFs,.txt,39553,839
icf.us.txt,market/ETFs,.txt,156088,3202
dzk.us.txt,market/ETFs,.txt,101054,2239
vbr.us.txt,market/ETFs,.txt,154216,3202
tmf.us.txt,market/ETFs,.txt,104541,2161
kol.us.txt,market/ETFs,.txt,118889,2477
ecns.us.txt,market/ETFs,.txt,81581,1752
pwb.us.txt,market/ETFs,.txt,152671,3198
psq.us.txt,market/ETFs,.txt,131681,2870
tyd.us.txt,market/ETFs,.txt,89250,1921
sciu.us.txt,market/ETFs,.txt,25364,552
iwd.us.txt,market/ETFs,.txt,158213,3202
cred.us.txt,market/ETFs,.txt,129554,2725
iqdy.us.txt,market/ETFs,.txt,44095,946
slx.us.txt,market/ETFs,.txt,133063,2789
ipe.us.txt,market/ETFs,.txt,125083,2630
cow.us.txt,market/ETFs,.txt,109994,2527
djci.us.txt,market/ETFs,.txt,83076,1935
qdeu.us.txt,market/ETFs,.txt,30352,664
fwdd.us.txt,market/ETFs,.txt,52624,1144
dyy.us.txt,market/ETFs,.txt,86216,2189
vega.us.txt,market/ETFs,.txt,48415,1047
hdg.us.txt,market/ETFs,.txt,66319,1501
fndb.us.txt,market/ETFs,.txt,50678,1068
nge.us.txt,market/ETFs,.txt,53285,1160
fca.us.txt,market/ETFs,.txt,55528,1202
femb.us.txt,market/ETFs,.txt,21345,460
hefa.us.txt,market/ETFs,.txt,41376,854
gres.us.txt,market/ETFs,.txt,94145,2015
gsp.us.txt,market/ETFs,.txt,125257,2878
iei.us.txt,market/ETFs,.txt,131556,2730
ryt.us.txt,market/ETFs,.txt,127938,2712
cny.us.txt,market/ETFs,.txt,96571,2274
fdl.us.txt,market/ETFs,.txt,140843,2938
rinf.us.txt,market/ETFs,.txt,33820,725
jkk.us.txt,market/ETFs,.txt,149154,3189
pwv.us.txt,market/ETFs,.txt,153193,3196
fez.us.txt,market/ETFs,.txt,155524,3202
iwp.us.txt,market/ETFs,.txt,155849,3202
unl.us.txt,market/ETFs,.txt,85730,1999
ihdg.us.txt,market/ETFs,.txt,41720,875
rhs.us.txt,market/ETFs,.txt,119087,2546
fdt.us.txt,market/ETFs,.txt,77234,1635
nash.us.txt,market/ETFs,.txt,31913,694
vde.us.txt,market/ETFs,.txt,154172,3202
ibmg.us.txt,market/ETFs,.txt,54582,1163
vmbs.us.txt,market/ETFs,.txt,95571,2006
ewem.us.txt,market/ETFs,.txt,72219,1563
jje.us.txt,market/ETFs,.txt,90424,2170
scho.us.txt,market/ETFs,.txt,86540,1832
dvhl.us.txt,market/ETFs,.txt,47342,1003
smn.us.txt,market/ETFs,.txt,119956,2713
usdu.us.txt,market/ETFs,.txt,40798,881
sdyl.us.txt,market/ETFs,.txt,57648,1245
grek.us.txt,market/ETFs,.txt,70033,1486
bil.us.txt,market/ETFs,.txt,118323,2635
ediv.us.txt,market/ETFs,.txt,80471,1685
urth.us.txt,market/ETFs,.txt,59144,1266
schc.us.txt,market/ETFs,.txt,93688,1972
fsd.us.txt,market/ETFs,.txt,86207,1792
gdx.us.txt,market/ETFs,.txt,144032,2891
angl.us.txt,market/ETFs,.txt,64863,1374
intf.us.txt,market/ETFs,.txt,27138,581
qcan.us.txt,market/ETFs,.txt,33248,725
smmu.us.txt,market/ETFs,.txt,87586,1882
fxsg.us.txt,market/ETFs,.txt,25723,557
xsoe.us.txt,market/ETFs,.txt,19881,432
bsjm.us.txt,market/ETFs,.txt,37009,788
idog.us.txt,market/ETFs,.txt,52279,1101
viog.us.txt,market/ETFs,.txt,81596,1754
smb.us.txt,market/ETFs,.txt,114480,2411
ishg.us.txt,market/ETFs,.txt,101564,2196
pwz.us.txt,market/ETFs,.txt,118741,2526
psi.us.txt,market/ETFs,.txt,147160,3108
hewj.us.txt,market/ETFs,.txt,44453,926
fxeu.us.txt,market/ETFs,.txt,27419,584
jkg.us.txt,market/ETFs,.txt,150544,3202
tipx.us.txt,market/ETFs,.txt,41503,899
itb.us.txt,market/ETFs,.txt,142012,2902
emlp.us.txt,market/ETFs,.txt,65560,1356
tags.us.txt,market/ETFs,.txt,2201,50
agz.us.txt,market/ETFs,.txt,106789,2266
igm.us.txt,market/ETFs,.txt,152604,3202
.DS_Store,market/Data,,6148,3
iba.us.txt,market/Data/Stocks,.txt,150448,3200
wpz.us.txt,market/Data/Stocks,.txt,150177,3082
opnt.us.txt,market/Data/Stocks,.txt,2316,54
indf.us.txt,market/Data/Stocks,.txt,15833,357
flic.us.txt,market/Data/Stocks,.txt,141568,3007
nbhc.us.txt,market/Data/Stocks,.txt,62360,1296
ncs.us.txt,market/Data/Stocks,.txt,140452,3202
grvy.us.txt,market/Data/Stocks,.txt,123492,3077
lgcyo.us.txt,market/Data/Stocks,.txt,37401,854
eqco.us.txt,market/Data/Stocks,.txt,62721,1332
gpk.us.txt,market/Data/Stocks,.txt,156276,3202
wti.us.txt,market/Data/Stocks,.txt,150465,3202
dyn_a.us.txt,market/Data/Stocks,.txt,32239,742
cstr.us.txt,market/Data/Stocks,.txt,12589,289
mygn.us.txt,market/Data/Stocks,.txt,143124,3202
cor_a-cl.us.txt,market/Data/Stocks,.txt,860,19
jmu.us.txt,market/Data/Stocks,.txt,24476,622
jpem.us.txt,market/Data/Stocks,.txt,30506,664
kelya.us.txt,market/Data/Stocks,.txt,154253,3202
wbig.us.txt,market/Data/Stocks,.txt,38010,809
eemx.us.txt,market/Data/Stocks,.txt,7143,158
nycb.us.txt,market/Data/Stocks,.txt,158389,3202
elp.us.txt,market/Data/Stocks,.txt,154159,3202
aieq.us.txt,market/Data/Stocks,.txt,805,18
axas.us.txt,market/Data/Stocks,.txt,130326,3202
cphi.us.txt,market/Data/Stocks,.txt,118095,2960
thr.us.txt,market/Data/Stocks,.txt,72252,1642
nxeow.us.txt,market/Data/Stocks,.txt,30215,753
vrsk.us.txt,market/Data/Stocks,.txt,90837,2041
abil.us.txt,market/Data/Stocks,.txt,19226,471
evep.us.txt,market/Data/Stocks,.txt,132641,2803
srlp.us.txt,market/Data/Stocks,.txt,48616,1021
www.us.txt,market/Data/Stocks,.txt,155963,3202
nnvc.us.txt,market/Data/Stocks,.txt,41837,1043
exr.us.txt,market/Data/Stocks,.txt,156128,3202
feye.us.txt,market/Data/Stocks,.txt,47495,1046
rbcaa.us.txt,market/Data/Stocks,.txt,152009,3202
enrj.us.txt,market/Data/Stocks,.txt,35201,852
mlnt.us.txt,market/Data/Stocks,.txt,61430,1452
avt.us.txt,market/Data/Stocks,.txt,157061,3202
gazb.us.txt,market/Data/Stocks,.txt,579,14
dxr.us.txt,market/Data/Stocks,.txt,127478,2780
gdi.us.txt,market/Data/Stocks,.txt,5763,129
ngvt.us.txt,market/Data/Stocks,.txt,16894,379
irix.us.txt,market/Data/Stocks,.txt,123420,3128
pay.us.txt,market/Data/Stocks,.txt,141004,3159
pfbx.us.txt,market/Data/Stocks,.txt,117643,2555
hyxu.us.txt,market/Data/Stocks,.txt,64329,1371
nlnk.us.txt,market/Data/Stocks,.txt,66099,1509
ivc.us.txt,market/Data/Stocks,.txt,154631,3202
mxe.us.txt,market/Data/Stocks,.txt,148428,3190
osb.us.txt,market/Data/Stocks,.txt,20388,437
txrh.us.txt,market/Data/Stocks,.txt,155656,3202
mx.us.txt,market/Data/Stocks,.txt,70796,1680
smmd.us.txt,market/Data/Stocks,.txt,3697,85
mnro.us.txt,market/Data/Stocks,.txt,154681,3202
hdez.us.txt,market/Data/Stocks,.txt,12992,288
pgz.us.txt,market/Data/Stocks,.txt,52455,1106
l.us.txt,market/Data/Stocks,.txt,157568,3202
jasn.us.txt,market/Data/Stocks,.txt,37897,940
gfy.us.txt,market/Data/Stocks,.txt,151153,3198
eim.us.txt,market/Data/Stocks,.txt,87361,1820
bll.us.txt,market/Data/Stocks,.txt,410292,8364
pci.us.txt,market/Data/Stocks,.txt,58849,1209
born.us.txt,market/Data/Stocks,.txt,75094,1870
ribtw.us.txt,market/Data/Stocks,.txt,25374,642
cizn.us.txt,market/Data/Stocks,.txt,105554,2286
usau.us.txt,market/Data/Stocks,.txt,134659,3173
brkr.us.txt,market/Data/Stocks,.txt,155415,3202
tmo.us.txt,market/Data/Stocks,.txt,372105,7613
nee_j.us.txt,market/Data/Stocks,.txt,55206,1214
clns_b.us.txt,market/Data/Stocks,.txt,9480,212
cmct.us.txt,market/Data/Stocks,.txt,146118,3148
mmi.us.txt,market/Data/Stocks,.txt,44625,1017
stor.us.txt,market/Data/Stocks,.txt,36796,753
clct.us.txt,market/Data/Stocks,.txt,151388,3201
fuv.us.txt,market/Data/Stocks,.txt,1475,37
pdlb.us.txt,market/Data/Stocks,.txt,1333,31
oilb.us.txt,market/Data/Stocks,.txt,3903,90
tgen.us.txt,market/Data/Stocks,.txt,32870,833
fat.us.txt,market/Data/Stocks,.txt,675,16
cma-ws.us.txt,market/Data/Stocks,.txt,71953,1741
he.us.txt,market/Data/Stocks,.txt,155528,3202
wyde.us.txt,market/Data/Stocks,.txt,29565,709
cor.us.txt,market/Data/Stocks,.txt,87006,1796
imkta.us.txt,market/Data/Stocks,.txt,152714,3202
nep.us.txt,market/Data/Stocks,.txt,41351,853
ddbi.us.txt,market/Data/Stocks,.txt,14565,318
flks.us.txt,market/Data/Stocks,.txt,29625,705
emxc.us.txt,market/Data/Stocks,.txt,2075,48
nac.us.txt,market/Data/Stocks,.txt,151906,3202
dfin.us.txt,market/Data/Stocks,.txt,12562,281
psx.us.txt,market/Data/Stocks,.txt,68852,1393
atacu.us.txt,market/Data/Stocks,.txt,1990,45
joe.us.txt,market/Data/Stocks,.txt,141477,3202
hdb.us.txt,market/Data/Stocks,.txt,156340,3202
agn_a.us.txt,market/Data/Stocks,.txt,28214,611
rexr_a.us.txt,market/Data/Stocks,.txt,13047,300
jhd.us.txt,market/Data/Stocks,.txt,17216,382
wpcs.us.txt,market/Data/Stocks,.txt,138116,3163
ath.us.txt,market/Data/Stocks,.txt,10491,234
tapr.us.txt,market/Data/Stocks,.txt,30599,712
yrcw.us.txt,market/Data/Stocks,.txt,63757,1475
hcc.us.txt,market/Data/Stocks,.txt,7241,149
sivb.us.txt,market/Data/Stocks,.txt,145847,3202
fncf.us.txt,market/Data/Stocks,.txt,16013,355
igro.us.txt,market/Data/Stocks,.txt,16995,370
coll.us.txt,market/Data/Stocks,.txt,27959,636
pty.us.txt,market/Data/Stocks,.txt,155266,3202
dmrc.us.txt,market/Data/Stocks,.txt,104253,2284
kmpr.us.txt,market/Data/Stocks,.txt,75718,1565
kw.us.txt,market/Data/Stocks,.txt,114204,2394
ceco.us.txt,market/Data/Stocks,.txt,211804,4947
asb-ws.us.txt,market/Data/Stocks,.txt,12681,333
sfst.us.txt,market/Data/Stocks,.txt,110265,2726
chs.us.txt,market/Data/Stocks,.txt,158033,3202
tslx.us.txt,market/Data/Stocks,.txt,44427,921
umc.us.txt,market/Data/Stocks,.txt,158192,3202
eia.us.txt,market/Data/Stocks,.txt,147824,3190
num.us.txt,market/Data/Stocks,.txt,149642,3201
fult.us.txt,market/Data/Stocks,.txt,156344,3202
fele.us.txt,market/Data/Stocks,.txt,154911,3202
evtc.us.txt,market/Data/Stocks,.txt,55878,1158
emr.us.txt,market/Data/Stocks,.txt,446571,9045
jbht.us.txt,market/Data/Stocks,.txt,157335,3202
ofix.us.txt,market/Data/Stocks,.txt,140140,3202
achn.us.txt,market/Data/Stocks,.txt,113335,2781
cbrl.us.txt,market/Data/Stocks,.txt,155679,3202
odfl.us.txt,market/Data/Stocks,.txt,156158,3203
bracr.us.txt,market/Data/Stocks,.txt,480,12
zlab.us.txt,market/Data/Stocks,.txt,1738,39
nao.us.txt,market/Data/Stocks,.txt,41217,864
induw.us.txt,market/Data/Stocks,.txt,1980,51
idn.us.txt,market/Data/Stocks,.txt,126280,3195
ggzr.us.txt,market/Data/Stocks,.txt,509,12
heww.us.txt,market/Data/Stocks,.txt,7380,165
ctso.us.txt,market/Data/Stocks,.txt,88871,2218
pbio.us.txt,market/Data/Stocks,.txt,0,0
fqal.us.txt,market/Data/Stocks,.txt,13664,292
fax.us.txt,market/Data/Stocks,.txt,156806,3202
cnxn.us.txt,market/Data/Stocks,.txt,151562,3202
hi.us.txt,market/Data/Stocks,.txt,117791,2431
dlbr.us.txt,market/Data/Stocks,.txt,985,23
psmm.us.txt,market/Data/Stocks,.txt,7508,175
sncr.us.txt,market/Data/Stocks,.txt,126588,2875
lscc.us.txt,market/Data/Stocks,.txt,131385,3202
isr.us.txt,market/Data/Stocks,.txt,121140,3038
lyg.us.txt,market/Data/Stocks,.txt,157262,3202
aezs.us.txt,market/Data/Stocks,.txt,116887,3202
gek.us.txt,market/Data/Stocks,.txt,53791,1131
nvs.us.txt,market/Data/Stocks,.txt,157675,3202
afi.us.txt,market/Data/Stocks,.txt,18101,408
afsd.us.txt,market/Data/Stocks,.txt,61307,1291
opp.us.txt,market/Data/Stocks,.txt,13299,283
hcci.us.txt,market/Data/Stocks,.txt,101678,2416
gddy.us.txt,market/Data/Stocks,.txt,29602,662
ghyg.us.txt,market/Data/Stocks,.txt,64236,1365
ipoa-ws.us.txt,market/Data/Stocks,.txt,1180,30
gch.us.txt,market/Data/Stocks,.txt,151203,3201
loxo.us.txt,market/Data/Stocks,.txt,36432,829
ibkcp.us.txt,market/Data/Stocks,.txt,25661,552
mchp.us.txt,market/Data/Stocks,.txt,307014,6209
bsjp.us.txt,market/Data/Stocks,.txt,1282,29
ntc.us.txt,market/Data/Stocks,.txt,146512,3176
rnlc.us.txt,market/Data/Stocks,.txt,2858,62
szc.us.txt,market/Data/Stocks,.txt,61201,1292
vlrs.us.txt,market/Data/Stocks,.txt,45327,1048
vpv.us.txt,market/Data/Stocks,.txt,150031,3191
ivr_a.us.txt,market/Data/Stocks,.txt,60641,1333
hbm.us.txt,market/Data/Stocks,.txt,143276,3040
dtla_.us.txt,market/Data/Stocks,.txt,28796,675
imom.us.txt,market/Data/Stocks,.txt,20511,454
pgre.us.txt,market/Data/Stocks,.txt,36756,752
nhtc.us.txt,market/Data/Stocks,.txt,33305,692
czr.us.txt,market/Data/Stocks,.txt,61936,1450
eqgp.us.txt,market/Data/Stocks,.txt,30495,634
comb.us.txt,market/Data/Stocks,.txt,4998,112
gtt.us.txt,market/Data/Stocks,.txt,47180,1106
ngl.us.txt,market/Data/Stocks,.txt,79202,1637
ibm.us.txt,market/Data/Stocks,.txt,694884,14060
zyme.us.txt,market/Data/Stocks,.txt,5545,139
flio.us.txt,market/Data/Stocks,.txt,4135,92
stlru.us.txt,market/Data/Stocks,.txt,3739,89
anss.us.txt,market/Data/Stocks,.txt,143141,3202
ubsi.us.txt,market/Data/Stocks,.txt,155298,3202
cnp.us.txt,market/Data/Stocks,.txt,587785,12073
sofo.us.txt,market/Data/Stocks,.txt,120127,3118
gaia.us.txt,market/Data/Stocks,.txt,129467,3201
wlkp.us.txt,market/Data/Stocks,.txt,39640,831
sjr.us.txt,market/Data/Stocks,.txt,155215,3202
mt.us.txt,market/Data/Stocks,.txt,155539,3202
osn.us.txt,market/Data/Stocks,.txt,65319,1629
gamr.us.txt,market/Data/Stocks,.txt,19228,415
sna.us.txt,market/Data/Stocks,.txt,394869,8159
xrm.us.txt,market/Data/Stocks,.txt,127726,3146
marps.us.txt,market/Data/Stocks,.txt,140672,3048
hcapz.us.txt,market/Data/Stocks,.txt,2217,51
fisk.us.txt,market/Data/Stocks,.txt,28569,619
fund.us.txt,market/Data/Stocks,.txt,152338,3202
ancb.us.txt,market/Data/Stocks,.txt,55748,1367
asmb.us.txt,market/Data/Stocks,.txt,71471,1736
fmnb.us.txt,market/Data/Stocks,.txt,72629,1544
avx.us.txt,market/Data/Stocks,.txt,154664,3202
mlnx.us.txt,market/Data/Stocks,.txt,118942,2712
deck.us.txt,market/Data/Stocks,.txt,143034,3202
vsh.us.txt,market/Data/Stocks,.txt,157156,3202
pnfp.us.txt,market/Data/Stocks,.txt,154300,3202
has.us.txt,market/Data/Stocks,.txt,405892,8295
aehr.us.txt,market/Data/Stocks,.txt,122232,3120
ahp_b.us.txt,market/Data/Stocks,.txt,13412,308
iagg.us.txt,market/Data/Stocks,.txt,23412,498
lb.us.txt,market/Data/Stocks,.txt,403635,8161
pbmd.us.txt,market/Data/Stocks,.txt,56656,1312
cof.us.txt,market/Data/Stocks,.txt,285458,5785
ent.us.txt,market/Data/Stocks,.txt,56333,1339
bku.us.txt,market/Data/Stocks,.txt,83072,1708
rpxc.us.txt,market/Data/Stocks,.txt,72520,1643
fivn.us.txt,market/Data/Stocks,.txt,38304,911
web.us.txt,market/Data/Stocks,.txt,128574,3029
ges.us.txt,market/Data/Stocks,.txt,157634,3202
pdp.us.txt,market/Data/Stocks,.txt,129899,2697
lvin.us.txt,market/Data/Stocks,.txt,5152,124
fxep.us.txt,market/Data/Stocks,.txt,1553,35
ahpi.us.txt,market/Data/Stocks,.txt,110985,2855
tast.us.txt,market/Data/Stocks,.txt,123755,2747
achv.us.txt,market/Data/Stocks,.txt,142906,3201
fro.us.txt,market/Data/Stocks,.txt,154547,3202
ftxn.us.txt,market/Data/Stocks,.txt,7168,156
wbkc.us.txt,market/Data/Stocks,.txt,50962,1109
jack.us.txt,market/Data/Stocks,.txt,155727,3202
pcg_g.us.txt,market/Data/Stocks,.txt,44028,994
ueps.us.txt,market/Data/Stocks,.txt,137376,3202
nly_d.us.txt,market/Data/Stocks,.txt,59305,1297
grpn.us.txt,market/Data/Stocks,.txt,64520,1515
scacw.us.txt,market/Data/Stocks,.txt,4280,112
xtlb.us.txt,market/Data/Stocks,.txt,34575,885
jagx.us.txt,market/Data/Stocks,.txt,25884,629
ophc.us.txt,market/Data/Stocks,.txt,82871,2162
psl.us.txt,market/Data/Stocks,.txt,129104,2761
lnc.us.txt,market/Data/Stocks,.txt,408374,8346
ko.us.txt,market/Data/Stocks,.txt,604502,12076
mza.us.txt,market/Data/Stocks,.txt,145102,3122
cbfv.us.txt,market/Data/Stocks,.txt,31270,677
clx.us.txt,market/Data/Stocks,.txt,427780,8737
hpt.us.txt,market/Data/Stocks,.txt,156999,3202
mntx.us.txt,market/Data/Stocks,.txt,124157,3125
nvta.us.txt,market/Data/Stocks,.txt,28760,695
chk.us.txt,market/Data/Stocks,.txt,155826,3202
xgtiw.us.txt,market/Data/Stocks,.txt,409,11
blx.us.txt,market/Data/Stocks,.txt,154361,3202
bxp_b.us.txt,market/Data/Stocks,.txt,52505,1163
mvcb.us.txt,market/Data/Stocks,.txt,53652,1149
x.us.txt,market/Data/Stocks,.txt,330488,6698
lbrda.us.txt,market/Data/Stocks,.txt,33631,761
emj.us.txt,market/Data/Stocks,.txt,146228,3170
bhk.us.txt,market/Data/Stocks,.txt,153220,3202
itg.us.txt,market/Data/Stocks,.txt,155353,3202
jpm_h.us.txt,market/Data/Stocks,.txt,25341,571
rli.us.txt,market/Data/Stocks,.txt,155028,3202
spro.us.txt,market/Data/Stocks,.txt,344,8
titn.us.txt,market/Data/Stocks,.txt,109959,2503
hgh.us.txt,market/Data/Stocks,.txt,66620,1399
ssnt.us.txt,market/Data/Stocks,.txt,5910,144
thga.us.txt,market/Data/Stocks,.txt,55105,1167
nvgn.us.txt,market/Data/Stocks,.txt,58063,1438
asb_c.us.txt,market/Data/Stocks,.txt,25955,596
apc.us.txt,market/Data/Stocks,.txt,385568,7856
min.us.txt,market/Data/Stocks,.txt,155124,3202
atnx.us.txt,market/Data/Stocks,.txt,4649,107
aval.us.txt,market/Data/Stocks,.txt,38165,793
ltrx.us.txt,market/Data/Stocks,.txt,121707,3116
ppr.us.txt,market/Data/Stocks,.txt,155917,3202
mmlp.us.txt,market/Data/Stocks,.txt,153377,3202
ktcc.us.txt,market/Data/Stocks,.txt,128079,3198
banc_d.us.txt,market/Data/Stocks,.txt,28832,655
gainn.us.txt,market/Data/Stocks,.txt,26139,564
siri.us.txt,market/Data/Stocks,.txt,162611,3202
dtea.us.txt,market/Data/Stocks,.txt,25629,617
lone.us.txt,market/Data/Stocks,.txt,13884,344
agen.us.txt,market/Data/Stocks,.txt,130860,3202
sfbs.us.txt,market/Data/Stocks,.txt,42541,884
hlm_.us.txt,market/Data/Stocks,.txt,81368,1798
dwlv.us.txt,market/Data/Stocks,.txt,11429,248
avgo.us.txt,market/Data/Stocks,.txt,102954,2084
dmtx.us.txt,market/Data/Stocks,.txt,20371,516
iex.us.txt,market/Data/Stocks,.txt,155505,3202
hurc.us.txt,market/Data/Stocks,.txt,152000,3202
semg.us.txt,market/Data/Stocks,.txt,91515,1891
redu.us.txt,market/Data/Stocks,.txt,757,17
arii.us.txt,market/Data/Stocks,.txt,143104,2976
chke.us.txt,market/Data/Stocks,.txt,147796,3202
gwr.us.txt,market/Data/Stocks,.txt,142144,3202
thrm.us.txt,market/Data/Stocks,.txt,136617,3201
wexp.us.txt,market/Data/Stocks,.txt,590,13
sny.us.txt,market/Data/Stocks,.txt,157707,3202
evstc.us.txt,market/Data/Stocks,.txt,15683,368
qbak.us.txt,market/Data/Stocks,.txt,115478,2897
wprt.us.txt,market/Data/Stocks,.txt,121703,2895
aeo.us.txt,market/Data/Stocks,.txt,158360,3202
angi.us.txt,market/Data/Stocks,.txt,64516,1505
nwe.us.txt,market/Data/Stocks,.txt,155199,3202
resi.us.txt,market/Data/Stocks,.txt,59527,1230
sptl.us.txt,market/Data/Stocks,.txt,122987,2593
kona.us.txt,market/Data/Stocks,.txt,126250,3080
intc.us.txt,market/Data/Stocks,.txt,599379,11557
pam.us.txt,market/Data/Stocks,.txt,88973,2038
alp_o-cl.us.txt,market/Data/Stocks,.txt,1020,23
bio-b.us.txt,market/Data/Stocks,.txt,1954,46
asnd.us.txt,market/Data/Stocks,.txt,30710,706
numg.us.txt,market/Data/Stocks,.txt,8974,208
c_j.us.txt,market/Data/Stocks,.txt,46998,1040
iff.us.txt,market/Data/Stocks,.txt,436767,9044
smg.us.txt,market/Data/Stocks,.txt,155596,3202
vgr.us.txt,market/Data/Stocks,.txt,155156,3202
nr.us.txt,market/Data/Stocks,.txt,131216,3202
cie.us.txt,market/Data/Stocks,.txt,96205,1992
plym.us.txt,market/Data/Stocks,.txt,5131,110
htfa.us.txt,market/Data/Stocks,.txt,1218,28
abb.us.txt,market/Data/Stocks,.txt,157728,3202
gcp.us.txt,market/Data/Stocks,.txt,19571,448
oesx.us.txt,market/Data/Stocks,.txt,98933,2494
tntr.us.txt,market/Data/Stocks,.txt,3863,95
pvac.us.txt,market/Data/Stocks,.txt,9197,215
spwr.us.txt,market/Data/Stocks,.txt,65768,1506
glu_a.us.txt,market/Data/Stocks,.txt,28526,651
skln.us.txt,market/Data/Stocks,.txt,67215,1617
rjf.us.txt,market/Data/Stocks,.txt,156285,3202
per.us.txt,market/Data/Stocks,.txt,76562,1574
kyo.us.txt,market/Data/Stocks,.txt,150897,3202
urgn.us.txt,market/Data/Stocks,.txt,5869,135
sigi.us.txt,market/Data/Stocks,.txt,154808,3202
gdl_b.us.txt,market/Data/Stocks,.txt,58455,1297
paa.us.txt,market/Data/Stocks,.txt,157286,3202
aap.us.txt,market/Data/Stocks,.txt,156794,3202
gsbc.us.txt,market/Data/Stocks,.txt,151758,3202
form.us.txt,market/Data/Stocks,.txt,136034,3202
cubi_e.us.txt,market/Data/Stocks,.txt,16514,377
mtb_.us.txt,market/Data/Stocks,.txt,713,17
dov.us.txt,market/Data/Stocks,.txt,399364,8161
jsml.us.txt,market/Data/Stocks,.txt,16678,363
gsm.us.txt,market/Data/Stocks,.txt,100101,2089
qcrh.us.txt,market/Data/Stocks,.txt,135375,2920
ryi.us.txt,market/Data/Stocks,.txt,34024,824
ulbi.us.txt,market/Data/Stocks,.txt,129235,3198
ecol.us.txt,market/Data/Stocks,.txt,153612,3202
lcut.us.txt,market/Data/Stocks,.txt,152008,3202
iag.us.txt,market/Data/Stocks,.txt,149276,3202
fsm.us.txt,market/Data/Stocks,.txt,63030,1549
kgji.us.txt,market/Data/Stocks,.txt,102786,2279
nfec.us.txt,market/Data/Stocks,.txt,94737,2387
enva.us.txt,market/Data/Stocks,.txt,31912,753
vktx.us.txt,market/Data/Stocks,.txt,25850,643
ipay.us.txt,market/Data/Stocks,.txt,26157,572
trmb.us.txt,market/Data/Stocks,.txt,147539,3202
spsm.us.txt,market/Data/Stocks,.txt,50790,1076
nick.us.txt,market/Data/Stocks,.txt,144316,3169
ggo.us.txt,market/Data/Stocks,.txt,2468,62
jsyn.us.txt,market/Data/Stocks,.txt,10581,247
pfl.us.txt,market/Data/Stocks,.txt,154434,3202
xlnx.us.txt,market/Data/Stocks,.txt,342764,6906
lret.us.txt,market/Data/Stocks,.txt,25593,550
cii.us.txt,market/Data/Stocks,.txt,153783,3202
usdp.us.txt,market/Data/Stocks,.txt,36985,781
six.us.txt,market/Data/Stocks,.txt,92069,1892
plya.us.txt,market/Data/Stocks,.txt,7590,171
pgem.us.txt,market/Data/Stocks,.txt,49123,1129
kmm.us.txt,market/Data/Stocks,.txt,152989,3202
heus.us.txt,market/Data/Stocks,.txt,19195,438
kalv.us.txt,market/Data/Stocks,.txt,27498,655
nwfl.us.txt,market/Data/Stocks,.txt,116094,2506
gps.us.txt,market/Data/Stocks,.txt,379466,7641
expo.us.txt,market/Data/Stocks,.txt,153186,3202
mict.us.txt,market/Data/Stocks,.txt,40853,1028
jpeu.us.txt,market/Data/Stocks,.txt,14272,319
nclh.us.txt,market/Data/Stocks,.txt,54820,1215
jmm.us.txt,market/Data/Stocks,.txt,151374,3199
homl.us.txt,market/Data/Stocks,.txt,17041,394
sckt.us.txt,market/Data/Stocks,.txt,14293,352
linu.us.txt,market/Data/Stocks,.txt,94182,2045
fate.us.txt,market/Data/Stocks,.txt,41440,1038
infn.us.txt,market/Data/Stocks,.txt,111783,2630
gvp.us.txt,market/Data/Stocks,.txt,122715,3151
ziop.us.txt,market/Data/Stocks,.txt,119372,2967
hewc.us.txt,market/Data/Stocks,.txt,12690,278
grc.us.txt,market/Data/Stocks,.txt,152287,3202
dvmt.us.txt,market/Data/Stocks,.txt,13474,299
bvxvw.us.txt,market/Data/Stocks,.txt,14654,365
husa.us.txt,market/Data/Stocks,.txt,130696,3176
bnft.us.txt,market/Data/Stocks,.txt,45965,1048
veco.us.txt,market/Data/Stocks,.txt,141611,3202
frc.us.txt,market/Data/Stocks,.txt,84835,1742
qure.us.txt,market/Data/Stocks,.txt,40392,952
mosy.us.txt,market/Data/Stocks,.txt,122796,3202
ipci.us.txt,market/Data/Stocks,.txt,130440,3196
nrt.us.txt,market/Data/Stocks,.txt,151176,3202
skis.us.txt,market/Data/Stocks,.txt,35519,750
enx.us.txt,market/Data/Stocks,.txt,149374,3202
clirw.us.txt,market/Data/Stocks,.txt,5688,144
wen.us.txt,market/Data/Stocks,.txt,432831,8724
isf.us.txt,market/Data/Stocks,.txt,87131,1820
brk-b.us.txt,market/Data/Stocks,.txt,248863,5416
lsxmb.us.txt,market/Data/Stocks,.txt,4675,109
nvg.us.txt,market/Data/Stocks,.txt,150502,3202
spun.us.txt,market/Data/Stocks,.txt,15052,330
adm.us.txt,market/Data/Stocks,.txt,429306,8727
ln.us.txt,market/Data/Stocks,.txt,14975,338
batra.us.txt,market/Data/Stocks,.txt,17540,399
wage.us.txt,market/Data/Stocks,.txt,60884,1388
igd.us.txt,market/Data/Stocks,.txt,153562,3182
nee_r.us.txt,market/Data/Stocks,.txt,13284,302
jcom.us.txt,market/Data/Stocks,.txt,155534,3202
cmcl.us.txt,market/Data/Stocks,.txt,3366,75
vsar.us.txt,market/Data/Stocks,.txt,39612,921
obe.us.txt,market/Data/Stocks,.txt,153045,3189
wrls.us.txt,market/Data/Stocks,.txt,2229,55
ebio.us.txt,market/Data/Stocks,.txt,39757,951
fun.us.txt,market/Data/Stocks,.txt,154527,3202
xl.us.txt,market/Data/Stocks,.txt,238096,4838
apo.us.txt,market/Data/Stocks,.txt,81211,1665
qtm.us.txt,market/Data/Stocks,.txt,135904,3202
ffty.us.txt,market/Data/Stocks,.txt,27669,619
axs_d.us.txt,market/Data/Stocks,.txt,51220,1128
gfa.us.txt,market/Data/Stocks,.txt,128059,2686
wbc.us.txt,market/Data/Stocks,.txt,118325,2602
t.us.txt,market/Data/Stocks,.txt,422590,8402
emf.us.txt,market/Data/Stocks,.txt,151748,3202
gbr.us.txt,market/Data/Stocks,.txt,107166,2795
jpm_d.us.txt,market/Data/Stocks,.txt,60097,1298
pcq.us.txt,market/Data/Stocks,.txt,151772,3202
htgc.us.txt,market/Data/Stocks,.txt,151500,3130
omab.us.txt,market/Data/Stocks,.txt,130233,2753
fbr.us.txt,market/Data/Stocks,.txt,156125,3202
dmf.us.txt,market/Data/Stocks,.txt,152162,3202
pei_b.us.txt,market/Data/Stocks,.txt,54126,1194
gfnsl.us.txt,market/Data/Stocks,.txt,37508,817
splk.us.txt,market/Data/Stocks,.txt,63230,1403
bcv_a.us.txt,market/Data/Stocks,.txt,12147,275
gdv_g.us.txt,market/Data/Stocks,.txt,15231,342
hnp.us.txt,market/Data/Stocks,.txt,153489,3195
icui.us.txt,market/Data/Stocks,.txt,141707,3202
prpo.us.txt,market/Data/Stocks,.txt,3857,94
cvo.us.txt,market/Data/Stocks,.txt,137322,3202
merc.us.txt,market/Data/Stocks,.txt,154152,3202
nee_c-cl.us.txt,market/Data/Stocks,.txt,962,22
acfc.us.txt,market/Data/Stocks,.txt,60551,1553
auto.us.txt,market/Data/Stocks,.txt,129329,3200
rndm.us.txt,market/Data/Stocks,.txt,3084,67
jhmi.us.txt,market/Data/Stocks,.txt,8870,194
fsacu.us.txt,market/Data/Stocks,.txt,2861,65
bas.us.txt,market/Data/Stocks,.txt,140386,3003
edr.us.txt,market/Data/Stocks,.txt,154609,3202
trex.us.txt,market/Data/Stocks,.txt,143847,3202
ushy.us.txt,market/Data/Stocks,.txt,388,9
smbk.us.txt,market/Data/Stocks,.txt,18085,425
mgnx.us.txt,market/Data/Stocks,.txt,45776,1032
bw.us.txt,market/Data/Stocks,.txt,26332,599
rodm.us.txt,market/Data/Stocks,.txt,24293,525
cway.us.txt,market/Data/Stocks,.txt,36771,869
tdc.us.txt,market/Data/Stocks,.txt,115800,2562
atto.us.txt,market/Data/Stocks,.txt,37180,786
sab.us.txt,market/Data/Stocks,.txt,9015,197
jsynw.us.txt,market/Data/Stocks,.txt,9692,231
ftag.us.txt,market/Data/Stocks,.txt,83180,1806
shlm.us.txt,market/Data/Stocks,.txt,154938,3202
ddr.us.txt,market/Data/Stocks,.txt,157733,3202
lgcy.us.txt,market/Data/Stocks,.txt,128437,2730
pre_g.us.txt,market/Data/Stocks,.txt,16862,385
oxbr.us.txt,market/Data/Stocks,.txt,39602,850
vod.us.txt,market/Data/Stocks,.txt,158570,3202
prgs.us.txt,market/Data/Stocks,.txt,155274,3202
esgg.us.txt,market/Data/Stocks,.txt,7442,165
zbk.us.txt,market/Data/Stocks,.txt,46319,998
lndc.us.txt,market/Data/Stocks,.txt,133023,3202
cnfr.us.txt,market/Data/Stocks,.txt,20768,536
rf.us.txt,market/Data/Stocks,.txt,205816,4148
ras_b.us.txt,market/Data/Stocks,.txt,81472,1797
zb_h.us.txt,market/Data/Stocks,.txt,51693,1138
ttph.us.txt,market/Data/Stocks,.txt,49556,1174
hmn.us.txt,market/Data/Stocks,.txt,154805,3202
mtbc.us.txt,market/Data/Stocks,.txt,33086,819
bjri.us.txt,market/Data/Stocks,.txt,155116,3202
ldos.us.txt,market/Data/Stocks,.txt,137144,2791
aldx.us.txt,market/Data/Stocks,.txt,34878,888
egl.us.txt,market/Data/Stocks,.txt,61886,1339
cclp.us.txt,market/Data/Stocks,.txt,76741,1614
snna.us.txt,market/Data/Stocks,.txt,3349,77
lpg.us.txt,market/Data/Stocks,.txt,37913,888
cbm.us.txt,market/Data/Stocks,.txt,134612,3202
cemb.us.txt,market/Data/Stocks,.txt,62706,1345
mtt.us.txt,market/Data/Stocks,.txt,103178,2175
shos.us.txt,market/Data/Stocks,.txt,52655,1277
faln.us.txt,market/Data/Stocks,.txt,14695,319
hfbl.us.txt,market/Data/Stocks,.txt,71908,1577
sona.us.txt,market/Data/Stocks,.txt,118429,2538
ttgt.us.txt,market/Data/Stocks,.txt,106137,2644
rogs.us.txt,market/Data/Stocks,.txt,18457,401
gsjy.us.txt,market/Data/Stocks,.txt,15784,344
ai.us.txt,market/Data/Stocks,.txt,153997,3202
vhi.us.txt,market/Data/Stocks,.txt,153135,3202
klic.us.txt,market/Data/Stocks,.txt,136593,3202
andaw.us.txt,market/Data/Stocks,.txt,7735,191
hive.us.txt,market/Data/Stocks,.txt,36882,916
flws.us.txt,market/Data/Stocks,.txt,129609,3202
nusc.us.txt,market/Data/Stocks,.txt,10131,228
etsy.us.txt,market/Data/Stocks,.txt,28697,652
bfit.us.txt,market/Data/Stocks,.txt,3937,89
newa.us.txt,market/Data/Stocks,.txt,3123,76
gjh.us.txt,market/Data/Stocks,.txt,58991,1288
cdor.us.txt,market/Data/Stocks,.txt,143558,3135
bscp.us.txt,market/Data/Stocks,.txt,23989,514
jmba.us.txt,market/Data/Stocks,.txt,126441,3046
bdn.us.txt,market/Data/Stocks,.txt,157331,3202
vvpr.us.txt,market/Data/Stocks,.txt,6366,160
nesr.us.txt,market/Data/Stocks,.txt,3393,85
iamxr.us.txt,market/Data/Stocks,.txt,598,15
mpacu.us.txt,market/Data/Stocks,.txt,6459,149
aoi.us.txt,market/Data/Stocks,.txt,126976,3202
ufcs.us.txt,market/Data/Stocks,.txt,153193,3202
cy.us.txt,market/Data/Stocks,.txt,158216,3202
ship.us.txt,market/Data/Stocks,.txt,60048,1535
key_i.us.txt,market/Data/Stocks,.txt,10215,229
obln.us.txt,market/Data/Stocks,.txt,11538,279
rnr_c.us.txt,market/Data/Stocks,.txt,83647,1813
bwa.us.txt,market/Data/Stocks,.txt,158077,3202
arco.us.txt,market/Data/Stocks,.txt,74477,1655
wday.us.txt,market/Data/Stocks,.txt,57800,1280
bhlb.us.txt,market/Data/Stocks,.txt,152916,3202
cjjd.us.txt,market/Data/Stocks,.txt,77642,1947
bfs_c.us.txt,market/Data/Stocks,.txt,52803,1164
pxd.us.txt,market/Data/Stocks,.txt,158233,3202
lpth.us.txt,market/Data/Stocks,.txt,123512,3136
ssc.us.txt,market/Data/Stocks,.txt,54990,1368
rtnb.us.txt,market/Data/Stocks,.txt,8771,213
axu.us.txt,market/Data/Stocks,.txt,116576,2909
blbd.us.txt,market/Data/Stocks,.txt,34047,816
swp.us.txt,market/Data/Stocks,.txt,5711,122
icpt.us.txt,market/Data/Stocks,.txt,59289,1280
fcre.us.txt,market/Data/Stocks,.txt,40791,1008
trq.us.txt,market/Data/Stocks,.txt,135964,3202
petq.us.txt,market/Data/Stocks,.txt,3558,81
krnt.us.txt,market/Data/Stocks,.txt,28024,661
synl.us.txt,market/Data/Stocks,.txt,147089,3142
hbmd.us.txt,market/Data/Stocks,.txt,37483,929
ufs.us.txt,market/Data/Stocks,.txt,155734,3202
ubnk.us.txt,market/Data/Stocks,.txt,147264,3083
kth.us.txt,market/Data/Stocks,.txt,64981,1412
twin.us.txt,market/Data/Stocks,.txt,149824,3193
gme.us.txt,market/Data/Stocks,.txt,158442,3202
wmt.us.txt,market/Data/Stocks,.txt,578931,11444
rga.us.txt,market/Data/Stocks,.txt,155530,3202
psec.us.txt,market/Data/Stocks,.txt,157213,3202
bcc.us.txt,market/Data/Stocks,.txt,52963,1203
ccc.us.txt,market/Data/Stocks,.txt,154827,3202
htht.us.txt,market/Data/Stocks,.txt,91121,1924
fiv.us.txt,market/Data/Stocks,.txt,9909,225
hafc.us.txt,market/Data/Stocks,.txt,71645,1485
wlfc.us.txt,market/Data/Stocks,.txt,131728,3155
sga.us.txt,market/Data/Stocks,.txt,148064,3170
tmus.us.txt,market/Data/Stocks,.txt,127112,2664
hdlv.us.txt,market/Data/Stocks,.txt,36615,781
chfn.us.txt,market/Data/Stocks,.txt,139415,2964
bpl.us.txt,market/Data/Stocks,.txt,155353,3202
rtn.us.txt,market/Data/Stocks,.txt,443822,9044
wala.us.txt,market/Data/Stocks,.txt,16680,353
flgb.us.txt,market/Data/Stocks,.txt,169,4
nmr.us.txt,market/Data/Stocks,.txt,154492,3202
stn.us.txt,market/Data/Stocks,.txt,147252,3113
avnw.us.txt,market/Data/Stocks,.txt,116894,2719
atac.us.txt,market/Data/Stocks,.txt,1539,39
itri.us.txt,market/Data/Stocks,.txt,141490,3202
oia.us.txt,market/Data/Stocks,.txt,152864,3202
cpl.us.txt,market/Data/Stocks,.txt,154159,3202
splp_t.us.txt,market/Data/Stocks,.txt,909,21
bbt_d.us.txt,market/Data/Stocks,.txt,63959,1392
fmcir.us.txt,market/Data/Stocks,.txt,4147,104
hhs.us.txt,market/Data/Stocks,.txt,151508,3202
cwst.us.txt,market/Data/Stocks,.txt,132366,3202
rcom.us.txt,market/Data/Stocks,.txt,12363,284
ipoa-u.us.txt,market/Data/Stocks,.txt,1919,43
mat.us.txt,market/Data/Stocks,.txt,445381,9045
ebay.us.txt,market/Data/Stocks,.txt,240561,4815
ssfn.us.txt,market/Data/Stocks,.txt,107701,2344
sfhy.us.txt,market/Data/Stocks,.txt,15754,363
hznp.us.txt,market/Data/Stocks,.txt,68495,1584
ti.us.txt,market/Data/Stocks,.txt,147157,3202
afsi_a.us.txt,market/Data/Stocks,.txt,30061,682
rso.us.txt,market/Data/Stocks,.txt,142652,2964
arcc.us.txt,market/Data/Stocks,.txt,157460,3202
dxpe.us.txt,market/Data/Stocks,.txt,139718,3201
ior.us.txt,market/Data/Stocks,.txt,75996,2025
leg.us.txt,market/Data/Stocks,.txt,368372,7564
ctxs.us.txt,market/Data/Stocks,.txt,272290,5517
gf.us.txt,market/Data/Stocks,.txt,151969,3202
litb.us.txt,market/Data/Stocks,.txt,45187,1120
nycb_u.us.txt,market/Data/Stocks,.txt,26914,631
bkepp.us.txt,market/Data/Stocks,.txt,61387,1326
dac.us.txt,market/Data/Stocks,.txt,111391,2796
smci.us.txt,market/Data/Stocks,.txt,114912,2678
lyts.us.txt,market/Data/Stocks,.txt,153013,3202
mram.us.txt,market/Data/Stocks,.txt,11662,278
pkg.us.txt,market/Data/Stocks,.txt,156835,3202
eep.us.txt,market/Data/Stocks,.txt,156621,3202
simo.us.txt,market/Data/Stocks,.txt,151080,3116
anip.us.txt,market/Data/Stocks,.txt,137989,3202
newm.us.txt,market/Data/Stocks,.txt,45767,943
manh.us.txt,market/Data/Stocks,.txt,147028,3202
fred.us.txt,market/Data/Stocks,.txt,154711,3202
pot.us.txt,market/Data/Stocks,.txt,159597,3202
kodk.us.txt,market/Data/Stocks,.txt,44475,1042
gnw.us.txt,market/Data/Stocks,.txt,140111,3202
stb.us.txt,market/Data/Stocks,.txt,75124,1558
lbtyk.us.txt,market/Data/Stocks,.txt,149663,3071
virt.us.txt,market/Data/Stocks,.txt,31383,652
webk.us.txt,market/Data/Stocks,.txt,48322,1051
tup.us.txt,market/Data/Stocks,.txt,155954,3202
bbt_h.us.txt,market/Data/Stocks,.txt,18742,423
cts.us.txt,market/Data/Stocks,.txt,153069,3202
bern.us.txt,market/Data/Stocks,.txt,816,19
xray.us.txt,market/Data/Stocks,.txt,325777,6683
dwaq.us.txt,market/Data/Stocks,.txt,137393,2953
sd.us.txt,market/Data/Stocks,.txt,12436,280
irwd.us.txt,market/Data/Stocks,.txt,87348,1960
nim.us.txt,market/Data/Stocks,.txt,150178,3202
tile.us.txt,market/Data/Stocks,.txt,155596,3202
ahpaw.us.txt,market/Data/Stocks,.txt,5266,134
evhc.us.txt,market/Data/Stocks,.txt,51399,1072
trpx.us.txt,market/Data/Stocks,.txt,6605,165
eqr.us.txt,market/Data/Stocks,.txt,299711,6108
fmi.us.txt,market/Data/Stocks,.txt,45743,1043
jtd.us.txt,market/Data/Stocks,.txt,123877,2616
ahh.us.txt,market/Data/Stocks,.txt,54606,1140
dx.us.txt,market/Data/Stocks,.txt,153797,3201
cco.us.txt,market/Data/Stocks,.txt,147087,3022
btec.us.txt,market/Data/Stocks,.txt,7749,177
luv.us.txt,market/Data/Stocks,.txt,473583,9549
nets.us.txt,market/Data/Stocks,.txt,6565,150
bco.us.txt,market/Data/Stocks,.txt,155630,3202
pebo.us.txt,market/Data/Stocks,.txt,151864,3202
cisn.us.txt,market/Data/Stocks,.txt,11442,278
rarx.us.txt,market/Data/Stocks,.txt,11646,265
ajx.us.txt,market/Data/Stocks,.txt,32627,694
cel.us.txt,market/Data/Stocks,.txt,123883,2713
san.us.txt,market/Data/Stocks,.txt,158292,3202
fh.us.txt,market/Data/Stocks,.txt,71697,1839
ntra.us.txt,market/Data/Stocks,.txt,25553,598
kgrn.us.txt,market/Data/Stocks,.txt,919,21
bsbr.us.txt,market/Data/Stocks,.txt,101060,2041
bel.us.txt,market/Data/Stocks,.txt,138464,3202
jhme.us.txt,market/Data/Stocks,.txt,11801,258
bf-b.us.txt,market/Data/Stocks,.txt,88759,1820
nxr.us.txt,market/Data/Stocks,.txt,150238,3202
cade.us.txt,market/Data/Stocks,.txt,6540,149
krg.us.txt,market/Data/Stocks,.txt,153492,3202
olli.us.txt,market/Data/Stocks,.txt,25775,589
ekso.us.txt,market/Data/Stocks,.txt,12910,319
tss.us.txt,market/Data/Stocks,.txt,156964,3202
wbai.us.txt,market/Data/Stocks,.txt,43882,1001
cpsh.us.txt,market/Data/Stocks,.txt,24925,628
stba.us.txt,market/Data/Stocks,.txt,153385,3202
ug.us.txt,market/Data/Stocks,.txt,141205,3052
cms_b.us.txt,market/Data/Stocks,.txt,62133,1394
nuan.us.txt,market/Data/Stocks,.txt,143360,3202
casy.us.txt,market/Data/Stocks,.txt,155479,3202
gs_d.us.txt,market/Data/Stocks,.txt,84897,1820
splg.us.txt,market/Data/Stocks,.txt,126031,2701
lxfr.us.txt,market/Data/Stocks,.txt,60897,1287
cxdc.us.txt,market/Data/Stocks,.txt,86513,2204
dgicb.us.txt,market/Data/Stocks,.txt,62330,1355
mtx.us.txt,market/Data/Stocks,.txt,154909,3202
ev.us.txt,market/Data/Stocks,.txt,156634,3202
cba.us.txt,market/Data/Stocks,.txt,52876,1106
strp.us.txt,market/Data/Stocks,.txt,46481,1078
ffic.us.txt,market/Data/Stocks,.txt,152904,3202
ae.us.txt,market/Data/Stocks,.txt,149191,3190
cfr.us.txt,market/Data/Stocks,.txt,155607,3202
aif.us.txt,market/Data/Stocks,.txt,56869,1190
cytr.us.txt,market/Data/Stocks,.txt,146696,3202
vnet.us.txt,market/Data/Stocks,.txt,71220,1650
msgn.us.txt,market/Data/Stocks,.txt,93579,1966
spxe.us.txt,market/Data/Stocks,.txt,16520,360
pmd.us.txt,market/Data/Stocks,.txt,149771,3194
cffi.us.txt,market/Data/Stocks,.txt,130860,2820
bfr.us.txt,market/Data/Stocks,.txt,153531,3202
slmbp.us.txt,market/Data/Stocks,.txt,57762,1246
mcd.us.txt,market/Data/Stocks,.txt,600750,12076
bbva.us.txt,market/Data/Stocks,.txt,157049,3202
olp.us.txt,market/Data/Stocks,.txt,151430,3202
wfc_y.us.txt,market/Data/Stocks,.txt,6295,142
wbbw.us.txt,market/Data/Stocks,.txt,43167,1020
frph.us.txt,market/Data/Stocks,.txt,133266,3158
veacw.us.txt,market/Data/Stocks,.txt,2752,70
wsbf.us.txt,market/Data/Stocks,.txt,143777,3041
inov.us.txt,market/Data/Stocks,.txt,30426,695
bvxv.us.txt,market/Data/Stocks,.txt,22367,562
rbin.us.txt,market/Data/Stocks,.txt,1257,30
eto.us.txt,market/Data/Stocks,.txt,152535,3202
nhc.us.txt,market/Data/Stocks,.txt,151477,3201
true.us.txt,market/Data/Stocks,.txt,38356,882
tetf.us.txt,market/Data/Stocks,.txt,6458,143
dhvw.us.txt,market/Data/Stocks,.txt,28220,619
mrbk.us.txt,market/Data/Stocks,.txt,221,5
fcfs.us.txt,market/Data/Stocks,.txt,155122,3202
ahp.us.txt,market/Data/Stocks,.txt,47946,1001
tsco.us.txt,market/Data/Stocks,.txt,157188,3202
mbfi.us.txt,market/Data/Stocks,.txt,155014,3202
sgu.us.txt,market/Data/Stocks,.txt,153468,3202
dpst.us.txt,market/Data/Stocks,.txt,22041,482
bmra.us.txt,market/Data/Stocks,.txt,12220,301
trco.us.txt,market/Data/Stocks,.txt,35923,740
aeri.us.txt,market/Data/Stocks,.txt,44957,1021
wstl.us.txt,market/Data/Stocks,.txt,128571,3202
clrbw.us.txt,market/Data/Stocks,.txt,16163,437
gib.us.txt,market/Data/Stocks,.txt,138204,3202
mfa.us.txt,market/Data/Stocks,.txt,158644,3202
hlt.us.txt,market/Data/Stocks,.txt,48608,988
stz.us.txt,market/Data/Stocks,.txt,157838,3202
omf.us.txt,market/Data/Stocks,.txt,45751,1028
ovas.us.txt,market/Data/Stocks,.txt,47863,1145
spi.us.txt,market/Data/Stocks,.txt,18703,461
laws.us.txt,market/Data/Stocks,.txt,144434,3202
agm_b.us.txt,market/Data/Stocks,.txt,36103,827
ihg.us.txt,market/Data/Stocks,.txt,154181,3202
onvi.us.txt,market/Data/Stocks,.txt,107926,2840
ttac.us.txt,market/Data/Stocks,.txt,12490,283
brcd.us.txt,market/Data/Stocks,.txt,158782,3202
whlrw.us.txt,market/Data/Stocks,.txt,25322,592
chmi_a.us.txt,market/Data/Stocks,.txt,2585,58
sdpi.us.txt,market/Data/Stocks,.txt,34951,876
qlys.us.txt,market/Data/Stocks,.txt,56621,1290
pbfx.us.txt,market/Data/Stocks,.txt,42386,887
cm.us.txt,market/Data/Stocks,.txt,154927,3202
mrc.us.txt,market/Data/Stocks,.txt,63153,1408
pcbk.us.txt,market/Data/Stocks,.txt,148263,3141
albo.us.txt,market/Data/Stocks,.txt,107674,2648
tear.us.txt,market/Data/Stocks,.txt,120838,3159
pol.us.txt,market/Data/Stocks,.txt,155635,3202
mbvx.us.txt,market/Data/Stocks,.txt,57386,1311
pb.us.txt,market/Data/Stocks,.txt,71755,1479
ssw.us.txt,market/Data/Stocks,.txt,149764,3089
jphf.us.txt,market/Data/Stocks,.txt,12661,283
csf.us.txt,market/Data/Stocks,.txt,37401,805
nano.us.txt,market/Data/Stocks,.txt,136696,3202
uvv.us.txt,market/Data/Stocks,.txt,155278,3202
sbfg.us.txt,market/Data/Stocks,.txt,133188,2879
caro.us.txt,market/Data/Stocks,.txt,43237,924
spib.us.txt,market/Data/Stocks,.txt,105428,2205
cnacr.us.txt,market/Data/Stocks,.txt,1709,42
evg.us.txt,market/Data/Stocks,.txt,152263,3202
bsf.us.txt,market/Data/Stocks,.txt,75246,1619
clir.us.txt,market/Data/Stocks,.txt,55403,1399
hii.us.txt,market/Data/Stocks,.txt,80805,1665
ocsll.us.txt,market/Data/Stocks,.txt,53896,1152
ttf.us.txt,market/Data/Stocks,.txt,153440,3201
jbn.us.txt,market/Data/Stocks,.txt,82398,1768
drna.us.txt,market/Data/Stocks,.txt,40190,956
divo.us.txt,market/Data/Stocks,.txt,10560,230
stag.us.txt,market/Data/Stocks,.txt,78232,1617
utf.us.txt,market/Data/Stocks,.txt,164491,3403
epd.us.txt,market/Data/Stocks,.txt,157934,3202
boot.us.txt,market/Data/Stocks,.txt,32974,766
iii.us.txt,market/Data/Stocks,.txt,123173,2699
cmre_c.us.txt,market/Data/Stocks,.txt,30248,682
arex.us.txt,market/Data/Stocks,.txt,107204,2522
gpre.us.txt,market/Data/Stocks,.txt,140725,2936
etw.us.txt,market/Data/Stocks,.txt,147452,3053
esgs.us.txt,market/Data/Stocks,.txt,7168,157
dgx.us.txt,market/Data/Stocks,.txt,257957,5253
tcfc.us.txt,market/Data/Stocks,.txt,36122,784
tgi.us.txt,market/Data/Stocks,.txt,155398,3202
sbh.us.txt,market/Data/Stocks,.txt,120710,2769
ohai.us.txt,market/Data/Stocks,.txt,153966,3202
scwx.us.txt,market/Data/Stocks,.txt,17241,395
akam.us.txt,market/Data/Stocks,.txt,144917,3202
bby.us.txt,market/Data/Stocks,.txt,413038,8212
ghl.us.txt,market/Data/Stocks,.txt,155277,3202
syke.us.txt,market/Data/Stocks,.txt,141509,3202
ugi.us.txt,market/Data/Stocks,.txt,156553,3202
flqd.us.txt,market/Data/Stocks,.txt,14592,319
jpih.us.txt,market/Data/Stocks,.txt,9705,211
oke.us.txt,market/Data/Stocks,.txt,157999,3202
rose.us.txt,market/Data/Stocks,.txt,12059,290
sohoo.us.txt,market/Data/Stocks,.txt,923,21
crh.us.txt,market/Data/Stocks,.txt,154416,3202
ahl_c.us.txt,market/Data/Stocks,.txt,141767,3009
jec.us.txt,market/Data/Stocks,.txt,156670,3202
twx.us.txt,market/Data/Stocks,.txt,323716,6456
hlne.us.txt,market/Data/Stocks,.txt,8480,180
nke.us.txt,market/Data/Stocks,.txt,382623,7621
kap.us.txt,market/Data/Stocks,.txt,52643,1135
pxlw.us.txt,market/Data/Stocks,.txt,129037,3202
tess.us.txt,market/Data/Stocks,.txt,151338,3197
flau.us.txt,market/Data/Stocks,.txt,209,5
nov.us.txt,market/Data/Stocks,.txt,158850,3202
alpn.us.txt,market/Data/Stocks,.txt,25336,609
oacqr.us.txt,market/Data/Stocks,.txt,7195,172
ticcl.us.txt,market/Data/Stocks,.txt,6600,146
sbgi.us.txt,market/Data/Stocks,.txt,155961,3202
logi.us.txt,market/Data/Stocks,.txt,88506,1820
pcty.us.txt,market/Data/Stocks,.txt,41032,923
tdw.us.txt,market/Data/Stocks,.txt,156672,3202
cet.us.txt,market/Data/Stocks,.txt,151483,3200
ds_c.us.txt,market/Data/Stocks,.txt,8055,184
bc.us.txt,market/Data/Stocks,.txt,439470,9043
msm.us.txt,market/Data/Stocks,.txt,155669,3202
amca.us.txt,market/Data/Stocks,.txt,1599,36
cic-ws.us.txt,market/Data/Stocks,.txt,885,22
see.us.txt,market/Data/Stocks,.txt,365948,7523
cag.us.txt,market/Data/Stocks,.txt,411333,8363
lbix.us.txt,market/Data/Stocks,.txt,119907,3085
itcb.us.txt,market/Data/Stocks,.txt,141899,3013
ddf.us.txt,market/Data/Stocks,.txt,151542,3202
lmrko.us.txt,market/Data/Stocks,.txt,13792,300
once.us.txt,market/Data/Stocks,.txt,31164,703
edf.us.txt,market/Data/Stocks,.txt,83025,1732
rosew.us.txt,market/Data/Stocks,.txt,14024,350
nxj.us.txt,market/Data/Stocks,.txt,150004,3196
auph.us.txt,market/Data/Stocks,.txt,31738,791
ntrsp.us.txt,market/Data/Stocks,.txt,38146,805
bbu.us.txt,market/Data/Stocks,.txt,16447,354
wlb.us.txt,market/Data/Stocks,.txt,134747,3202
psa_f.us.txt,market/Data/Stocks,.txt,5006,113
aker.us.txt,market/Data/Stocks,.txt,37957,957
ofg_a.us.txt,market/Data/Stocks,.txt,62499,1394
qvca.us.txt,market/Data/Stocks,.txt,140760,2903
flqh.us.txt,market/Data/Stocks,.txt,12794,280
msci.us.txt,market/Data/Stocks,.txt,122541,2517
mtl.us.txt,market/Data/Stocks,.txt,145150,3202
cbu.us.txt,market/Data/Stocks,.txt,154853,3202
nhld.us.txt,market/Data/Stocks,.txt,26140,659
adsk.us.txt,market/Data/Stocks,.txt,353750,8159
aq.us.txt,market/Data/Stocks,.txt,315,7
fls.us.txt,market/Data/Stocks,.txt,157813,3202
air.us.txt,market/Data/Stocks,.txt,155220,3202
bui.us.txt,market/Data/Stocks,.txt,71483,1501
hygs.us.txt,market/Data/Stocks,.txt,127811,3199
nubd.us.txt,market/Data/Stocks,.txt,925,20
chgx.us.txt,market/Data/Stocks,.txt,961,22
mjco.us.txt,market/Data/Stocks,.txt,23151,598
rgco.us.txt,market/Data/Stocks,.txt,128223,2764
cui.us.txt,market/Data/Stocks,.txt,109512,2911
hie.us.txt,market/Data/Stocks,.txt,35420,748
old.us.txt,market/Data/Stocks,.txt,15878,345
kblm.us.txt,market/Data/Stocks,.txt,1667,42
aset.us.txt,market/Data/Stocks,.txt,15234,332
buse.us.txt,market/Data/Stocks,.txt,151980,3201
lfgr.us.txt,market/Data/Stocks,.txt,74914,1711
jazz.us.txt,market/Data/Stocks,.txt,117739,2633
stt_e.us.txt,market/Data/Stocks,.txt,33168,743
twou.us.txt,market/Data/Stocks,.txt,40705,916
bak.us.txt,market/Data/Stocks,.txt,154118,3202
rei.us.txt,market/Data/Stocks,.txt,44953,1059
msa.us.txt,market/Data/Stocks,.txt,310427,6423
hyt.us.txt,market/Data/Stocks,.txt,155106,3202
jrs.us.txt,market/Data/Stocks,.txt,153146,3202
usg.us.txt,market/Data/Stocks,.txt,143616,3202
fbss.us.txt,market/Data/Stocks,.txt,106704,2326
qmom.us.txt,market/Data/Stocks,.txt,21385,468
uwt.us.txt,market/Data/Stocks,.txt,10744,233
swir.us.txt,market/Data/Stocks,.txt,137498,3202
casm.us.txt,market/Data/Stocks,.txt,119257,3076
mmac.us.txt,market/Data/Stocks,.txt,32851,777
esv.us.txt,market/Data/Stocks,.txt,158359,3202
clns.us.txt,market/Data/Stocks,.txt,41644,849
tsg.us.txt,market/Data/Stocks,.txt,26773,616
cyccp.us.txt,market/Data/Stocks,.txt,17461,391
jw-b.us.txt,market/Data/Stocks,.txt,54009,1180
cnet.us.txt,market/Data/Stocks,.txt,86318,2095
xny.us.txt,market/Data/Stocks,.txt,66177,1697
bpt.us.txt,market/Data/Stocks,.txt,155253,3202
sedg.us.txt,market/Data/Stocks,.txt,29294,666
lmnr.us.txt,market/Data/Stocks,.txt,121354,2578
nwhm.us.txt,market/Data/Stocks,.txt,41202,955
btg.us.txt,market/Data/Stocks,.txt,46603,1120
cpt.us.txt,market/Data/Stocks,.txt,156349,3202
hlx.us.txt,market/Data/Stocks,.txt,141416,3202
mfm.us.txt,market/Data/Stocks,.txt,153430,3202
issc.us.txt,market/Data/Stocks,.txt,142246,3187
ctg.us.txt,market/Data/Stocks,.txt,150088,3201
sp.us.txt,market/Data/Stocks,.txt,137333,3197
fmci.us.txt,market/Data/Stocks,.txt,4183,108
imax.us.txt,market/Data/Stocks,.txt,137686,3202
spe.us.txt,market/Data/Stocks,.txt,149877,3191
nept.us.txt,market/Data/Stocks,.txt,105996,2682
bgh.us.txt,market/Data/Stocks,.txt,60802,1270
ktp.us.txt,market/Data/Stocks,.txt,85323,1817
ehic.us.txt,market/Data/Stocks,.txt,32024,753
synt.us.txt,market/Data/Stocks,.txt,154176,3202
lub.us.txt,market/Data/Stocks,.txt,128406,3202
trgp.us.txt,market/Data/Stocks,.txt,85208,1744
chuy.us.txt,market/Data/Stocks,.txt,58781,1337
phm.us.txt,market/Data/Stocks,.txt,400962,8161
hbio.us.txt,market/Data/Stocks,.txt,142594,3202
msft.us.txt,market/Data/Stocks,.txt,409074,7984
prah.us.txt,market/Data/Stocks,.txt,33718,756
sgy.us.txt,market/Data/Stocks,.txt,156890,3202
dl.us.txt,market/Data/Stocks,.txt,107795,2297
jpc.us.txt,market/Data/Stocks,.txt,155085,3202
alo.us.txt,market/Data/Stocks,.txt,58767,1514
wyn.us.txt,market/Data/Stocks,.txt,140517,2851
arcw.us.txt,market/Data/Stocks,.txt,115022,2694
lfus.us.txt,market/Data/Stocks,.txt,154118,3202
uri.us.txt,market/Data/Stocks,.txt,144253,3202
evk.us.txt,market/Data/Stocks,.txt,103694,2760
sbbx.us.txt,market/Data/Stocks,.txt,117772,2546
pn.us.txt,market/Data/Stocks,.txt,30384,713
ssbi.us.txt,market/Data/Stocks,.txt,116581,2521
tri.us.txt,market/Data/Stocks,.txt,155420,3202
nyh.us.txt,market/Data/Stocks,.txt,143544,3140
qada.us.txt,market/Data/Stocks,.txt,81926,1737
gjp.us.txt,market/Data/Stocks,.txt,44480,968
kkr_b.us.txt,market/Data/Stocks,.txt,15616,349
slgn.us.txt,market/Data/Stocks,.txt,155747,3202
chscn.us.txt,market/Data/Stocks,.txt,43769,927
gnc.us.txt,market/Data/Stocks,.txt,80408,1665
frac.us.txt,market/Data/Stocks,.txt,9333,207
kwn.us.txt,market/Data/Stocks,.txt,50146,1080
iccc.us.txt,market/Data/Stocks,.txt,103618,2719
nycb_a.us.txt,market/Data/Stocks,.txt,7294,165
cnsf.us.txt,market/Data/Stocks,.txt,16082,366
rxdx.us.txt,market/Data/Stocks,.txt,38471,947
dd_b.us.txt,market/Data/Stocks,.txt,74044,1645
wern.us.txt,market/Data/Stocks,.txt,156292,3202
plpm.us.txt,market/Data/Stocks,.txt,49763,1236
ca.us.txt,market/Data/Stocks,.txt,413401,8367
mro.us.txt,market/Data/Stocks,.txt,595608,12074
ambc.us.txt,market/Data/Stocks,.txt,51013,1143
fsac.us.txt,market/Data/Stocks,.txt,1233,31
jwn.us.txt,market/Data/Stocks,.txt,389990,7904
tsq.us.txt,market/Data/Stocks,.txt,35473,835
crr.us.txt,market/Data/Stocks,.txt,152952,3202
ue.us.txt,market/Data/Stocks,.txt,34421,711
salt.us.txt,market/Data/Stocks,.txt,41575,988
clne.us.txt,market/Data/Stocks,.txt,113799,2638
mrsn.us.txt,market/Data/Stocks,.txt,4242,97
fmao.us.txt,market/Data/Stocks,.txt,30443,657
src.us.txt,market/Data/Stocks,.txt,63460,1296
cva.us.txt,market/Data/Stocks,.txt,156979,3202
rvp.us.txt,market/Data/Stocks,.txt,118970,3071
key.us.txt,market/Data/Stocks,.txt,372299,7564
rrc.us.txt,market/Data/Stocks,.txt,158147,3202
by.us.txt,market/Data/Stocks,.txt,4178,95
discb.us.txt,market/Data/Stocks,.txt,64391,1430
cen.us.txt,market/Data/Stocks,.txt,49668,1042
hyb.us.txt,market/Data/Stocks,.txt,152553,3202
sal.us.txt,market/Data/Stocks,.txt,121652,2639
ftai.us.txt,market/Data/Stocks,.txt,30137,631
elec.us.txt,market/Data/Stocks,.txt,11262,277
pre_i.us.txt,market/Data/Stocks,.txt,16830,385
imtb.us.txt,market/Data/Stocks,.txt,11310,245
ben.us.txt,market/Data/Stocks,.txt,413477,8363
tedu.us.txt,market/Data/Stocks,.txt,43534,912
nxp.us.txt,market/Data/Stocks,.txt,151505,3202
silc.us.txt,market/Data/Stocks,.txt,150846,3194
xlrn.us.txt,market/Data/Stocks,.txt,46384,1047
rmpl_.us.txt,market/Data/Stocks,.txt,561,13
bwxt.us.txt,market/Data/Stocks,.txt,28878,599
smrt.us.txt,market/Data/Stocks,.txt,153885,3202
rh.us.txt,market/Data/Stocks,.txt,56717,1267
mcf.us.txt,market/Data/Stocks,.txt,137902,3202
sun.us.txt,market/Data/Stocks,.txt,62594,1296
jbt.us.txt,market/Data/Stocks,.txt,112872,2346
mgu.us.txt,market/Data/Stocks,.txt,146680,3076
veacu.us.txt,market/Data/Stocks,.txt,4664,107
tnp_e.us.txt,market/Data/Stocks,.txt,6632,150
sov_c.us.txt,market/Data/Stocks,.txt,55971,1245
fihd.us.txt,market/Data/Stocks,.txt,20739,437
wair.us.txt,market/Data/Stocks,.txt,69449,1584
akrx.us.txt,market/Data/Stocks,.txt,135431,3201
etm.us.txt,market/Data/Stocks,.txt,153203,3202
nha.us.txt,market/Data/Stocks,.txt,19559,455
glop.us.txt,market/Data/Stocks,.txt,42788,889
run.us.txt,market/Data/Stocks,.txt,23767,575
mbcn.us.txt,market/Data/Stocks,.txt,23597,518
mtz.us.txt,market/Data/Stocks,.txt,140711,3202
cim_a.us.txt,market/Data/Stocks,.txt,12155,271
hdmv.us.txt,market/Data/Stocks,.txt,13884,299
vlt.us.txt,market/Data/Stocks,.txt,150373,3202
ag.us.txt,market/Data/Stocks,.txt,131423,3158
mlqd.us.txt,market/Data/Stocks,.txt,1604,36
sbr.us.txt,market/Data/Stocks,.txt,152215,3202
tgs.us.txt,market/Data/Stocks,.txt,149718,3198
hemv.us.txt,market/Data/Stocks,.txt,19702,445
bbc.us.txt,market/Data/Stocks,.txt,33424,730
ainc.us.txt,market/Data/Stocks,.txt,28105,684
pmf.us.txt,market/Data/Stocks,.txt,151878,3202
whg.us.txt,market/Data/Stocks,.txt,149598,3173
lpi.us.txt,market/Data/Stocks,.txt,66336,1486
rbs_s.us.txt,market/Data/Stocks,.txt,84382,1820
gd.us.txt,market/Data/Stocks,.txt,507962,10305
tap.us.txt,market/Data/Stocks,.txt,157602,3202
cw.us.txt,market/Data/Stocks,.txt,155098,3202
hxl.us.txt,market/Data/Stocks,.txt,156345,3202
aspn.us.txt,market/Data/Stocks,.txt,34298,862
kndi.us.txt,market/Data/Stocks,.txt,74396,1820
pke.us.txt,market/Data/Stocks,.txt,153436,3202
uec.us.txt,market/Data/Stocks,.txt,119595,2955
rnem.us.txt,market/Data/Stocks,.txt,2293,51
taxr.us.txt,market/Data/Stocks,.txt,839,19
onb.us.txt,market/Data/Stocks,.txt,155062,3202
mav.us.txt,market/Data/Stocks,.txt,151936,3202
px.us.txt,market/Data/Stocks,.txt,315082,6400
nsec.us.txt,market/Data/Stocks,.txt,97835,2130
accp.us.txt,market/Data/Stocks,.txt,0,0
tk.us.txt,market/Data/Stocks,.txt,155836,3202
ern.us.txt,market/Data/Stocks,.txt,116711,2632
afsi_c.us.txt,market/Data/Stocks,.txt,30033,678
evol.us.txt,market/Data/Stocks,.txt,149207,3201
lee.us.txt,market/Data/Stocks,.txt,131187,3202
scvl.us.txt,market/Data/Stocks,.txt,153307,3202
plse.us.txt,market/Data/Stocks,.txt,15718,373
fsbk.us.txt,market/Data/Stocks,.txt,146030,3132
nrcib.us.txt,market/Data/Stocks,.txt,46996,1015
vii.us.txt,market/Data/Stocks,.txt,132157,2922
lens.us.txt,market/Data/Stocks,.txt,25661,656
fix.us.txt,market/Data/Stocks,.txt,153954,3202
ccm.us.txt,market/Data/Stocks,.txt,91203,1992
jone.us.txt,market/Data/Stocks,.txt,51184,1087
snoa.us.txt,market/Data/Stocks,.txt,110315,2722
ktf.us.txt,market/Data/Stocks,.txt,153098,3202
ccmp.us.txt,market/Data/Stocks,.txt,154915,3202
frbk.us.txt,market/Data/Stocks,.txt,126495,3187
sgy-ws.us.txt,market/Data/Stocks,.txt,6731,172
alex.us.txt,market/Data/Stocks,.txt,155107,3202
efl.us.txt,market/Data/Stocks,.txt,3273,76
vive.us.txt,market/Data/Stocks,.txt,62989,1734
cpb.us.txt,market/Data/Stocks,.txt,400003,8160
scap.us.txt,market/Data/Stocks,.txt,8247,184
wu.us.txt,market/Data/Stocks,.txt,139264,2807
sand.us.txt,market/Data/Stocks,.txt,54384,1318
duc.us.txt,market/Data/Stocks,.txt,152889,3202
dish.us.txt,market/Data/Stocks,.txt,273817,5638
race.us.txt,market/Data/Stocks,.txt,25160,521
sf.us.txt,market/Data/Stocks,.txt,154854,3202
dwas.us.txt,market/Data/Stocks,.txt,63303,1335
ahpau.us.txt,market/Data/Stocks,.txt,7144,170
all_b.us.txt,market/Data/Stocks,.txt,70513,1526
nnn.us.txt,market/Data/Stocks,.txt,157096,3202
laz.us.txt,market/Data/Stocks,.txt,154249,3155
mdso.us.txt,market/Data/Stocks,.txt,94500,2113
arcm.us.txt,market/Data/Stocks,.txt,6136,149
agii.us.txt,market/Data/Stocks,.txt,153920,3202
fcvt.us.txt,market/Data/Stocks,.txt,17335,373
kirk.us.txt,market/Data/Stocks,.txt,150693,3201
xom.us.txt,market/Data/Stocks,.txt,602987,12075
mrrl.us.txt,market/Data/Stocks,.txt,22111,476
meso.us.txt,market/Data/Stocks,.txt,19857,493
trs.us.txt,market/Data/Stocks,.txt,113573,2643
mei.us.txt,market/Data/Stocks,.txt,154297,3202
tg.us.txt,market/Data/Stocks,.txt,153594,3202
pets.us.txt,market/Data/Stocks,.txt,154867,3202
nusa.us.txt,market/Data/Stocks,.txt,3843,87
pki.us.txt,market/Data/Stocks,.txt,424746,8727
supn.us.txt,market/Data/Stocks,.txt,59280,1395
bscr.us.txt,market/Data/Stocks,.txt,1198,26
gbli.us.txt,market/Data/Stocks,.txt,138066,3202
bdl.us.txt,market/Data/Stocks,.txt,107501,2356
pdco.us.txt,market/Data/Stocks,.txt,307784,6308
mpacw.us.txt,market/Data/Stocks,.txt,2347,60
usmf.us.txt,market/Data/Stocks,.txt,4262,95
wpxp.us.txt,market/Data/Stocks,.txt,27097,575
mvf.us.txt,market/Data/Stocks,.txt,153175,3202
hsni.us.txt,market/Data/Stocks,.txt,112978,2331
ksu_.us.txt,market/Data/Stocks,.txt,123466,2630
cdl.us.txt,market/Data/Stocks,.txt,25845,552
teo.us.txt,market/Data/Stocks,.txt,153055,3202
mxim.us.txt,market/Data/Stocks,.txt,344595,6964
uqm.us.txt,market/Data/Stocks,.txt,128403,3202
sbfgp.us.txt,market/Data/Stocks,.txt,7921,174
obor.us.txt,market/Data/Stocks,.txt,2017,46
apog.us.txt,market/Data/Stocks,.txt,154709,3202
stl.us.txt,market/Data/Stocks,.txt,153913,3202
icsh.us.txt,market/Data/Stocks,.txt,32281,703
wy.us.txt,market/Data/Stocks,.txt,506977,10305
ncbs.us.txt,market/Data/Stocks,.txt,18540,430
gtyh.us.txt,market/Data/Stocks,.txt,4147,107
cpn.us.txt,market/Data/Stocks,.txt,112058,2479
bbt_f.us.txt,market/Data/Stocks,.txt,58083,1268
omp.us.txt,market/Data/Stocks,.txt,1665,38
amrh.us.txt,market/Data/Stocks,.txt,0,0
adap.us.txt,market/Data/Stocks,.txt,26355,638
pld.us.txt,market/Data/Stocks,.txt,272680,5592
bgr.us.txt,market/Data/Stocks,.txt,154740,3202
cof-ws.us.txt,market/Data/Stocks,.txt,76113,1792
ebs.us.txt,market/Data/Stocks,.txt,121251,2768
mitt_b.us.txt,market/Data/Stocks,.txt,29715,679
gene.us.txt,market/Data/Stocks,.txt,107004,2728
rgc.us.txt,market/Data/Stocks,.txt,156529,3202
panw.us.txt,market/Data/Stocks,.txt,62838,1339
amag.us.txt,market/Data/Stocks,.txt,140115,3199
oasi.us.txt,market/Data/Stocks,.txt,24186,525
taho.us.txt,market/Data/Stocks,.txt,66959,1390
gcow.us.txt,market/Data/Stocks,.txt,20503,436
cbio.us.txt,market/Data/Stocks,.txt,132666,2917
blvd.us.txt,market/Data/Stocks,.txt,13023,331
cca.us.txt,market/Data/Stocks,.txt,146489,3182
mux.us.txt,market/Data/Stocks,.txt,156598,3197
fit.us.txt,market/Data/Stocks,.txt,26670,608
tbb.us.txt,market/Data/Stocks,.txt,268,6
sgc.us.txt,market/Data/Stocks,.txt,144298,3077
arql.us.txt,market/Data/Stocks,.txt,129138,3202
ryam_a.us.txt,market/Data/Stocks,.txt,12104,266
nuro.us.txt,market/Data/Stocks,.txt,64872,1538
res.us.txt,market/Data/Stocks,.txt,157208,3202
fsacw.us.txt,market/Data/Stocks,.txt,1053,27
oncs.us.txt,market/Data/Stocks,.txt,65095,1664
corr.us.txt,market/Data/Stocks,.txt,128194,2714
lgf-a.us.txt,market/Data/Stocks,.txt,10427,233
gsie.us.txt,market/Data/Stocks,.txt,24097,507
tda.us.txt,market/Data/Stocks,.txt,58993,1246
rave.us.txt,market/Data/Stocks,.txt,236820,5871
jri.us.txt,market/Data/Stocks,.txt,66389,1398
jsynu.us.txt,market/Data/Stocks,.txt,10245,236
cyhhz.us.txt,market/Data/Stocks,.txt,43531,956
ff.us.txt,market/Data/Stocks,.txt,79573,1673
shlo.us.txt,market/Data/Stocks,.txt,141042,3152
bwl-a.us.txt,market/Data/Stocks,.txt,49485,1081
rivr.us.txt,market/Data/Stocks,.txt,786,18
gs_j.us.txt,market/Data/Stocks,.txt,52501,1147
esl.us.txt,market/Data/Stocks,.txt,142139,3202
frsx.us.txt,market/Data/Stocks,.txt,4267,106
bmch.us.txt,market/Data/Stocks,.txt,46810,1075
jmpb.us.txt,market/Data/Stocks,.txt,53815,1157
uwn.us.txt,market/Data/Stocks,.txt,125671,3193
ntes.us.txt,market/Data/Stocks,.txt,156929,3202
twn.us.txt,market/Data/Stocks,.txt,147963,3186
brqs.us.txt,market/Data/Stocks,.txt,11095,272
dsl.us.txt,market/Data/Stocks,.txt,55703,1148
ndaq.us.txt,market/Data/Stocks,.txt,157464,3201
nakd.us.txt,market/Data/Stocks,.txt,19262,474
cvm.us.txt,market/Data/Stocks,.txt,123863,3202
ctib.us.txt,market/Data/Stocks,.txt,120428,2790
psdo.us.txt,market/Data/Stocks,.txt,7699,173
piy.us.txt,market/Data/Stocks,.txt,71625,1549
egn.us.txt,market/Data/Stocks,.txt,154139,3202
smed.us.txt,market/Data/Stocks,.txt,112434,2888
cbo.us.txt,market/Data/Stocks,.txt,1236,33
sfm.us.txt,market/Data/Stocks,.txt,48781,1081
agm-a.us.txt,market/Data/Stocks,.txt,57542,1247
sonc.us.txt,market/Data/Stocks,.txt,155815,3202
andau.us.txt,market/Data/Stocks,.txt,1402,33
epr.us.txt,market/Data/Stocks,.txt,155621,3202
tcbil.us.txt,market/Data/Stocks,.txt,58332,1249
kffb.us.txt,market/Data/Stocks,.txt,113312,2448
esge.us.txt,market/Data/Stocks,.txt,12766,281
mhla.us.txt,market/Data/Stocks,.txt,16701,357
pcsb.us.txt,market/Data/Stocks,.txt,6325,144
yin.us.txt,market/Data/Stocks,.txt,17938,392
time.us.txt,market/Data/Stocks,.txt,42146,865
prss.us.txt,market/Data/Stocks,.txt,56267,1416
azre.us.txt,market/Data/Stocks,.txt,11565,271
ttp.us.txt,market/Data/Stocks,.txt,72185,1519
vist.us.txt,market/Data/Stocks,.txt,0,0
amsf.us.txt,market/Data/Stocks,.txt,144036,3016
ohrp.us.txt,market/Data/Stocks,.txt,45355,1114
wfc_w.us.txt,market/Data/Stocks,.txt,20009,451
divy.us.txt,market/Data/Stocks,.txt,32876,725
xin.us.txt,market/Data/Stocks,.txt,120738,2499
tpc.us.txt,market/Data/Stocks,.txt,141872,3202
ufi.us.txt,market/Data/Stocks,.txt,134693,3202
efx.us.txt,market/Data/Stocks,.txt,367633,7567
gil.us.txt,market/Data/Stocks,.txt,156041,3202
nete.us.txt,market/Data/Stocks,.txt,45853,1281
ladr.us.txt,market/Data/Stocks,.txt,45798,951
pho.us.txt,market/Data/Stocks,.txt,144907,3005
nnn_f.us.txt,market/Data/Stocks,.txt,12098,274
zagg.us.txt,market/Data/Stocks,.txt,104749,2582
ardx.us.txt,market/Data/Stocks,.txt,36324,859
xcem.us.txt,market/Data/Stocks,.txt,17553,387
bte.us.txt,market/Data/Stocks,.txt,151243,3199
bont.us.txt,market/Data/Stocks,.txt,150765,3200
aaon.us.txt,market/Data/Stocks,.txt,154078,3202
bles.us.txt,market/Data/Stocks,.txt,8306,178
mfo.us.txt,market/Data/Stocks,.txt,64828,1386
stt.us.txt,market/Data/Stocks,.txt,389712,7903
nail.us.txt,market/Data/Stocks,.txt,21642,492
sr.us.txt,market/Data/Stocks,.txt,154370,3202
tctl.us.txt,market/Data/Stocks,.txt,11147,252
spg.us.txt,market/Data/Stocks,.txt,295137,6020
gjr.us.txt,market/Data/Stocks,.txt,41190,898
bfin.us.txt,market/Data/Stocks,.txt,147922,3120
chscl.us.txt,market/Data/Stocks,.txt,33615,709
supv.us.txt,market/Data/Stocks,.txt,18076,376
ddr_k.us.txt,market/Data/Stocks,.txt,51592,1145
ircp.us.txt,market/Data/Stocks,.txt,99387,2173
abtx.us.txt,market/Data/Stocks,.txt,22448,530
tlrd.us.txt,market/Data/Stocks,.txt,156448,3202
lpcn.us.txt,market/Data/Stocks,.txt,37532,915
fcap.us.txt,market/Data/Stocks,.txt,82116,1793
aos.us.txt,market/Data/Stocks,.txt,157468,3202
amba.us.txt,market/Data/Stocks,.txt,57193,1282
cc.us.txt,market/Data/Stocks,.txt,29371,599
pglc.us.txt,market/Data/Stocks,.txt,70435,1733
wbs_e.us.txt,market/Data/Stocks,.txt,55931,1237
efoi.us.txt,market/Data/Stocks,.txt,91736,2313
cara.us.txt,market/Data/Stocks,.txt,41224,955
rgen.us.txt,market/Data/Stocks,.txt,132324,3202
codx.us.txt,market/Data/Stocks,.txt,3534,88
spil.us.txt,market/Data/Stocks,.txt,156627,3201
giga.us.txt,market/Data/Stocks,.txt,121076,3071
mdwd.us.txt,market/Data/Stocks,.txt,36347,922
abcd.us.txt,market/Data/Stocks,.txt,77804,1971
evi.us.txt,market/Data/Stocks,.txt,130786,2821
mab.us.txt,market/Data/Stocks,.txt,133201,2893
ssy.us.txt,market/Data/Stocks,.txt,113417,2943
else.us.txt,market/Data/Stocks,.txt,113356,2573
ovbc.us.txt,market/Data/Stocks,.txt,110954,2399
smtc.us.txt,market/Data/Stocks,.txt,142439,3202
mini.us.txt,market/Data/Stocks,.txt,154939,3202
rore.us.txt,market/Data/Stocks,.txt,9113,197
osle.us.txt,market/Data/Stocks,.txt,58728,1255
trk.us.txt,market/Data/Stocks,.txt,152788,3202
swj.us.txt,market/Data/Stocks,.txt,63715,1335
pphmp.us.txt,market/Data/Stocks,.txt,42715,920
rqi.us.txt,market/Data/Stocks,.txt,153898,3202
chci.us.txt,market/Data/Stocks,.txt,129427,3172
kfs.us.txt,market/Data/Stocks,.txt,125819,3184
pzn.us.txt,market/Data/Stocks,.txt,120342,2532
catb.us.txt,market/Data/Stocks,.txt,24500,603
gprk.us.txt,market/Data/Stocks,.txt,37031,946
ety.us.txt,market/Data/Stocks,.txt,133801,2760
rely.us.txt,market/Data/Stocks,.txt,25898,649
cuk.us.txt,market/Data/Stocks,.txt,154367,3202
hig.us.txt,market/Data/Stocks,.txt,272060,5515
mbtf.us.txt,market/Data/Stocks,.txt,150688,3187
mcr.us.txt,market/Data/Stocks,.txt,154807,3202
dty.us.txt,market/Data/Stocks,.txt,10707,233
mga.us.txt,market/Data/Stocks,.txt,157909,3202
wfc_o.us.txt,market/Data/Stocks,.txt,57427,1254
diva.us.txt,market/Data/Stocks,.txt,7875,171
sgyp.us.txt,market/Data/Stocks,.txt,60520,1475
bbw.us.txt,market/Data/Stocks,.txt,133189,3202
geos.us.txt,market/Data/Stocks,.txt,142466,3198
hbhc.us.txt,market/Data/Stocks,.txt,154952,3202
psa_d.us.txt,market/Data/Stocks,.txt,14783,332
glq.us.txt,market/Data/Stocks,.txt,150107,3161
two_a.us.txt,market/Data/Stocks,.txt,7452,168
bac_l.us.txt,market/Data/Stocks,.txt,86254,1820
dare.us.txt,market/Data/Stocks,.txt,35287,906
unvr.us.txt,market/Data/Stocks,.txt,27104,608
hchc.us.txt,market/Data/Stocks,.txt,94733,2076
ffiu.us.txt,market/Data/Stocks,.txt,1521,35
mtn.us.txt,market/Data/Stocks,.txt,155263,3202
fhb.us.txt,market/Data/Stocks,.txt,15459,323
amc.us.txt,market/Data/Stocks,.txt,47678,984
cof_c.us.txt,market/Data/Stocks,.txt,38680,860
hclp.us.txt,market/Data/Stocks,.txt,64087,1320
ebtc.us.txt,market/Data/Stocks,.txt,135018,2900
drys.us.txt,market/Data/Stocks,.txt,201523,3201
ncty.us.txt,market/Data/Stocks,.txt,130887,3195
srce.us.txt,market/Data/Stocks,.txt,152351,3202
nee_h-cl.us.txt,market/Data/Stocks,.txt,872,20
kem.us.txt,market/Data/Stocks,.txt,133787,3202
bold.us.txt,market/Data/Stocks,.txt,14732,334
crf.us.txt,market/Data/Stocks,.txt,151525,3202
tse.us.txt,market/Data/Stocks,.txt,41757,864
cvu.us.txt,market/Data/Stocks,.txt,125929,3179
ftva.us.txt,market/Data/Stocks,.txt,395,9
arr_b.us.txt,market/Data/Stocks,.txt,54322,1198
dst.us.txt,market/Data/Stocks,.txt,156168,3202
myov.us.txt,market/Data/Stocks,.txt,11572,264
stl_a.us.txt,market/Data/Stocks,.txt,1317,30
alco.us.txt,market/Data/Stocks,.txt,150637,3201
stt_g.us.txt,market/Data/Stocks,.txt,17733,401
grmn.us.txt,market/Data/Stocks,.txt,209401,4256
vly_a.us.txt,market/Data/Stocks,.txt,25822,596
twow.us.txt,market/Data/Stocks,.txt,380,9
jhms.us.txt,market/Data/Stocks,.txt,8806,194
gbil.us.txt,market/Data/Stocks,.txt,11154,254
ppln.us.txt,market/Data/Stocks,.txt,3633,79
tdy.us.txt,market/Data/Stocks,.txt,143383,3202
bpmp.us.txt,market/Data/Stocks,.txt,569,13
attu.us.txt,market/Data/Stocks,.txt,54046,1334
lnth.us.txt,market/Data/Stocks,.txt,24608,603
cez.us.txt,market/Data/Stocks,.txt,16662,362
cai.us.txt,market/Data/Stocks,.txt,112770,2644
qnst.us.txt,market/Data/Stocks,.txt,80200,1954
tcx.us.txt,market/Data/Stocks,.txt,127504,3199
nw_c-cl.us.txt,market/Data/Stocks,.txt,1700,39
mgic.us.txt,market/Data/Stocks,.txt,152073,3200
ixys.us.txt,market/Data/Stocks,.txt,151191,3202
jqc.us.txt,market/Data/Stocks,.txt,155304,3202
mtb.us.txt,market/Data/Stocks,.txt,318298,6578
fhn.us.txt,market/Data/Stocks,.txt,340522,6962
el.us.txt,market/Data/Stocks,.txt,158445,3202
avxs.us.txt,market/Data/Stocks,.txt,19827,444
govni.us.txt,market/Data/Stocks,.txt,16015,346
dci.us.txt,market/Data/Stocks,.txt,155733,3202
akao.us.txt,market/Data/Stocks,.txt,39023,928
amswa.us.txt,market/Data/Stocks,.txt,152699,3202
pdex.us.txt,market/Data/Stocks,.txt,118969,3070
sbsi.us.txt,market/Data/Stocks,.txt,152070,3202
wll.us.txt,market/Data/Stocks,.txt,146824,3202
pim.us.txt,market/Data/Stocks,.txt,155548,3202
hwbk.us.txt,market/Data/Stocks,.txt,117938,2554
wttr.us.txt,market/Data/Stocks,.txt,6369,144
rp.us.txt,market/Data/Stocks,.txt,80706,1828
fmbi.us.txt,market/Data/Stocks,.txt,155138,3202
ttd.us.txt,market/Data/Stocks,.txt,12952,290
vc.us.txt,market/Data/Stocks,.txt,86070,1791
mgm.us.txt,market/Data/Stocks,.txt,159219,3202
jbl.us.txt,market/Data/Stocks,.txt,304243,6171
egif.us.txt,market/Data/Stocks,.txt,28725,607
kemq.us.txt,market/Data/Stocks,.txt,903,21
etfc.us.txt,market/Data/Stocks,.txt,230952,5338
pdvw.us.txt,market/Data/Stocks,.txt,29837,702
bcrh.us.txt,market/Data/Stocks,.txt,47951,1013
abax.us.txt,market/Data/Stocks,.txt,154452,3202
frta.us.txt,market/Data/Stocks,.txt,11586,269
ht_c.us.txt,market/Data/Stocks,.txt,37311,838
keys.us.txt,market/Data/Stocks,.txt,34010,762
cev.us.txt,market/Data/Stocks,.txt,150095,3202
ba.us.txt,market/Data/Stocks,.txt,600366,12075
ebsb.us.txt,market/Data/Stocks,.txt,117955,2471
cae.us.txt,market/Data/Stocks,.txt,151192,3202
ddd.us.txt,market/Data/Stocks,.txt,74507,1628
amgp.us.txt,market/Data/Stocks,.txt,6536,135
bbby.us.txt,market/Data/Stocks,.txt,316797,6407
fr.us.txt,market/Data/Stocks,.txt,155963,3202
nghcp.us.txt,market/Data/Stocks,.txt,37800,813
mtex.us.txt,market/Data/Stocks,.txt,148552,3172
edd.us.txt,market/Data/Stocks,.txt,127247,2661
roseu.us.txt,market/Data/Stocks,.txt,7209,169
wor.us.txt,market/Data/Stocks,.txt,337397,6961
aht_g.us.txt,market/Data/Stocks,.txt,11900,267
cxse.us.txt,market/Data/Stocks,.txt,50070,1082
reg.us.txt,market/Data/Stocks,.txt,156117,3202
rosg.us.txt,market/Data/Stocks,.txt,65992,1580
mgyr.us.txt,market/Data/Stocks,.txt,74905,1920
sohom.us.txt,market/Data/Stocks,.txt,21078,460
elvt.us.txt,market/Data/Stocks,.txt,6225,154
tsi.us.txt,market/Data/Stocks,.txt,153821,3202
dsx.us.txt,market/Data/Stocks,.txt,137247,3188
tayd.us.txt,market/Data/Stocks,.txt,121918,3084
nkg.us.txt,market/Data/Stocks,.txt,145448,3158
inf.us.txt,market/Data/Stocks,.txt,74413,1563
kar.us.txt,market/Data/Stocks,.txt,97045,1995
ogcp.us.txt,market/Data/Stocks,.txt,35424,767
orit.us.txt,market/Data/Stocks,.txt,131208,2722
srci.us.txt,market/Data/Stocks,.txt,66175,1585
dota.us.txt,market/Data/Stocks,.txt,731,18
casc.us.txt,market/Data/Stocks,.txt,144607,3202
wm.us.txt,market/Data/Stocks,.txt,158519,3202
mfc.us.txt,market/Data/Stocks,.txt,157557,3202
vrns.us.txt,market/Data/Stocks,.txt,40902,936
stx.us.txt,market/Data/Stocks,.txt,159610,3202
denn.us.txt,market/Data/Stocks,.txt,132554,3202
gasx.us.txt,market/Data/Stocks,.txt,21535,490
flgt.us.txt,market/Data/Stocks,.txt,11659,284
lfc.us.txt,market/Data/Stocks,.txt,156729,3200
pcrx.us.txt,market/Data/Stocks,.txt,74530,1704
ty_.us.txt,market/Data/Stocks,.txt,118006,2541
jakk.us.txt,market/Data/Stocks,.txt,146020,3202
bti.us.txt,market/Data/Stocks,.txt,155532,3202
atvi.us.txt,market/Data/Stocks,.txt,158860,3202
scd.us.txt,market/Data/Stocks,.txt,152898,3202
qumu.us.txt,market/Data/Stocks,.txt,142873,3199
fms.us.txt,market/Data/Stocks,.txt,154086,3202
qhc.us.txt,market/Data/Stocks,.txt,16023,389
zto.us.txt,market/Data/Stocks,.txt,11962,264
jpm.us.txt,market/Data/Stocks,.txt,596237,12075
ccu.us.txt,market/Data/Stocks,.txt,153093,3202
db.us.txt,market/Data/Stocks,.txt,156935,3202
bmrc.us.txt,market/Data/Stocks,.txt,148107,3154
bpopm.us.txt,market/Data/Stocks,.txt,71179,1534
gms.us.txt,market/Data/Stocks,.txt,16497,371
msbi.us.txt,market/Data/Stocks,.txt,17531,373
banfp.us.txt,market/Data/Stocks,.txt,40816,887
eft.us.txt,market/Data/Stocks,.txt,154148,3202
wmb.us.txt,market/Data/Stocks,.txt,446913,9041
man.us.txt,market/Data/Stocks,.txt,156346,3202
cndt.us.txt,market/Data/Stocks,.txt,9929,218
amh_c.us.txt,market/Data/Stocks,.txt,36889,837
ts.us.txt,market/Data/Stocks,.txt,157811,3202
mnkd.us.txt,market/Data/Stocks,.txt,134616,3201
cyad.us.txt,market/Data/Stocks,.txt,22868,548
opgn.us.txt,market/Data/Stocks,.txt,26230,635
urg.us.txt,market/Data/Stocks,.txt,121225,2963
gigm.us.txt,market/Data/Stocks,.txt,127681,3202
esea.us.txt,market/Data/Stocks,.txt,122701,2797
mcri.us.txt,market/Data/Stocks,.txt,136982,3202
chef.us.txt,market/Data/Stocks,.txt,69161,1584
turn.us.txt,market/Data/Stocks,.txt,130590,3202
bsd.us.txt,market/Data/Stocks,.txt,150525,3202
ifix.us.txt,market/Data/Stocks,.txt,11230,256
aste.us.txt,market/Data/Stocks,.txt,154284,3202
fanh.us.txt,market/Data/Stocks,.txt,120611,2528
gtim.us.txt,market/Data/Stocks,.txt,105413,2696
pbbi.us.txt,market/Data/Stocks,.txt,20206,438
civi.us.txt,market/Data/Stocks,.txt,34281,797
ifmk.us.txt,market/Data/Stocks,.txt,8112,186
enor.us.txt,market/Data/Stocks,.txt,62277,1334
bebe.us.txt,market/Data/Stocks,.txt,146691,3201
fsam.us.txt,market/Data/Stocks,.txt,35820,761
plpc.us.txt,market/Data/Stocks,.txt,146773,3146
co.us.txt,market/Data/Stocks,.txt,88942,2256
kss.us.txt,market/Data/Stocks,.txt,316728,6419
nbrv.us.txt,market/Data/Stocks,.txt,21993,542
rdi.us.txt,market/Data/Stocks,.txt,123488,3102
bdx.us.txt,market/Data/Stocks,.txt,427932,8726
ftv.us.txt,market/Data/Stocks,.txt,16802,344
ivr_c.us.txt,market/Data/Stocks,.txt,2648,60
frc_c.us.txt,market/Data/Stocks,.txt,56679,1249
wbii.us.txt,market/Data/Stocks,.txt,38175,809
rmti.us.txt,market/Data/Stocks,.txt,129260,3201
mli.us.txt,market/Data/Stocks,.txt,155114,3202
linc.us.txt,market/Data/Stocks,.txt,143283,3121
nm_g.us.txt,market/Data/Stocks,.txt,40180,939
ibo.us.txt,market/Data/Stocks,.txt,929,22
rza.us.txt,market/Data/Stocks,.txt,62132,1314
stlrw.us.txt,market/Data/Stocks,.txt,6188,150
oran.us.txt,market/Data/Stocks,.txt,155682,3202
nwbi.us.txt,market/Data/Stocks,.txt,155345,3202
c_p.us.txt,market/Data/Stocks,.txt,80775,1772
nh.us.txt,market/Data/Stocks,.txt,15412,367
chekw.us.txt,market/Data/Stocks,.txt,13056,334
abx.us.txt,market/Data/Stocks,.txt,407512,8256
hscz.us.txt,market/Data/Stocks,.txt,18613,405
nmih.us.txt,market/Data/Stocks,.txt,42016,1011
inst.us.txt,market/Data/Stocks,.txt,21769,504
csgs.us.txt,market/Data/Stocks,.txt,155123,3202
pbi.us.txt,market/Data/Stocks,.txt,443198,9045
trmt.us.txt,market/Data/Stocks,.txt,1864,43
spwh.us.txt,market/Data/Stocks,.txt,37819,902
snes.us.txt,market/Data/Stocks,.txt,9373,235
stag_b.us.txt,market/Data/Stocks,.txt,26944,621
ceva.us.txt,market/Data/Stocks,.txt,135024,3202
heb.us.txt,market/Data/Stocks,.txt,129227,3202
stml.us.txt,market/Data/Stocks,.txt,51046,1208
odp.us.txt,market/Data/Stocks,.txt,343544,6963
ari.us.txt,market/Data/Stocks,.txt,99319,2050
low.us.txt,market/Data/Stocks,.txt,406317,8159
sypr.us.txt,market/Data/Stocks,.txt,146155,3196
ndp.us.txt,market/Data/Stocks,.txt,63449,1334
bntc.us.txt,market/Data/Stocks,.txt,31851,784
dks.us.txt,market/Data/Stocks,.txt,157930,3202
too_a.us.txt,market/Data/Stocks,.txt,51601,1144
pbhc.us.txt,market/Data/Stocks,.txt,72585,1581
snc.us.txt,market/Data/Stocks,.txt,35699,758
ped.us.txt,market/Data/Stocks,.txt,39873,1053
fisi.us.txt,market/Data/Stocks,.txt,151506,3201
cmre.us.txt,market/Data/Stocks,.txt,84912,1766
mson.us.txt,market/Data/Stocks,.txt,122689,3134
nsl.us.txt,market/Data/Stocks,.txt,154317,3202
allt.us.txt,market/Data/Stocks,.txt,113784,2763
acv.us.txt,market/Data/Stocks,.txt,29812,626
clb.us.txt,market/Data/Stocks,.txt,155500,3202
vesh.us.txt,market/Data/Stocks,.txt,1354,31
isp-cl.us.txt,market/Data/Stocks,.txt,1007,23
ello.us.txt,market/Data/Stocks,.txt,46916,1061
b.us.txt,market/Data/Stocks,.txt,155198,3202
fcnca.us.txt,market/Data/Stocks,.txt,150525,3200
nuo.us.txt,market/Data/Stocks,.txt,150381,3199
pcg.us.txt,market/Data/Stocks,.txt,468444,9551
rrts.us.txt,market/Data/Stocks,.txt,81805,1891
cor_a.us.txt,market/Data/Stocks,.txt,50810,1134
emp.us.txt,market/Data/Stocks,.txt,13594,292
llex.us.txt,market/Data/Stocks,.txt,6462,160
saex.us.txt,market/Data/Stocks,.txt,51652,1184
entg.us.txt,market/Data/Stocks,.txt,155470,3202
avav.us.txt,market/Data/Stocks,.txt,120117,2724
hca.us.txt,market/Data/Stocks,.txt,76115,1680
usrt.us.txt,market/Data/Stocks,.txt,123290,2630
pfsi.us.txt,market/Data/Stocks,.txt,53290,1139
wtid.us.txt,market/Data/Stocks,.txt,9411,214
igr.us.txt,market/Data/Stocks,.txt,154960,3202
evgn.us.txt,market/Data/Stocks,.txt,42137,1058
voxx.us.txt,market/Data/Stocks,.txt,131861,3202
kamn.us.txt,market/Data/Stocks,.txt,153902,3202
dnn.us.txt,market/Data/Stocks,.txt,132256,3192
mye.us.txt,market/Data/Stocks,.txt,153878,3202
hk.us.txt,market/Data/Stocks,.txt,77405,1641
nxeo.us.txt,market/Data/Stocks,.txt,33300,814
wex.us.txt,market/Data/Stocks,.txt,143937,3202
mtor.us.txt,market/Data/Stocks,.txt,72120,1668
fbnk.us.txt,market/Data/Stocks,.txt,75858,1603
dxlg.us.txt,market/Data/Stocks,.txt,129356,3202
maa_i.us.txt,market/Data/Stocks,.txt,4337,110
asg.us.txt,market/Data/Stocks,.txt,153033,3202
crvl.us.txt,market/Data/Stocks,.txt,142279,3202
kref.us.txt,market/Data/Stocks,.txt,6276,134
loma.us.txt,market/Data/Stocks,.txt,395,9
lvnta.us.txt,market/Data/Stocks,.txt,63194,1321
htf-cl.us.txt,market/Data/Stocks,.txt,781,18
wrd.us.txt,market/Data/Stocks,.txt,10292,231
induu.us.txt,market/Data/Stocks,.txt,2787,63
ccrn.us.txt,market/Data/Stocks,.txt,135755,3202
hewu.us.txt,market/Data/Stocks,.txt,22579,487
inbk.us.txt,market/Data/Stocks,.txt,55854,1189
basi.us.txt,market/Data/Stocks,.txt,113861,2945
gut.us.txt,market/Data/Stocks,.txt,153112,3202
colb.us.txt,market/Data/Stocks,.txt,154678,3202
deef.us.txt,market/Data/Stocks,.txt,13416,291
holx.us.txt,market/Data/Stocks,.txt,144830,3202
mnga.us.txt,market/Data/Stocks,.txt,50841,1320
hcm.us.txt,market/Data/Stocks,.txt,18119,420
apu.us.txt,market/Data/Stocks,.txt,154558,3202
fut.us.txt,market/Data/Stocks,.txt,18024,419
tcf_d.us.txt,market/Data/Stocks,.txt,1843,41
inve.us.txt,market/Data/Stocks,.txt,119167,3125
eio.us.txt,market/Data/Stocks,.txt,141584,3071
rnmc.us.txt,market/Data/Stocks,.txt,3039,68
bcor.us.txt,market/Data/Stocks,.txt,136069,3202
ipb.us.txt,market/Data/Stocks,.txt,58461,1272
lake.us.txt,market/Data/Stocks,.txt,129241,3179
pck.us.txt,market/Data/Stocks,.txt,151528,3202
nqp.us.txt,market/Data/Stocks,.txt,150871,3202
mdlq.us.txt,market/Data/Stocks,.txt,9166,203
lgnd.us.txt,market/Data/Stocks,.txt,141425,3203
hain.us.txt,market/Data/Stocks,.txt,146651,3202
agi.us.txt,market/Data/Stocks,.txt,58274,1198
diod.us.txt,market/Data/Stocks,.txt,141713,3202
snps.us.txt,market/Data/Stocks,.txt,287408,6477
reem.us.txt,market/Data/Stocks,.txt,3739,83
hewy.us.txt,market/Data/Stocks,.txt,9976,218
mpvd.us.txt,market/Data/Stocks,.txt,124067,3196
acls.us.txt,market/Data/Stocks,.txt,133062,3202
bcs_d.us.txt,market/Data/Stocks,.txt,84912,1820
awx.us.txt,market/Data/Stocks,.txt,111144,2905
adma.us.txt,market/Data/Stocks,.txt,30208,756
fpi_b.us.txt,market/Data/Stocks,.txt,2657,61
psmc.us.txt,market/Data/Stocks,.txt,7574,174
ulta.us.txt,market/Data/Stocks,.txt,115397,2532
eqrr.us.txt,market/Data/Stocks,.txt,2362,53
enb.us.txt,market/Data/Stocks,.txt,156316,3202
dspg.us.txt,market/Data/Stocks,.txt,132417,3202
orn.us.txt,market/Data/Stocks,.txt,104396,2492
dnb.us.txt,market/Data/Stocks,.txt,155409,3202
clwt.us.txt,market/Data/Stocks,.txt,119688,2891
vet.us.txt,market/Data/Stocks,.txt,56344,1180
myi.us.txt,market/Data/Stocks,.txt,152947,3202
sogo.us.txt,market/Data/Stocks,.txt,127,3
cptal.us.txt,market/Data/Stocks,.txt,5346,120
cop.us.txt,market/Data/Stocks,.txt,449550,9042
arnc_b.us.txt,market/Data/Stocks,.txt,10163,230
apri.us.txt,market/Data/Stocks,.txt,123419,3203
cali.us.txt,market/Data/Stocks,.txt,90188,2251
inwk.us.txt,market/Data/Stocks,.txt,118542,2832
anda.us.txt,market/Data/Stocks,.txt,3553,86
dlr.us.txt,market/Data/Stocks,.txt,157431,3202
fcf.us.txt,market/Data/Stocks,.txt,154830,3202
afg.us.txt,market/Data/Stocks,.txt,155613,3202
nxeou.us.txt,market/Data/Stocks,.txt,29636,706
abt.us.txt,market/Data/Stocks,.txt,435261,8727
hql.us.txt,market/Data/Stocks,.txt,153034,3202
dest.us.txt,market/Data/Stocks,.txt,149139,3199
recn.us.txt,market/Data/Stocks,.txt,154664,3202
wpx.us.txt,market/Data/Stocks,.txt,66145,1475
gpi.us.txt,market/Data/Stocks,.txt,155308,3202
obas.us.txt,market/Data/Stocks,.txt,89428,2376
rwlk.us.txt,market/Data/Stocks,.txt,32547,800
goog.us.txt,market/Data/Stocks,.txt,44504,917
wbie.us.txt,market/Data/Stocks,.txt,37836,809
egbn.us.txt,market/Data/Stocks,.txt,142140,3132
veev.us.txt,market/Data/Stocks,.txt,46067,1028
snhni.us.txt,market/Data/Stocks,.txt,15839,345
tcf-ws.us.txt,market/Data/Stocks,.txt,3505,90
fpi.us.txt,market/Data/Stocks,.txt,42374,906
intu.us.txt,market/Data/Stocks,.txt,307359,6209
nws.us.txt,market/Data/Stocks,.txt,53876,1108
irr.us.txt,market/Data/Stocks,.txt,134028,2783
sppi.us.txt,market/Data/Stocks,.txt,146411,3202
snbr.us.txt,market/Data/Stocks,.txt,139806,3202
ottr.us.txt,market/Data/Stocks,.txt,153794,3202
klac.us.txt,market/Data/Stocks,.txt,344251,6963
amlx.us.txt,market/Data/Stocks,.txt,5179,115
smmf.us.txt,market/Data/Stocks,.txt,133485,2883
aey.us.txt,market/Data/Stocks,.txt,123162,3145
unit.us.txt,market/Data/Stocks,.txt,31586,645
exp.us.txt,market/Data/Stocks,.txt,156057,3202
pvg.us.txt,market/Data/Stocks,.txt,61607,1469
athm.us.txt,market/Data/Stocks,.txt,43777,989
asml.us.txt,market/Data/Stocks,.txt,157826,3202
sbnyw.us.txt,market/Data/Stocks,.txt,757,18
byfc.us.txt,market/Data/Stocks,.txt,80798,2079
zayo.us.txt,market/Data/Stocks,.txt,34925,775
usph.us.txt,market/Data/Stocks,.txt,152305,3202
are.us.txt,market/Data/Stocks,.txt,155749,3202
bkmu.us.txt,market/Data/Stocks,.txt,152876,3202
zf.us.txt,market/Data/Stocks,.txt,152142,3202
afgh.us.txt,market/Data/Stocks,.txt,23602,500
oilx.us.txt,market/Data/Stocks,.txt,1766,41
enz.us.txt,market/Data/Stocks,.txt,131874,3202
inn_b.us.txt,market/Data/Stocks,.txt,52377,1158
uuuu-ws.us.txt,market/Data/Stocks,.txt,2770,69
isd.us.txt,market/Data/Stocks,.txt,67574,1398
boh.us.txt,market/Data/Stocks,.txt,155482,3202
fpei.us.txt,market/Data/Stocks,.txt,2647,57
sce_c.us.txt,market/Data/Stocks,.txt,63186,1407
ktwo.us.txt,market/Data/Stocks,.txt,39283,887
next.us.txt,market/Data/Stocks,.txt,8138,189
anfi.us.txt,market/Data/Stocks,.txt,53163,1282
tjx.us.txt,market/Data/Stocks,.txt,374030,7524
rtrx.us.txt,market/Data/Stocks,.txt,55258,1305
kins.us.txt,market/Data/Stocks,.txt,110650,2372
smlp.us.txt,market/Data/Stocks,.txt,62161,1290
fsnn.us.txt,market/Data/Stocks,.txt,34268,856
ll.us.txt,market/Data/Stocks,.txt,111806,2521
tnk.us.txt,market/Data/Stocks,.txt,121663,2498
plym_a.us.txt,market/Data/Stocks,.txt,538,12
lpla.us.txt,market/Data/Stocks,.txt,85559,1756
dyls.us.txt,market/Data/Stocks,.txt,21745,475
pcg_i.us.txt,market/Data/Stocks,.txt,33751,760
dyn-ws-a.us.txt,market/Data/Stocks,.txt,6251,151
tlnd.us.txt,market/Data/Stocks,.txt,14409,327
kcap.us.txt,market/Data/Stocks,.txt,133199,2750
arlz.us.txt,market/Data/Stocks,.txt,147553,3202
psb.us.txt,market/Data/Stocks,.txt,153773,3202
gra.us.txt,market/Data/Stocks,.txt,155368,3202
bobe.us.txt,market/Data/Stocks,.txt,155232,3202
sxe.us.txt,market/Data/Stocks,.txt,57103,1267
fra.us.txt,market/Data/Stocks,.txt,153164,3202
cldc.us.txt,market/Data/Stocks,.txt,20998,470
vvc.us.txt,market/Data/Stocks,.txt,155356,3202
rvnc.us.txt,market/Data/Stocks,.txt,41592,951
wba.us.txt,market/Data/Stocks,.txt,404007,8158
v.us.txt,market/Data/Stocks,.txt,122132,2433
rht.us.txt,market/Data/Stocks,.txt,144979,3202
bhe.us.txt,market/Data/Stocks,.txt,141759,3202
iti.us.txt,market/Data/Stocks,.txt,126066,3201
emd.us.txt,market/Data/Stocks,.txt,153858,3202
hlth.us.txt,market/Data/Stocks,.txt,25903,650
ibkc.us.txt,market/Data/Stocks,.txt,154085,3202
jpm_f.us.txt,market/Data/Stocks,.txt,30525,687
mosc-u.us.txt,market/Data/Stocks,.txt,689,16
tour.us.txt,market/Data/Stocks,.txt,37672,887
fsic.us.txt,market/Data/Stocks,.txt,43647,903
ffc.us.txt,market/Data/Stocks,.txt,154339,3202
tif.us.txt,market/Data/Stocks,.txt,369068,7528
slg.us.txt,market/Data/Stocks,.txt,156191,3202
bwen.us.txt,market/Data/Stocks,.txt,116755,3020
che.us.txt,market/Data/Stocks,.txt,154666,3202
meli.us.txt,market/Data/Stocks,.txt,125865,2585
jpse.us.txt,market/Data/Stocks,.txt,10394,232
or.us.txt,market/Data/Stocks,.txt,16378,343
fbp.us.txt,market/Data/Stocks,.txt,135076,3202
rubi.us.txt,market/Data/Stocks,.txt,39252,913
vsec.us.txt,market/Data/Stocks,.txt,151590,3194
arkw.us.txt,market/Data/Stocks,.txt,35322,778
tco_k.us.txt,market/Data/Stocks,.txt,51527,1150
jhsc.us.txt,market/Data/Stocks,.txt,88,2
nulg.us.txt,market/Data/Stocks,.txt,9607,221
mms.us.txt,market/Data/Stocks,.txt,155305,3202
cnhi.us.txt,market/Data/Stocks,.txt,50334,1040
ful.us.txt,market/Data/Stocks,.txt,155595,3202
vale.us.txt,market/Data/Stocks,.txt,160595,3202
mfinl.us.txt,market/Data/Stocks,.txt,16880,364
tpre.us.txt,market/Data/Stocks,.txt,47119,1071
tndm.us.txt,market/Data/Stocks,.txt,41059,1007
csse.us.txt,market/Data/Stocks,.txt,2458,61
anth.us.txt,market/Data/Stocks,.txt,84271,1943
aggp.us.txt,market/Data/Stocks,.txt,17891,382
iae.us.txt,market/Data/Stocks,.txt,126230,2679
moc.us.txt,market/Data/Stocks,.txt,116854,3040
dx_a.us.txt,market/Data/Stocks,.txt,57665,1279
adhd.us.txt,market/Data/Stocks,.txt,46515,1130
hae.us.txt,market/Data/Stocks,.txt,146322,3202
lkfn.us.txt,market/Data/Stocks,.txt,152455,3202
syk.us.txt,market/Data/Stocks,.txt,369663,7505
mpwr.us.txt,market/Data/Stocks,.txt,155385,3202
nhldw.us.txt,market/Data/Stocks,.txt,3954,95
slim.us.txt,market/Data/Stocks,.txt,8618,188
gds.us.txt,market/Data/Stocks,.txt,10637,260
ctek.us.txt,market/Data/Stocks,.txt,7585,190
pep.us.txt,market/Data/Stocks,.txt,510938,10308
eot.us.txt,market/Data/Stocks,.txt,101666,2134
fenc.us.txt,market/Data/Stocks,.txt,1879,44
pac.us.txt,market/Data/Stocks,.txt,141434,2944
kbwb.us.txt,market/Data/Stocks,.txt,72623,1515
qep.us.txt,market/Data/Stocks,.txt,90008,1867
zsan.us.txt,market/Data/Stocks,.txt,28311,693
fds.us.txt,market/Data/Stocks,.txt,155399,3202
sats.us.txt,market/Data/Stocks,.txt,109885,2486
mb.us.txt,market/Data/Stocks,.txt,26401,607
qxmi.us.txt,market/Data/Stocks,.txt,8802,198
hiho.us.txt,market/Data/Stocks,.txt,141425,3010
rglb.us.txt,market/Data/Stocks,.txt,3611,83
evbg.us.txt,market/Data/Stocks,.txt,13087,293
wts.us.txt,market/Data/Stocks,.txt,154817,3202
nci.us.txt,market/Data/Stocks,.txt,141169,3202
mhn.us.txt,market/Data/Stocks,.txt,150627,3202
jrjc.us.txt,market/Data/Stocks,.txt,129016,3199
nxtd.us.txt,market/Data/Stocks,.txt,40988,1068
gsvc.us.txt,market/Data/Stocks,.txt,76806,1647
bprn.us.txt,market/Data/Stocks,.txt,3065,74
elj.us.txt,market/Data/Stocks,.txt,63561,1349
fgbi.us.txt,market/Data/Stocks,.txt,22232,481
ggm.us.txt,market/Data/Stocks,.txt,52458,1106
pfn.us.txt,market/Data/Stocks,.txt,155286,3202
smi.us.txt,market/Data/Stocks,.txt,127840,3182
cik.us.txt,market/Data/Stocks,.txt,155106,3202
vco.us.txt,market/Data/Stocks,.txt,144044,3097
dync.us.txt,market/Data/Stocks,.txt,14740,317
dhy.us.txt,market/Data/Stocks,.txt,155571,3202
town.us.txt,market/Data/Stocks,.txt,151705,3199
mysz.us.txt,market/Data/Stocks,.txt,8661,207
amt_b.us.txt,market/Data/Stocks,.txt,31428,678
mn.us.txt,market/Data/Stocks,.txt,71367,1503
dox.us.txt,market/Data/Stocks,.txt,156575,3202
menu.us.txt,market/Data/Stocks,.txt,7611,165
bgcp.us.txt,market/Data/Stocks,.txt,156764,3202
aem.us.txt,market/Data/Stocks,.txt,404786,8359
bnj.us.txt,market/Data/Stocks,.txt,150357,3200
ibml.us.txt,market/Data/Stocks,.txt,6670,143
lvhb.us.txt,market/Data/Stocks,.txt,12661,269
sptn.us.txt,market/Data/Stocks,.txt,154258,3202
ancx.us.txt,market/Data/Stocks,.txt,146924,3124
cdev.us.txt,market/Data/Stocks,.txt,16549,369
lamr.us.txt,market/Data/Stocks,.txt,261113,5354
avb.us.txt,market/Data/Stocks,.txt,156585,3202
eros.us.txt,market/Data/Stocks,.txt,43280,1008
fwp.us.txt,market/Data/Stocks,.txt,37151,776
clar.us.txt,market/Data/Stocks,.txt,122564,3156
hbann.us.txt,market/Data/Stocks,.txt,13871,302
agco.us.txt,market/Data/Stocks,.txt,157307,3202
wsr.us.txt,market/Data/Stocks,.txt,86857,1815
ingn.us.txt,market/Data/Stocks,.txt,41880,945
dmpi.us.txt,market/Data/Stocks,.txt,13785,339
exd.us.txt,market/Data/Stocks,.txt,87509,1860
rxii.us.txt,market/Data/Stocks,.txt,53753,1388
np.us.txt,market/Data/Stocks,.txt,153290,3202
fslr.us.txt,market/Data/Stocks,.txt,128398,2766
cig.us.txt,market/Data/Stocks,.txt,158197,3202
san_b.us.txt,market/Data/Stocks,.txt,83852,1820
ivfgc.us.txt,market/Data/Stocks,.txt,2394,52
sasr.us.txt,market/Data/Stocks,.txt,152487,3202
cmt.us.txt,market/Data/Stocks,.txt,149882,3185
elf.us.txt,market/Data/Stocks,.txt,12873,289
big.us.txt,market/Data/Stocks,.txt,157307,3202
gbab.us.txt,market/Data/Stocks,.txt,84793,1772
spsc.us.txt,market/Data/Stocks,.txt,82964,1906
wgp.us.txt,market/Data/Stocks,.txt,59843,1243
nice.us.txt,market/Data/Stocks,.txt,154354,3202
riv.us.txt,market/Data/Stocks,.txt,22464,475
wcc.us.txt,market/Data/Stocks,.txt,141658,3202
homb.us.txt,market/Data/Stocks,.txt,138812,2869
goos.us.txt,market/Data/Stocks,.txt,7576,169
gtn.us.txt,market/Data/Stocks,.txt,133036,3202
alxn.us.txt,market/Data/Stocks,.txt,150569,3202
extr.us.txt,market/Data/Stocks,.txt,131220,3202
echo.us.txt,market/Data/Stocks,.txt,89641,2044
bzh.us.txt,market/Data/Stocks,.txt,140001,3202
vsda.us.txt,market/Data/Stocks,.txt,4019,87
regi.us.txt,market/Data/Stocks,.txt,61062,1463
blin.us.txt,market/Data/Stocks,.txt,97385,2510
sxi.us.txt,market/Data/Stocks,.txt,152552,3202
axti.us.txt,market/Data/Stocks,.txt,127900,3202
ftxl.us.txt,market/Data/Stocks,.txt,12753,275
wnrl.us.txt,market/Data/Stocks,.txt,48686,1023
pcg_e.us.txt,market/Data/Stocks,.txt,48412,1082
shipw.us.txt,market/Data/Stocks,.txt,7848,191
mdxg.us.txt,market/Data/Stocks,.txt,48080,1148
kos.us.txt,market/Data/Stocks,.txt,70218,1638
nly_f.us.txt,market/Data/Stocks,.txt,3232,73
scacu.us.txt,market/Data/Stocks,.txt,8303,190
idt.us.txt,market/Data/Stocks,.txt,155122,3202
prmw.us.txt,market/Data/Stocks,.txt,73055,1764
quad.us.txt,market/Data/Stocks,.txt,89446,1854
jkhy.us.txt,market/Data/Stocks,.txt,155669,3202
hcac.us.txt,market/Data/Stocks,.txt,2203,56
xncr.us.txt,market/Data/Stocks,.txt,43547,995
hsea.us.txt,market/Data/Stocks,.txt,87469,1820
eprf.us.txt,market/Data/Stocks,.txt,17224,370
cbay.us.txt,market/Data/Stocks,.txt,34458,855
adc.us.txt,market/Data/Stocks,.txt,153045,3202
sifi.us.txt,market/Data/Stocks,.txt,138890,2984
gab.us.txt,market/Data/Stocks,.txt,155385,3202
nrz.us.txt,market/Data/Stocks,.txt,56231,1144
env.us.txt,market/Data/Stocks,.txt,80262,1838
cmss.us.txt,market/Data/Stocks,.txt,198,5
tisa.us.txt,market/Data/Stocks,.txt,121938,3094
atr.us.txt,market/Data/Stocks,.txt,155410,3202
vedl.us.txt,market/Data/Stocks,.txt,50344,1055
bned.us.txt,market/Data/Stocks,.txt,24478,576
apa.us.txt,market/Data/Stocks,.txt,442335,9044
fogo.us.txt,market/Data/Stocks,.txt,26115,607
spab.us.txt,market/Data/Stocks,.txt,125194,2621
cdti.us.txt,market/Data/Stocks,.txt,117339,3023
kmph.us.txt,market/Data/Stocks,.txt,26526,651
dakt.us.txt,market/Data/Stocks,.txt,154296,3202
ptc.us.txt,market/Data/Stocks,.txt,44537,992
nfx.us.txt,market/Data/Stocks,.txt,144994,3202
ezt.us.txt,market/Data/Stocks,.txt,40111,866
axdx.us.txt,market/Data/Stocks,.txt,125036,3121
lnc-ws.us.txt,market/Data/Stocks,.txt,693,19
lead.us.txt,market/Data/Stocks,.txt,20816,453
htgm.us.txt,market/Data/Stocks,.txt,25696,637
usac.us.txt,market/Data/Stocks,.txt,58564,1218
acn.us.txt,market/Data/Stocks,.txt,158672,3202
cdr_c.us.txt,market/Data/Stocks,.txt,2459,56
chi.us.txt,market/Data/Stocks,.txt,153901,3202
tpge.us.txt,market/Data/Stocks,.txt,1783,45
nuw.us.txt,market/Data/Stocks,.txt,104425,2197
snde.us.txt,market/Data/Stocks,.txt,11902,288
z.us.txt,market/Data/Stocks,.txt,26013,577
ccbg.us.txt,market/Data/Stocks,.txt,151058,3202
eocc.us.txt,market/Data/Stocks,.txt,18376,392
sap.us.txt,market/Data/Stocks,.txt,157658,3202
bpmx.us.txt,market/Data/Stocks,.txt,29425,713
gabc.us.txt,market/Data/Stocks,.txt,149717,3181
keyw.us.txt,market/Data/Stocks,.txt,76071,1789
dwpp.us.txt,market/Data/Stocks,.txt,43294,941
mrdn.us.txt,market/Data/Stocks,.txt,8206,204
caa.us.txt,market/Data/Stocks,.txt,155722,3202
vuzi.us.txt,market/Data/Stocks,.txt,27792,705
chsp.us.txt,market/Data/Stocks,.txt,95022,1968
algt.us.txt,market/Data/Stocks,.txt,132846,2752
baa.us.txt,market/Data/Stocks,.txt,120830,3151
jpin.us.txt,market/Data/Stocks,.txt,33884,727
tsm.us.txt,market/Data/Stocks,.txt,160220,3202
idti.us.txt,market/Data/Stocks,.txt,139752,3202
ntap.us.txt,market/Data/Stocks,.txt,274313,5531
hfro.us.txt,market/Data/Stocks,.txt,261,6
ayi.us.txt,market/Data/Stocks,.txt,155549,3202
amph.us.txt,market/Data/Stocks,.txt,37662,855
eaglu.us.txt,market/Data/Stocks,.txt,12648,305
ntec.us.txt,market/Data/Stocks,.txt,21482,557
nesrw.us.txt,market/Data/Stocks,.txt,2604,67
usm.us.txt,market/Data/Stocks,.txt,149047,3202
inb.us.txt,market/Data/Stocks,.txt,124474,2595
brn.us.txt,market/Data/Stocks,.txt,117621,3003
rnsc.us.txt,market/Data/Stocks,.txt,2769,61
frsh.us.txt,market/Data/Stocks,.txt,37421,892
logo.us.txt,market/Data/Stocks,.txt,643,15
cgbd.us.txt,market/Data/Stocks,.txt,5016,107
acrs.us.txt,market/Data/Stocks,.txt,23360,530
mrcc.us.txt,market/Data/Stocks,.txt,59648,1271
dwsn.us.txt,market/Data/Stocks,.txt,145869,3201
dcm.us.txt,market/Data/Stocks,.txt,154265,3202
jynt.us.txt,market/Data/Stocks,.txt,29894,755
fly.us.txt,market/Data/Stocks,.txt,120210,2552
sons.us.txt,market/Data/Stocks,.txt,134083,3202
bcac.us.txt,market/Data/Stocks,.txt,1348,34
agncb.us.txt,market/Data/Stocks,.txt,41667,883
bokfl.us.txt,market/Data/Stocks,.txt,16173,348
pii.us.txt,market/Data/Stocks,.txt,156670,3202
wlh.us.txt,market/Data/Stocks,.txt,53806,1212
bac_d.us.txt,market/Data/Stocks,.txt,84384,1820
tecd.us.txt,market/Data/Stocks,.txt,142665,3202
mtfb.us.txt,market/Data/Stocks,.txt,9206,226
mscc.us.txt,market/Data/Stocks,.txt,142919,3202
isrg.us.txt,market/Data/Stocks,.txt,155186,3202
hio.us.txt,market/Data/Stocks,.txt,155479,3202
oln.us.txt,market/Data/Stocks,.txt,157109,3202
rt.us.txt,market/Data/Stocks,.txt,133702,3202
txmd.us.txt,market/Data/Stocks,.txt,62733,1597
prsc.us.txt,market/Data/Stocks,.txt,138951,3202
cqp.us.txt,market/Data/Stocks,.txt,129744,2684
ajrd.us.txt,market/Data/Stocks,.txt,137516,3202
dtq.us.txt,market/Data/Stocks,.txt,60704,1287
vg.us.txt,market/Data/Stocks,.txt,118895,2890
mgi.us.txt,market/Data/Stocks,.txt,139261,3202
staa.us.txt,market/Data/Stocks,.txt,129442,3202
iiji.us.txt,market/Data/Stocks,.txt,145487,3115
abeo.us.txt,market/Data/Stocks,.txt,29212,730
ups.us.txt,market/Data/Stocks,.txt,224137,4528
kbh.us.txt,market/Data/Stocks,.txt,369170,7550
lgi.us.txt,market/Data/Stocks,.txt,151296,3202
esgu.us.txt,market/Data/Stocks,.txt,4366,96
cws.us.txt,market/Data/Stocks,.txt,12741,278
schw_b-cl.us.txt,market/Data/Stocks,.txt,396,9
amh_g.us.txt,market/Data/Stocks,.txt,3596,82
dva.us.txt,market/Data/Stocks,.txt,148970,3202
trc.us.txt,market/Data/Stocks,.txt,139432,3202
cprx.us.txt,market/Data/Stocks,.txt,110321,2746
asgn.us.txt,market/Data/Stocks,.txt,136528,3202
bspm.us.txt,market/Data/Stocks,.txt,86436,2107
nudm.us.txt,market/Data/Stocks,.txt,4732,111
kaac.us.txt,market/Data/Stocks,.txt,3247,83
yorw.us.txt,market/Data/Stocks,.txt,151063,3201
eva.us.txt,market/Data/Stocks,.txt,30411,643
cbmxw.us.txt,market/Data/Stocks,.txt,8249,215
tal.us.txt,market/Data/Stocks,.txt,86524,1776
cnsl.us.txt,market/Data/Stocks,.txt,149982,3101
atus.us.txt,market/Data/Stocks,.txt,4527,101
lexea.us.txt,market/Data/Stocks,.txt,11406,256
news.us.txt,market/Data/Stocks,.txt,130153,2748
xxii.us.txt,market/Data/Stocks,.txt,63570,1577
pky.us.txt,market/Data/Stocks,.txt,153760,3179
ual.us.txt,market/Data/Stocks,.txt,133978,2973
rlje.us.txt,market/Data/Stocks,.txt,49870,1225
mtdr.us.txt,market/Data/Stocks,.txt,64497,1454
ades.us.txt,market/Data/Stocks,.txt,16009,341
mfg.us.txt,market/Data/Stocks,.txt,133360,2772
ois.us.txt,market/Data/Stocks,.txt,153305,3202
mbt.us.txt,market/Data/Stocks,.txt,158297,3202
brss.us.txt,market/Data/Stocks,.txt,54290,1129
lmnx.us.txt,market/Data/Stocks,.txt,154540,3202
onvo.us.txt,market/Data/Stocks,.txt,44864,1096
mh_c.us.txt,market/Data/Stocks,.txt,21693,495
adro.us.txt,market/Data/Stocks,.txt,28390,653
fsbw.us.txt,market/Data/Stocks,.txt,58124,1255
idev.us.txt,market/Data/Stocks,.txt,6519,145
pwod.us.txt,market/Data/Stocks,.txt,138509,2969
muh.us.txt,market/Data/Stocks,.txt,150161,3202
df.us.txt,market/Data/Stocks,.txt,157847,3202
amed.us.txt,market/Data/Stocks,.txt,142226,3202
dfp.us.txt,market/Data/Stocks,.txt,53941,1128
jpi.us.txt,market/Data/Stocks,.txt,63736,1334
rate.us.txt,market/Data/Stocks,.txt,70322,1610
ale.us.txt,market/Data/Stocks,.txt,155000,3202
bgb.us.txt,market/Data/Stocks,.txt,62501,1292
plt.us.txt,market/Data/Stocks,.txt,155091,3202
sino.us.txt,market/Data/Stocks,.txt,91275,2306
rgs.us.txt,market/Data/Stocks,.txt,151261,3202
phg.us.txt,market/Data/Stocks,.txt,156577,3202
wtfcm.us.txt,market/Data/Stocks,.txt,27884,594
srva.us.txt,market/Data/Stocks,.txt,0,0
moxc.us.txt,market/Data/Stocks,.txt,9272,232
iphs.us.txt,market/Data/Stocks,.txt,133692,2777
gjv.us.txt,market/Data/Stocks,.txt,71003,1543
fedu.us.txt,market/Data/Stocks,.txt,164,4
gne.us.txt,market/Data/Stocks,.txt,72352,1518
vnce.us.txt,market/Data/Stocks,.txt,40478,1001
ttai.us.txt,market/Data/Stocks,.txt,4170,96
gt.us.txt,market/Data/Stocks,.txt,587301,12074
gshtw.us.txt,market/Data/Stocks,.txt,3153,81
cg.us.txt,market/Data/Stocks,.txt,67823,1393
brg_a.us.txt,market/Data/Stocks,.txt,22911,515
aple.us.txt,market/Data/Stocks,.txt,30781,629
dlr_j.us.txt,market/Data/Stocks,.txt,2829,64
trst.us.txt,market/Data/Stocks,.txt,154577,3202
bomn.us.txt,market/Data/Stocks,.txt,4658,108
evm.us.txt,market/Data/Stocks,.txt,150327,3202
leu.us.txt,market/Data/Stocks,.txt,244693,4861
bsl.us.txt,market/Data/Stocks,.txt,89820,1882
ph.us.txt,market/Data/Stocks,.txt,399362,8161
star_d.us.txt,market/Data/Stocks,.txt,29367,667
gab_j.us.txt,market/Data/Stocks,.txt,18242,404
avid.us.txt,market/Data/Stocks,.txt,136247,3201
csl.us.txt,market/Data/Stocks,.txt,155324,3202
cien.us.txt,market/Data/Stocks,.txt,238871,5226
swn.us.txt,market/Data/Stocks,.txt,144448,3202
cprt.us.txt,market/Data/Stocks,.txt,150281,3202
plx.us.txt,market/Data/Stocks,.txt,118174,2950
rcl.us.txt,market/Data/Stocks,.txt,158328,3202
twmc.us.txt,market/Data/Stocks,.txt,140336,3148
cfcow.us.txt,market/Data/Stocks,.txt,9910,253
phk.us.txt,market/Data/Stocks,.txt,156372,3202
geny.us.txt,market/Data/Stocks,.txt,8808,193
scl.us.txt,market/Data/Stocks,.txt,152732,3202
pran.us.txt,market/Data/Stocks,.txt,127252,3173
mlpz.us.txt,market/Data/Stocks,.txt,10085,219
itek.us.txt,market/Data/Stocks,.txt,28160,691
mlti.us.txt,market/Data/Stocks,.txt,11961,261
emtl.us.txt,market/Data/Stocks,.txt,18038,397
flco.us.txt,market/Data/Stocks,.txt,7576,165
spne.us.txt,market/Data/Stocks,.txt,25283,598
nml.us.txt,market/Data/Stocks,.txt,56307,1170
bta.us.txt,market/Data/Stocks,.txt,138275,2952
gwrs.us.txt,market/Data/Stocks,.txt,17994,391
cybr.us.txt,market/Data/Stocks,.txt,35253,792
dwac.us.txt,market/Data/Stocks,.txt,6542,147
aten.us.txt,market/Data/Stocks,.txt,37864,921
cnbka.us.txt,market/Data/Stocks,.txt,143167,3076
pyt.us.txt,market/Data/Stocks,.txt,67510,1459
pstb.us.txt,market/Data/Stocks,.txt,101587,2129
usa.us.txt,market/Data/Stocks,.txt,155393,3202
sbcp.us.txt,market/Data/Stocks,.txt,33712,787
inn.us.txt,market/Data/Stocks,.txt,82073,1698
esp.us.txt,market/Data/Stocks,.txt,140409,3031
ngl_b.us.txt,market/Data/Stocks,.txt,4621,104
vgfo.us.txt,market/Data/Stocks,.txt,323,7
bam.us.txt,market/Data/Stocks,.txt,156801,3202
stt_c.us.txt,market/Data/Stocks,.txt,60303,1311
emes.us.txt,market/Data/Stocks,.txt,51866,1139
vki.us.txt,market/Data/Stocks,.txt,152221,3202
tap-a.us.txt,market/Data/Stocks,.txt,616,14
mear.us.txt,market/Data/Stocks,.txt,25070,545
msg.us.txt,market/Data/Stocks,.txt,25985,542
ntrs.us.txt,market/Data/Stocks,.txt,341305,6965
brfs.us.txt,market/Data/Stocks,.txt,155556,3199
icbk.us.txt,market/Data/Stocks,.txt,30831,667
any.us.txt,market/Data/Stocks,.txt,35221,846
snfca.us.txt,market/Data/Stocks,.txt,135844,2950
edbi.us.txt,market/Data/Stocks,.txt,15166,331
emqq.us.txt,market/Data/Stocks,.txt,34747,751
inod.us.txt,market/Data/Stocks,.txt,125323,3202
tcbip.us.txt,market/Data/Stocks,.txt,54291,1159
spok.us.txt,market/Data/Stocks,.txt,153604,3202
utl.us.txt,market/Data/Stocks,.txt,151156,3198
momo.us.txt,market/Data/Stocks,.txt,32974,737
zkin.us.txt,market/Data/Stocks,.txt,2026,51
gpro.us.txt,market/Data/Stocks,.txt,37863,854
mcv.us.txt,market/Data/Stocks,.txt,52458,1131
cuo.us.txt,market/Data/Stocks,.txt,72313,1780
sqm.us.txt,market/Data/Stocks,.txt,155517,3202
rfci.us.txt,market/Data/Stocks,.txt,14761,323
tannl.us.txt,market/Data/Stocks,.txt,15833,344
agncn.us.txt,market/Data/Stocks,.txt,2460,55
eca.us.txt,market/Data/Stocks,.txt,158852,3202
glu.us.txt,market/Data/Stocks,.txt,150574,3201
xone.us.txt,market/Data/Stocks,.txt,52154,1202
rbb.us.txt,market/Data/Stocks,.txt,3695,78
tech.us.txt,market/Data/Stocks,.txt,154765,3202
tcp.us.txt,market/Data/Stocks,.txt,72103,1490
cbs.us.txt,market/Data/Stocks,.txt,158871,3202
amg.us.txt,market/Data/Stocks,.txt,155313,3202
cbshp.us.txt,market/Data/Stocks,.txt,40001,850
ed.us.txt,market/Data/Stocks,.txt,594464,12076
tgc.us.txt,market/Data/Stocks,.txt,115386,3202
cof_g.us.txt,market/Data/Stocks,.txt,14293,321
ait.us.txt,market/Data/Stocks,.txt,155028,3202
hvbc.us.txt,market/Data/Stocks,.txt,7881,180
ftft.us.txt,market/Data/Stocks,.txt,92469,2253
tsbk.us.txt,market/Data/Stocks,.txt,139979,3026
hifr.us.txt,market/Data/Stocks,.txt,34061,704
xoxo.us.txt,market/Data/Stocks,.txt,68551,1606
nmt.us.txt,market/Data/Stocks,.txt,146818,3155
wtfc.us.txt,market/Data/Stocks,.txt,155025,3202
fnlc.us.txt,market/Data/Stocks,.txt,148437,3161
qxgg.us.txt,market/Data/Stocks,.txt,8922,199
dova.us.txt,market/Data/Stocks,.txt,4223,96
ntct.us.txt,market/Data/Stocks,.txt,137850,3202
tcpc.us.txt,market/Data/Stocks,.txt,67895,1413
hlf.us.txt,market/Data/Stocks,.txt,153313,3202
lbtya.us.txt,market/Data/Stocks,.txt,153317,3125
umh_c.us.txt,market/Data/Stocks,.txt,3329,76
duk.us.txt,market/Data/Stocks,.txt,428805,8727
cty.us.txt,market/Data/Stocks,.txt,54029,1128
sn.us.txt,market/Data/Stocks,.txt,64512,1487
wia.us.txt,market/Data/Stocks,.txt,150774,3202
cvco.us.txt,market/Data/Stocks,.txt,138471,3202
ktn.us.txt,market/Data/Stocks,.txt,73770,1600
grx_a.us.txt,market/Data/Stocks,.txt,73492,1623
dtys.us.txt,market/Data/Stocks,.txt,79883,1827
bce.us.txt,market/Data/Stocks,.txt,156355,3202
fmc.us.txt,market/Data/Stocks,.txt,157381,3202
oasm.us.txt,market/Data/Stocks,.txt,20738,456
aaxn.us.txt,market/Data/Stocks,.txt,136154,3202
mgln.us.txt,market/Data/Stocks,.txt,141316,3202
mlpb.us.txt,market/Data/Stocks,.txt,530,12
cbmx.us.txt,market/Data/Stocks,.txt,124131,3165
fsbc.us.txt,market/Data/Stocks,.txt,12235,282
cwco.us.txt,market/Data/Stocks,.txt,152304,3202
via.us.txt,market/Data/Stocks,.txt,143226,3006
cce.us.txt,market/Data/Stocks,.txt,382938,7806
acsi.us.txt,market/Data/Stocks,.txt,11746,260
cresy.us.txt,market/Data/Stocks,.txt,152966,3202
xina.us.txt,market/Data/Stocks,.txt,1453,34
ffhg.us.txt,market/Data/Stocks,.txt,5213,113
jbss.us.txt,market/Data/Stocks,.txt,151576,3201
akts.us.txt,market/Data/Stocks,.txt,6892,172
bwg.us.txt,market/Data/Stocks,.txt,67890,1418
phii.us.txt,market/Data/Stocks,.txt,100587,2463
rnr_e.us.txt,market/Data/Stocks,.txt,50964,1124
sect.us.txt,market/Data/Stocks,.txt,2268,49
erf.us.txt,market/Data/Stocks,.txt,156683,3202
glog_a.us.txt,market/Data/Stocks,.txt,28568,655
arci.us.txt,market/Data/Stocks,.txt,117753,3033
bst.us.txt,market/Data/Stocks,.txt,36753,767
orly.us.txt,market/Data/Stocks,.txt,147926,3202
mynd.us.txt,market/Data/Stocks,.txt,3463,86
axs.us.txt,market/Data/Stocks,.txt,156474,3202
smpl.us.txt,market/Data/Stocks,.txt,3919,89
saia.us.txt,market/Data/Stocks,.txt,145774,3202
itub.us.txt,market/Data/Stocks,.txt,160077,3202
chscp.us.txt,market/Data/Stocks,.txt,85775,1819
rdy.us.txt,market/Data/Stocks,.txt,155057,3202
nyv.us.txt,market/Data/Stocks,.txt,99320,2129
eai.us.txt,market/Data/Stocks,.txt,14471,313
vr_a.us.txt,market/Data/Stocks,.txt,15738,357
cpac.us.txt,market/Data/Stocks,.txt,65552,1428
fcal.us.txt,market/Data/Stocks,.txt,2847,64
foxa.us.txt,market/Data/Stocks,.txt,160407,3202
tax.us.txt,market/Data/Stocks,.txt,63793,1348
rfi.us.txt,market/Data/Stocks,.txt,151666,3202
psa_x.us.txt,market/Data/Stocks,.txt,53547,1178
banc.us.txt,market/Data/Stocks,.txt,73154,1539
bbk.us.txt,market/Data/Stocks,.txt,150901,3202
ribt.us.txt,market/Data/Stocks,.txt,39633,982
mer_p.us.txt,market/Data/Stocks,.txt,84037,1820
foanc.us.txt,market/Data/Stocks,.txt,630,14
mtr.us.txt,market/Data/Stocks,.txt,149524,3193
cbk.us.txt,market/Data/Stocks,.txt,142829,3202
enia.us.txt,market/Data/Stocks,.txt,18196,391
mpa.us.txt,market/Data/Stocks,.txt,149978,3202
cfx.us.txt,market/Data/Stocks,.txt,105882,2398
asrv.us.txt,market/Data/Stocks,.txt,148252,3157
cytx.us.txt,market/Data/Stocks,.txt,129951,3153
nktr.us.txt,market/Data/Stocks,.txt,139162,3199
lode.us.txt,market/Data/Stocks,.txt,64411,1618
aray.us.txt,market/Data/Stocks,.txt,110638,2712
imh.us.txt,market/Data/Stocks,.txt,128197,3200
ete.us.txt,market/Data/Stocks,.txt,146753,2966
bcrx.us.txt,market/Data/Stocks,.txt,132819,3202
nhi.us.txt,market/Data/Stocks,.txt,154508,3202
tlgt.us.txt,market/Data/Stocks,.txt,119000,3054
mcn.us.txt,market/Data/Stocks,.txt,153039,3202
dte.us.txt,market/Data/Stocks,.txt,584996,12076
ohi.us.txt,market/Data/Stocks,.txt,156898,3202
bbrx.us.txt,market/Data/Stocks,.txt,0,0
rad.us.txt,market/Data/Stocks,.txt,134063,3202
pnc-ws.us.txt,market/Data/Stocks,.txt,77330,1819
bef.us.txt,market/Data/Stocks,.txt,124,3
uitb.us.txt,market/Data/Stocks,.txt,515,12
pjc.us.txt,market/Data/Stocks,.txt,154333,3202
akba.us.txt,market/Data/Stocks,.txt,39083,922
cef.us.txt,market/Data/Stocks,.txt,155731,3202
tde.us.txt,market/Data/Stocks,.txt,83114,1752
vkq.us.txt,market/Data/Stocks,.txt,151890,3202
fb.us.txt,market/Data/Stocks,.txt,66012,1382
ddt.us.txt,market/Data/Stocks,.txt,85355,1819
tanh.us.txt,market/Data/Stocks,.txt,27437,668
abbv.us.txt,market/Data/Stocks,.txt,60973,1225
pei_d.us.txt,market/Data/Stocks,.txt,1939,44
kors.us.txt,market/Data/Stocks,.txt,67279,1486
hcn_i.us.txt,market/Data/Stocks,.txt,77057,1681
cass.us.txt,market/Data/Stocks,.txt,147925,3133
gs_n.us.txt,market/Data/Stocks,.txt,19291,434
gdv_a.us.txt,market/Data/Stocks,.txt,79303,1752
azul.us.txt,market/Data/Stocks,.txt,6731,151
mdc.us.txt,market/Data/Stocks,.txt,156522,3202
hasi.us.txt,market/Data/Stocks,.txt,55673,1154
aqms.us.txt,market/Data/Stocks,.txt,23965,577
cvi.us.txt,market/Data/Stocks,.txt,123655,2534
jeq.us.txt,market/Data/Stocks,.txt,150676,3202
cownl.us.txt,market/Data/Stocks,.txt,31619,682
rl.us.txt,market/Data/Stocks,.txt,156692,3202
mcb.us.txt,market/Data/Stocks,.txt,172,4
dpz.us.txt,market/Data/Stocks,.txt,155821,3202
pnnt.us.txt,market/Data/Stocks,.txt,129293,2664
hiw.us.txt,market/Data/Stocks,.txt,156585,3202
azo.us.txt,market/Data/Stocks,.txt,304359,6707
stay.us.txt,market/Data/Stocks,.txt,48983,1008
cqh.us.txt,market/Data/Stocks,.txt,47207,987
acad.us.txt,market/Data/Stocks,.txt,135988,3201
alsn.us.txt,market/Data/Stocks,.txt,69738,1427
wcfb.us.txt,market/Data/Stocks,.txt,11667,260
utx.us.txt,market/Data/Stocks,.txt,601622,12073
bqh.us.txt,market/Data/Stocks,.txt,145874,3147
wsfs.us.txt,market/Data/Stocks,.txt,153207,3202
srdx.us.txt,market/Data/Stocks,.txt,139245,3202
cbg.us.txt,market/Data/Stocks,.txt,144259,3202
lho_j.us.txt,market/Data/Stocks,.txt,16182,368
ams.us.txt,market/Data/Stocks,.txt,115211,3022
nmfc.us.txt,market/Data/Stocks,.txt,78123,1631
vlp.us.txt,market/Data/Stocks,.txt,47547,989
sfe.us.txt,market/Data/Stocks,.txt,136102,3202
rfta.us.txt,market/Data/Stocks,.txt,37723,812
ac.us.txt,market/Data/Stocks,.txt,22667,492
nomd.us.txt,market/Data/Stocks,.txt,20070,465
vhc.us.txt,market/Data/Stocks,.txt,118584,2873
spxc.us.txt,market/Data/Stocks,.txt,155494,3202
slg_i.us.txt,market/Data/Stocks,.txt,59717,1316
bbg.us.txt,market/Data/Stocks,.txt,140562,3202
aldr.us.txt,market/Data/Stocks,.txt,38916,888
egf.us.txt,market/Data/Stocks,.txt,143673,3033
pteu.us.txt,market/Data/Stocks,.txt,21116,475
mvin.us.txt,market/Data/Stocks,.txt,7603,169
svt.us.txt,market/Data/Stocks,.txt,118596,2574
tsu.us.txt,market/Data/Stocks,.txt,155793,3202
ua.us.txt,market/Data/Stocks,.txt,19162,414
life.us.txt,market/Data/Stocks,.txt,25710,637
srg.us.txt,market/Data/Stocks,.txt,28825,597
jpme.us.txt,market/Data/Stocks,.txt,15048,333
ttwo.us.txt,market/Data/Stocks,.txt,143354,3202
cve.us.txt,market/Data/Stocks,.txt,98629,2005
rbpaa.us.txt,market/Data/Stocks,.txt,124000,3116
centa.us.txt,market/Data/Stocks,.txt,114440,2714
dsx_b.us.txt,market/Data/Stocks,.txt,41393,937
rvt.us.txt,market/Data/Stocks,.txt,154493,3202
mtrx.us.txt,market/Data/Stocks,.txt,138702,3202
flex.us.txt,market/Data/Stocks,.txt,257804,5952
gs_b.us.txt,market/Data/Stocks,.txt,84301,1820
bolt.us.txt,market/Data/Stocks,.txt,0,0
lxft.us.txt,market/Data/Stocks,.txt,48046,1106
tdi.us.txt,market/Data/Stocks,.txt,84686,1813
ifly.us.txt,market/Data/Stocks,.txt,19438,419
sah.us.txt,market/Data/Stocks,.txt,155216,3202
fn.us.txt,market/Data/Stocks,.txt,82060,1861
tcap.us.txt,market/Data/Stocks,.txt,130078,2706
ssti.us.txt,market/Data/Stocks,.txt,4894,112
pphm.us.txt,market/Data/Stocks,.txt,145711,3202
ubp_h.us.txt,market/Data/Stocks,.txt,1594,36
nerv.us.txt,market/Data/Stocks,.txt,34218,851
jhmc.us.txt,market/Data/Stocks,.txt,18413,399
cadc.us.txt,market/Data/Stocks,.txt,81757,2056
bml_i.us.txt,market/Data/Stocks,.txt,84377,1820
kra.us.txt,market/Data/Stocks,.txt,88223,1991
pfin.us.txt,market/Data/Stocks,.txt,133410,2875
cnty.us.txt,market/Data/Stocks,.txt,127133,3202
fmo.us.txt,market/Data/Stocks,.txt,153630,3202
bpop.us.txt,market/Data/Stocks,.txt,155530,3202
scx.us.txt,market/Data/Stocks,.txt,148830,3195
cci.us.txt,market/Data/Stocks,.txt,158346,3202
crme.us.txt,market/Data/Stocks,.txt,131172,3201
zts.us.txt,market/Data/Stocks,.txt,59760,1206
ver_f.us.txt,market/Data/Stocks,.txt,25502,577
gmo.us.txt,market/Data/Stocks,.txt,129044,3164
coty.us.txt,market/Data/Stocks,.txt,54631,1115
xcra.us.txt,market/Data/Stocks,.txt,132363,3203
bci.us.txt,market/Data/Stocks,.txt,5785,131
irdm.us.txt,market/Data/Stocks,.txt,96204,2365
eght.us.txt,market/Data/Stocks,.txt,131868,3202
atai.us.txt,market/Data/Stocks,.txt,110599,2373
cnce.us.txt,market/Data/Stocks,.txt,41107,946
cpf.us.txt,market/Data/Stocks,.txt,152566,3202
sb.us.txt,market/Data/Stocks,.txt,111213,2384
lkor.us.txt,market/Data/Stocks,.txt,20162,438
ctu.us.txt,market/Data/Stocks,.txt,64542,1356
evlv.us.txt,market/Data/Stocks,.txt,131496,3202
srev.us.txt,market/Data/Stocks,.txt,69638,1669
eqt.us.txt,market/Data/Stocks,.txt,157520,3202
btu.us.txt,market/Data/Stocks,.txt,6949,155
payc.us.txt,market/Data/Stocks,.txt,40158,904
all_f.us.txt,market/Data/Stocks,.txt,37914,855
tat.us.txt,market/Data/Stocks,.txt,113846,3022
akp.us.txt,market/Data/Stocks,.txt,149684,3202
cs.us.txt,market/Data/Stocks,.txt,157175,3202
rvrs.us.txt,market/Data/Stocks,.txt,400,9
msex.us.txt,market/Data/Stocks,.txt,152350,3202
cost.us.txt,market/Data/Stocks,.txt,388109,7904
symx.us.txt,market/Data/Stocks,.txt,114023,2862
por.us.txt,market/Data/Stocks,.txt,142413,2926
eae.us.txt,market/Data/Stocks,.txt,52498,1118
ssi.us.txt,market/Data/Stocks,.txt,154918,3202
mar.us.txt,market/Data/Stocks,.txt,298898,6066
wrlsr.us.txt,market/Data/Stocks,.txt,1928,47
swz.us.txt,market/Data/Stocks,.txt,151139,3202
smts.us.txt,market/Data/Stocks,.txt,3435,86
csx.us.txt,market/Data/Stocks,.txt,464450,9336
erj.us.txt,market/Data/Stocks,.txt,156583,3202
nbev.us.txt,market/Data/Stocks,.txt,7700,189
spmo.us.txt,market/Data/Stocks,.txt,4470,99
evy.us.txt,market/Data/Stocks,.txt,148974,3200
lea.us.txt,market/Data/Stocks,.txt,98551,2017
oibr-c.us.txt,market/Data/Stocks,.txt,27405,682
bsx.us.txt,market/Data/Stocks,.txt,281459,6419
aphb.us.txt,market/Data/Stocks,.txt,217211,5738
tleh.us.txt,market/Data/Stocks,.txt,22211,480
gpacw.us.txt,market/Data/Stocks,.txt,10687,262
glmd.us.txt,market/Data/Stocks,.txt,37212,927
sho_e.us.txt,market/Data/Stocks,.txt,17279,392
cubn.us.txt,market/Data/Stocks,.txt,24647,532
rso_a.us.txt,market/Data/Stocks,.txt,58044,1293
cic.us.txt,market/Data/Stocks,.txt,755,19
ewus.us.txt,market/Data/Stocks,.txt,57545,1242
dlb.us.txt,market/Data/Stocks,.txt,155705,3202
cgix.us.txt,market/Data/Stocks,.txt,47106,1161
amov.us.txt,market/Data/Stocks,.txt,149387,3191
kequ.us.txt,market/Data/Stocks,.txt,129170,2793
psb_w.us.txt,market/Data/Stocks,.txt,11762,267
bwina.us.txt,market/Data/Stocks,.txt,70914,1546
sir.us.txt,market/Data/Stocks,.txt,69565,1433
cmp.us.txt,market/Data/Stocks,.txt,155249,3202
ipas.us.txt,market/Data/Stocks,.txt,129242,3202
npn.us.txt,market/Data/Stocks,.txt,90936,1963
gcv.us.txt,market/Data/Stocks,.txt,151982,3202
wyigu.us.txt,market/Data/Stocks,.txt,7052,178
hefv.us.txt,market/Data/Stocks,.txt,21446,475
iivi.us.txt,market/Data/Stocks,.txt,143331,3202
agiil.us.txt,market/Data/Stocks,.txt,60639,1289
wcg.us.txt,market/Data/Stocks,.txt,143478,3202
bsjn.us.txt,market/Data/Stocks,.txt,22876,490
ptnq.us.txt,market/Data/Stocks,.txt,28576,612
srunw.us.txt,market/Data/Stocks,.txt,5061,128
ceqp.us.txt,market/Data/Stocks,.txt,153556,3202
mhf.us.txt,market/Data/Stocks,.txt,152172,3202
pyds.us.txt,market/Data/Stocks,.txt,23048,569
idxx.us.txt,market/Data/Stocks,.txt,149450,3202
xene.us.txt,market/Data/Stocks,.txt,30249,762
imos.us.txt,market/Data/Stocks,.txt,80815,1687
pui.us.txt,market/Data/Stocks,.txt,142419,3026
xtnt.us.txt,market/Data/Stocks,.txt,65110,1685
dfs_b.us.txt,market/Data/Stocks,.txt,58138,1268
kmg.us.txt,market/Data/Stocks,.txt,148961,3151
flmb.us.txt,market/Data/Stocks,.txt,161,4
nca.us.txt,market/Data/Stocks,.txt,151291,3202
expe.us.txt,market/Data/Stocks,.txt,153693,3102
c_l.us.txt,market/Data/Stocks,.txt,42745,943
mobl.us.txt,market/Data/Stocks,.txt,34809,863
twtr.us.txt,market/Data/Stocks,.txt,46845,1012
hrb.us.txt,market/Data/Stocks,.txt,383891,7815
spkep.us.txt,market/Data/Stocks,.txt,7286,159
gmta.us.txt,market/Data/Stocks,.txt,17690,376
smmv.us.txt,market/Data/Stocks,.txt,13447,294
ango.us.txt,market/Data/Stocks,.txt,140581,3202
oiim.us.txt,market/Data/Stocks,.txt,129332,3202
kye.us.txt,market/Data/Stocks,.txt,150338,3118
nsp.us.txt,market/Data/Stocks,.txt,80920,1683
czwi.us.txt,market/Data/Stocks,.txt,117458,2535
znh.us.txt,market/Data/Stocks,.txt,150998,3180
cern.us.txt,market/Data/Stocks,.txt,150974,3202
isze.us.txt,market/Data/Stocks,.txt,1259,29
pico.us.txt,market/Data/Stocks,.txt,138395,3202
stmp.us.txt,market/Data/Stocks,.txt,140036,3202
wwe.us.txt,market/Data/Stocks,.txt,154852,3202
incy.us.txt,market/Data/Stocks,.txt,140999,3202
zyne.us.txt,market/Data/Stocks,.txt,24708,575
iam.us.txt,market/Data/Stocks,.txt,815,20
atv.us.txt,market/Data/Stocks,.txt,109868,2556
enph.us.txt,market/Data/Stocks,.txt,58535,1416
stks.us.txt,market/Data/Stocks,.txt,24054,609
kblmu.us.txt,market/Data/Stocks,.txt,3716,87
cmcsa.us.txt,market/Data/Stocks,.txt,366786,7397
ppt.us.txt,market/Data/Stocks,.txt,154840,3202
uza.us.txt,market/Data/Stocks,.txt,77457,1635
nbo.us.txt,market/Data/Stocks,.txt,149089,3202
huntw.us.txt,market/Data/Stocks,.txt,4966,123
soda.us.txt,market/Data/Stocks,.txt,78417,1767
hta.us.txt,market/Data/Stocks,.txt,66766,1370
tslf.us.txt,market/Data/Stocks,.txt,49601,1046
ipdn.us.txt,market/Data/Stocks,.txt,44702,1108
nus.us.txt,market/Data/Stocks,.txt,155978,3202
awre.us.txt,market/Data/Stocks,.txt,144643,3194
igem.us.txt,market/Data/Stocks,.txt,229,5
csbr.us.txt,market/Data/Stocks,.txt,18572,467
pgh.us.txt,market/Data/Stocks,.txt,137231,2844
ns_a.us.txt,market/Data/Stocks,.txt,10668,240
gbx.us.txt,market/Data/Stocks,.txt,154826,3202
eml.us.txt,market/Data/Stocks,.txt,143239,3067
cvlt.us.txt,market/Data/Stocks,.txt,124009,2806
onsiw.us.txt,market/Data/Stocks,.txt,12573,291
hvt-a.us.txt,market/Data/Stocks,.txt,41761,924
fbiz.us.txt,market/Data/Stocks,.txt,111344,2381
whfbl.us.txt,market/Data/Stocks,.txt,41946,905
dyn.us.txt,market/Data/Stocks,.txt,285598,5951
mndo.us.txt,market/Data/Stocks,.txt,153324,3196
ffwm.us.txt,market/Data/Stocks,.txt,33189,755
vrx.us.txt,market/Data/Stocks,.txt,146356,3202
ftxh.us.txt,market/Data/Stocks,.txt,7618,166
epam.us.txt,market/Data/Stocks,.txt,64050,1450
mne.us.txt,market/Data/Stocks,.txt,147409,3187
tzoo.us.txt,market/Data/Stocks,.txt,137117,3202
hdp.us.txt,market/Data/Stocks,.txt,32254,736
crvp.us.txt,market/Data/Stocks,.txt,120659,3089
ensv.us.txt,market/Data/Stocks,.txt,175231,4236
xbit.us.txt,market/Data/Stocks,.txt,27595,653
jout.us.txt,market/Data/Stocks,.txt,145370,3096
glbs.us.txt,market/Data/Stocks,.txt,71704,1734
pcg_a.us.txt,market/Data/Stocks,.txt,78700,1750
cool.us.txt,market/Data/Stocks,.txt,147206,3200
hewi.us.txt,market/Data/Stocks,.txt,26422,570
faf.us.txt,market/Data/Stocks,.txt,91513,1883
dnr.us.txt,market/Data/Stocks,.txt,154510,3202
tnc.us.txt,market/Data/Stocks,.txt,153247,3202
dlbl.us.txt,market/Data/Stocks,.txt,259,6
batrk.us.txt,market/Data/Stocks,.txt,17636,399
hhyx.us.txt,market/Data/Stocks,.txt,3426,75
ipcc.us.txt,market/Data/Stocks,.txt,152750,3202
bks.us.txt,market/Data/Stocks,.txt,157086,3202
enr.us.txt,market/Data/Stocks,.txt,157798,3202
trox.us.txt,market/Data/Stocks,.txt,66472,1362
ecyt.us.txt,market/Data/Stocks,.txt,70709,1703
mfdx.us.txt,market/Data/Stocks,.txt,2111,48
ipgp.us.txt,market/Data/Stocks,.txt,128993,2749
sce_k.us.txt,market/Data/Stocks,.txt,18748,425
isl.us.txt,market/Data/Stocks,.txt,149048,3181
ears.us.txt,market/Data/Stocks,.txt,33588,826
gut_a.us.txt,market/Data/Stocks,.txt,65883,1458
ptla.us.txt,market/Data/Stocks,.txt,50284,1130
flxn.us.txt,market/Data/Stocks,.txt,41713,947
tgp_b.us.txt,market/Data/Stocks,.txt,624,14
kwn-cl.us.txt,market/Data/Stocks,.txt,1179,26
geccl.us.txt,market/Data/Stocks,.txt,1443,33
gm-ws-b.us.txt,market/Data/Stocks,.txt,30030,682
r.us.txt,market/Data/Stocks,.txt,463386,9551
rhp.us.txt,market/Data/Stocks,.txt,155733,3202
nwpx.us.txt,market/Data/Stocks,.txt,138312,3202
lbrdk.us.txt,market/Data/Stocks,.txt,33988,761
agrx.us.txt,market/Data/Stocks,.txt,35269,877
gbt.us.txt,market/Data/Stocks,.txt,25011,570
jpm_b.us.txt,market/Data/Stocks,.txt,42991,950
vlgea.us.txt,market/Data/Stocks,.txt,148213,3141
rspp.us.txt,market/Data/Stocks,.txt,43565,964
brkl.us.txt,market/Data/Stocks,.txt,154754,3202
taco.us.txt,market/Data/Stocks,.txt,35818,838
tmq.us.txt,market/Data/Stocks,.txt,56865,1393
hair.us.txt,market/Data/Stocks,.txt,934,23
ke.us.txt,market/Data/Stocks,.txt,32586,762
ffg.us.txt,market/Data/Stocks,.txt,152772,3202
ivac.us.txt,market/Data/Stocks,.txt,132592,3201
dis.us.txt,market/Data/Stocks,.txt,600954,12073
clr.us.txt,market/Data/Stocks,.txt,123265,2646
usak.us.txt,market/Data/Stocks,.txt,135368,3198
xpo.us.txt,market/Data/Stocks,.txt,131915,3198
cha.us.txt,market/Data/Stocks,.txt,152849,3197
htm.us.txt,market/Data/Stocks,.txt,120981,3070
nauh.us.txt,market/Data/Stocks,.txt,97450,2069
agu.us.txt,market/Data/Stocks,.txt,157091,3202
acxm.us.txt,market/Data/Stocks,.txt,141342,3202
ddez.us.txt,market/Data/Stocks,.txt,18974,431
ppx.us.txt,market/Data/Stocks,.txt,55721,1176
rbcn.us.txt,market/Data/Stocks,.txt,101207,2516
vsat.us.txt,market/Data/Stocks,.txt,141388,3202
kaacw.us.txt,market/Data/Stocks,.txt,3041,78
ltrpb.us.txt,market/Data/Stocks,.txt,1791,45
sce_g.us.txt,market/Data/Stocks,.txt,54588,1205
emkr.us.txt,market/Data/Stocks,.txt,152089,3202
tisi.us.txt,market/Data/Stocks,.txt,139210,3201
lh.us.txt,market/Data/Stocks,.txt,146628,3202
axgn.us.txt,market/Data/Stocks,.txt,246453,6017
nsys.us.txt,market/Data/Stocks,.txt,95807,2508
cuda.us.txt,market/Data/Stocks,.txt,44866,1013
pulm.us.txt,market/Data/Stocks,.txt,37771,919
vymi.us.txt,market/Data/Stocks,.txt,20319,430
col.us.txt,market/Data/Stocks,.txt,201329,4116
gnmk.us.txt,market/Data/Stocks,.txt,77769,1880
nen.us.txt,market/Data/Stocks,.txt,108660,2355
vamo.us.txt,market/Data/Stocks,.txt,22757,495
psf.us.txt,market/Data/Stocks,.txt,83379,1752
bxp.us.txt,market/Data/Stocks,.txt,157190,3202
chnr.us.txt,market/Data/Stocks,.txt,124628,3101
dyb.us.txt,market/Data/Stocks,.txt,16567,370
jblu.us.txt,market/Data/Stocks,.txt,138796,3202
axta.us.txt,market/Data/Stocks,.txt,34212,757
stlr.us.txt,market/Data/Stocks,.txt,3801,91
cinr.us.txt,market/Data/Stocks,.txt,24118,508
cxp.us.txt,market/Data/Stocks,.txt,50082,1032
ftxd.us.txt,market/Data/Stocks,.txt,4436,97
mni.us.txt,market/Data/Stocks,.txt,128157,3202
gmfl.us.txt,market/Data/Stocks,.txt,3909,86
spdw.us.txt,market/Data/Stocks,.txt,125781,2643
apei.us.txt,market/Data/Stocks,.txt,110174,2521
etmw.us.txt,market/Data/Stocks,.txt,218,5
bhac.us.txt,market/Data/Stocks,.txt,3609,83
wtw.us.txt,market/Data/Stocks,.txt,151181,3202
vno_i.us.txt,market/Data/Stocks,.txt,83388,1820
sens.us.txt,market/Data/Stocks,.txt,17521,438
lly.us.txt,market/Data/Stocks,.txt,447696,9045
ewbc.us.txt,market/Data/Stocks,.txt,156698,3202
drad.us.txt,market/Data/Stocks,.txt,151507,3197
micr.us.txt,market/Data/Stocks,.txt,131491,3046
ftf.us.txt,market/Data/Stocks,.txt,151741,3202
uone.us.txt,market/Data/Stocks,.txt,113100,2883
tmhc.us.txt,market/Data/Stocks,.txt,51707,1160
adom.us.txt,market/Data/Stocks,.txt,4453,106
wbiy.us.txt,market/Data/Stocks,.txt,10470,225
land.us.txt,market/Data/Stocks,.txt,56927,1209
bio.us.txt,market/Data/Stocks,.txt,145928,3202
snap.us.txt,market/Data/Stocks,.txt,8281,179
ctbb.us.txt,market/Data/Stocks,.txt,14463,309
ulvm.us.txt,market/Data/Stocks,.txt,531,12
vtvt.us.txt,market/Data/Stocks,.txt,23175,579
smm.us.txt,market/Data/Stocks,.txt,65539,1377
mpct.us.txt,market/Data/Stocks,.txt,14632,321
halo.us.txt,market/Data/Stocks,.txt,133054,3202
opb.us.txt,market/Data/Stocks,.txt,41650,903
nx.us.txt,market/Data/Stocks,.txt,116829,2415
htbx.us.txt,market/Data/Stocks,.txt,44726,1087
cio.us.txt,market/Data/Stocks,.txt,42563,904
meip.us.txt,market/Data/Stocks,.txt,125189,3186
prh.us.txt,market/Data/Stocks,.txt,55879,1173
gsk.us.txt,market/Data/Stocks,.txt,158562,3202
spgi.us.txt,market/Data/Stocks,.txt,401306,8161
uuuu.us.txt,market/Data/Stocks,.txt,39791,994
conn.us.txt,market/Data/Stocks,.txt,139195,3202
schl.us.txt,market/Data/Stocks,.txt,155118,3202
dltr.us.txt,market/Data/Stocks,.txt,267605,5710
amrhw.us.txt,market/Data/Stocks,.txt,0,0
xec.us.txt,market/Data/Stocks,.txt,156993,3202
tbnk.us.txt,market/Data/Stocks,.txt,99705,2102
ptmc.us.txt,market/Data/Stocks,.txt,28592,612
pag.us.txt,market/Data/Stocks,.txt,155980,3202
feng.us.txt,market/Data/Stocks,.txt,66275,1637
hdaw.us.txt,market/Data/Stocks,.txt,14281,314
bpfh.us.txt,market/Data/Stocks,.txt,155494,3202
aav.us.txt,market/Data/Stocks,.txt,131821,3200
tkr.us.txt,market/Data/Stocks,.txt,156699,3202
bhacu.us.txt,market/Data/Stocks,.txt,484,12
fork.us.txt,market/Data/Stocks,.txt,18895,489
cubi_c.us.txt,market/Data/Stocks,.txt,24739,572
vrtx.us.txt,market/Data/Stocks,.txt,146160,3200
aee.us.txt,market/Data/Stocks,.txt,245350,4996
nev.us.txt,market/Data/Stocks,.txt,97102,2049
neot.us.txt,market/Data/Stocks,.txt,31163,751
zion.us.txt,market/Data/Stocks,.txt,337448,6929
hdsn.us.txt,market/Data/Stocks,.txt,125703,3177
amzn.us.txt,market/Data/Stocks,.txt,238991,5154
usb_a.us.txt,market/Data/Stocks,.txt,34599,792
kbal.us.txt,market/Data/Stocks,.txt,332214,6953
hfxi.us.txt,market/Data/Stocks,.txt,26572,567
xela.us.txt,market/Data/Stocks,.txt,13513,341
epay.us.txt,market/Data/Stocks,.txt,140024,3202
cxh.us.txt,market/Data/Stocks,.txt,150362,3201
psmg.us.txt,market/Data/Stocks,.txt,6595,148
cys_b.us.txt,market/Data/Stocks,.txt,51689,1144
oild.us.txt,market/Data/Stocks,.txt,7158,160
sify.us.txt,market/Data/Stocks,.txt,153496,3202
wvvi.us.txt,market/Data/Stocks,.txt,120556,3124
kodk-ws.us.txt,market/Data/Stocks,.txt,17608,455
wac.us.txt,market/Data/Stocks,.txt,144202,3200
ubfo.us.txt,market/Data/Stocks,.txt,144084,3083
fbnc.us.txt,market/Data/Stocks,.txt,151866,3202
pfgc.us.txt,market/Data/Stocks,.txt,23331,535
ads.us.txt,market/Data/Stocks,.txt,156331,3202
deus.us.txt,market/Data/Stocks,.txt,19620,420
aapl.us.txt,market/Data/Stocks,.txt,428286,8365
cot.us.txt,market/Data/Stocks,.txt,155166,3202
xgti.us.txt,market/Data/Stocks,.txt,42701,1089
vac.us.txt,market/Data/Stocks,.txt,72901,1502
iclr.us.txt,market/Data/Stocks,.txt,141408,3202
hmsy.us.txt,market/Data/Stocks,.txt,146206,3202
cohu.us.txt,market/Data/Stocks,.txt,152848,3202
pmom.us.txt,market/Data/Stocks,.txt,128,3
igz.us.txt,market/Data/Stocks,.txt,262,6
spar.us.txt,market/Data/Stocks,.txt,153022,3201
clns_d.us.txt,market/Data/Stocks,.txt,9315,211
arkk.us.txt,market/Data/Stocks,.txt,34306,754
dmri.us.txt,market/Data/Stocks,.txt,259,6
flhk.us.txt,market/Data/Stocks,.txt,120,3
goodm.us.txt,market/Data/Stocks,.txt,16268,354
stot.us.txt,market/Data/Stocks,.txt,18350,400
qts.us.txt,market/Data/Stocks,.txt,49841,1033
ssw_d.us.txt,market/Data/Stocks,.txt,55528,1233
fftg.us.txt,market/Data/Stocks,.txt,402,9
hci.us.txt,market/Data/Stocks,.txt,108851,2285
inva.us.txt,market/Data/Stocks,.txt,153010,3197
znwaa.us.txt,market/Data/Stocks,.txt,0,0
blj.us.txt,market/Data/Stocks,.txt,145159,3150
bcov.us.txt,market/Data/Stocks,.txt,59638,1445
watt.us.txt,market/Data/Stocks,.txt,38927,916
pco.us.txt,market/Data/Stocks,.txt,62058,1589
spg_j.us.txt,market/Data/Stocks,.txt,65867,1484
gbl.us.txt,market/Data/Stocks,.txt,152579,3202
obsv.us.txt,market/Data/Stocks,.txt,8323,202
emx.us.txt,market/Data/Stocks,.txt,58801,1456
usas.us.txt,market/Data/Stocks,.txt,8444,208
hpf.us.txt,market/Data/Stocks,.txt,152662,3202
rmbs.us.txt,market/Data/Stocks,.txt,141343,3202
cece.us.txt,market/Data/Stocks,.txt,152416,3202
iova.us.txt,market/Data/Stocks,.txt,58587,1576
ftrpr.us.txt,market/Data/Stocks,.txt,29221,614
agm.us.txt,market/Data/Stocks,.txt,152889,3202
chy.us.txt,market/Data/Stocks,.txt,154892,3202
on.us.txt,market/Data/Stocks,.txt,136558,3202
fdlo.us.txt,market/Data/Stocks,.txt,13578,292
elecu.us.txt,market/Data/Stocks,.txt,9063,222
arh_c.us.txt,market/Data/Stocks,.txt,64259,1410
ggt_e.us.txt,market/Data/Stocks,.txt,1352,32
gdo.us.txt,market/Data/Stocks,.txt,95680,2007
agtc.us.txt,market/Data/Stocks,.txt,38588,917
fntew.us.txt,market/Data/Stocks,.txt,2744,71
ibio.us.txt,market/Data/Stocks,.txt,89586,2219
bcacw.us.txt,market/Data/Stocks,.txt,1086,27
wso-b.us.txt,market/Data/Stocks,.txt,1110,25
omcl.us.txt,market/Data/Stocks,.txt,139922,3202
aan.us.txt,market/Data/Stocks,.txt,155628,3202
mxc.us.txt,market/Data/Stocks,.txt,118020,3047
ari_c.us.txt,market/Data/Stocks,.txt,13571,302
brid.us.txt,market/Data/Stocks,.txt,92117,2324
gss.us.txt,market/Data/Stocks,.txt,134257,3202
phiik.us.txt,market/Data/Stocks,.txt,136471,3174
gimo.us.txt,market/Data/Stocks,.txt,49181,1116
spcb.us.txt,market/Data/Stocks,.txt,42501,1047
esdiw.us.txt,market/Data/Stocks,.txt,1926,49
gpmtw.us.txt,market/Data/Stocks,.txt,330,8
dwld.us.txt,market/Data/Stocks,.txt,8501,189
fss.us.txt,market/Data/Stocks,.txt,155269,3202
cbsh.us.txt,market/Data/Stocks,.txt,155569,3202
cyou.us.txt,market/Data/Stocks,.txt,99284,2171
mkl.us.txt,market/Data/Stocks,.txt,145539,3202
ara.us.txt,market/Data/Stocks,.txt,17452,396
uht.us.txt,market/Data/Stocks,.txt,152428,3202
pba.us.txt,market/Data/Stocks,.txt,68679,1415
sgrp.us.txt,market/Data/Stocks,.txt,103530,2685
calm.us.txt,market/Data/Stocks,.txt,153453,3202
rif.us.txt,market/Data/Stocks,.txt,136071,2887
gudb.us.txt,market/Data/Stocks,.txt,381,9
ande.us.txt,market/Data/Stocks,.txt,154763,3202
isns.us.txt,market/Data/Stocks,.txt,123716,3100
afc.us.txt,market/Data/Stocks,.txt,85933,1819
fcb.us.txt,market/Data/Stocks,.txt,36123,829
dusa.us.txt,market/Data/Stocks,.txt,8443,189
rmgn.us.txt,market/Data/Stocks,.txt,48564,1222
ocrx.us.txt,market/Data/Stocks,.txt,69713,1647
tops.us.txt,market/Data/Stocks,.txt,77714,1551
cmd.us.txt,market/Data/Stocks,.txt,154305,3202
hqh.us.txt,market/Data/Stocks,.txt,154131,3202
desp.us.txt,market/Data/Stocks,.txt,1697,39
sif.us.txt,market/Data/Stocks,.txt,137521,3052
svra.us.txt,market/Data/Stocks,.txt,128688,3202
mfus.us.txt,market/Data/Stocks,.txt,1894,43
nmk_b.us.txt,market/Data/Stocks,.txt,25119,587
gpm.us.txt,market/Data/Stocks,.txt,147677,3076
gldd.us.txt,market/Data/Stocks,.txt,135364,3016
wbia.us.txt,market/Data/Stocks,.txt,37770,809
link.us.txt,market/Data/Stocks,.txt,34037,915
mos.us.txt,market/Data/Stocks,.txt,158399,3202
gsum.us.txt,market/Data/Stocks,.txt,12297,288
dgly.us.txt,market/Data/Stocks,.txt,115691,2893
aaba.us.txt,market/Data/Stocks,.txt,246552,5435
zn.us.txt,market/Data/Stocks,.txt,108954,2736
shpg.us.txt,market/Data/Stocks,.txt,156257,3202
valu.us.txt,market/Data/Stocks,.txt,143040,3084
efax.us.txt,market/Data/Stocks,.txt,8181,180
sblk.us.txt,market/Data/Stocks,.txt,128543,2950
antx.us.txt,market/Data/Stocks,.txt,30155,631
ingr.us.txt,market/Data/Stocks,.txt,155850,3202
fdc.us.txt,market/Data/Stocks,.txt,23980,525
mgen.us.txt,market/Data/Stocks,.txt,34902,854
towr.us.txt,market/Data/Stocks,.txt,85450,1780
sjt.us.txt,market/Data/Stocks,.txt,154703,3202
tkf.us.txt,market/Data/Stocks,.txt,331629,6993
idlb.us.txt,market/Data/Stocks,.txt,21717,467
lsbk.us.txt,market/Data/Stocks,.txt,81552,1764
pvbc.us.txt,market/Data/Stocks,.txt,24069,573
peb_d.us.txt,market/Data/Stocks,.txt,14113,322
rng.us.txt,market/Data/Stocks,.txt,45781,1041
wdr.us.txt,market/Data/Stocks,.txt,157053,3202
nsh.us.txt,market/Data/Stocks,.txt,137945,2855
eod.us.txt,market/Data/Stocks,.txt,129480,2679
mtb-ws.us.txt,market/Data/Stocks,.txt,28543,713
tmk_c.us.txt,market/Data/Stocks,.txt,17986,406
blkb.us.txt,market/Data/Stocks,.txt,155143,3202
hbk.us.txt,market/Data/Stocks,.txt,41693,1004
cnmd.us.txt,market/Data/Stocks,.txt,154513,3202
ftr.us.txt,market/Data/Stocks,.txt,156270,3202
frc_g.us.txt,market/Data/Stocks,.txt,19503,443
vtc.us.txt,market/Data/Stocks,.txt,127,3
mlm.us.txt,market/Data/Stocks,.txt,155831,3202
mofg.us.txt,market/Data/Stocks,.txt,114516,2447
airg.us.txt,market/Data/Stocks,.txt,13799,317
extn.us.txt,market/Data/Stocks,.txt,22661,510
nite.us.txt,market/Data/Stocks,.txt,1426,33
nl.us.txt,market/Data/Stocks,.txt,143010,3202
fcn.us.txt,market/Data/Stocks,.txt,142156,3202
natr.us.txt,market/Data/Stocks,.txt,141986,3035
cphc.us.txt,market/Data/Stocks,.txt,128779,2819
iosp.us.txt,market/Data/Stocks,.txt,153164,3202
dhi.us.txt,market/Data/Stocks,.txt,158411,3202
cplp.us.txt,market/Data/Stocks,.txt,129663,2677
tlk.us.txt,market/Data/Stocks,.txt,155335,3202
wgl.us.txt,market/Data/Stocks,.txt,155447,3202
npv.us.txt,market/Data/Stocks,.txt,149804,3197
cala.us.txt,market/Data/Stocks,.txt,32430,786
macq.us.txt,market/Data/Stocks,.txt,2743,64
ehi.us.txt,market/Data/Stocks,.txt,154276,3202
cfms.us.txt,market/Data/Stocks,.txt,25016,599
abr_c.us.txt,market/Data/Stocks,.txt,37050,833
navb.us.txt,market/Data/Stocks,.txt,62014,1474
soi.us.txt,market/Data/Stocks,.txt,5738,129
creg.us.txt,market/Data/Stocks,.txt,107967,2930
hst.us.txt,market/Data/Stocks,.txt,159482,3202
ucfc.us.txt,market/Data/Stocks,.txt,151771,3199
ares_a.us.txt,market/Data/Stocks,.txt,16008,358
ulti.us.txt,market/Data/Stocks,.txt,146007,3202
enj.us.txt,market/Data/Stocks,.txt,53460,1157
bkk.us.txt,market/Data/Stocks,.txt,151609,3202
iipr.us.txt,market/Data/Stocks,.txt,11325,240
cmo_e.us.txt,market/Data/Stocks,.txt,51237,1133
fnwb.us.txt,market/Data/Stocks,.txt,30153,697
gem.us.txt,market/Data/Stocks,.txt,25420,535
alim.us.txt,market/Data/Stocks,.txt,76657,1905
box.us.txt,market/Data/Stocks,.txt,31743,709
asc.us.txt,market/Data/Stocks,.txt,49111,1081
epr_f.us.txt,market/Data/Stocks,.txt,56703,1257
usb_m.us.txt,market/Data/Stocks,.txt,66978,1458
tyg.us.txt,market/Data/Stocks,.txt,153669,3202
qsr.us.txt,market/Data/Stocks,.txt,35973,738
hfxe.us.txt,market/Data/Stocks,.txt,20712,445
awp.us.txt,market/Data/Stocks,.txt,54043,1114
cinf.us.txt,market/Data/Stocks,.txt,337971,6963
yten.us.txt,market/Data/Stocks,.txt,110708,2771
aytu.us.txt,market/Data/Stocks,.txt,703,17
clf.us.txt,market/Data/Stocks,.txt,153287,3202
pbnd.us.txt,market/Data/Stocks,.txt,1360,32
hpj.us.txt,market/Data/Stocks,.txt,92619,2351
ascma.us.txt,market/Data/Stocks,.txt,100097,2306
xth.us.txt,market/Data/Stocks,.txt,7427,164
chu.us.txt,market/Data/Stocks,.txt,154912,3198
hty.us.txt,market/Data/Stocks,.txt,121002,2553
f.us.txt,market/Data/Stocks,.txt,519403,10306
pgp.us.txt,market/Data/Stocks,.txt,149455,3140
gbdc.us.txt,market/Data/Stocks,.txt,91154,1911
powi.us.txt,market/Data/Stocks,.txt,154804,3202
exfo.us.txt,market/Data/Stocks,.txt,125675,3197
eig.us.txt,market/Data/Stocks,.txt,131347,2718
kim_k.us.txt,market/Data/Stocks,.txt,56097,1239
anat.us.txt,market/Data/Stocks,.txt,151057,3198
iroq.us.txt,market/Data/Stocks,.txt,56621,1226
mdly.us.txt,market/Data/Stocks,.txt,37130,792
rily.us.txt,market/Data/Stocks,.txt,23900,515
hgv.us.txt,market/Data/Stocks,.txt,9696,217
jhb.us.txt,market/Data/Stocks,.txt,13791,308
mmc.us.txt,market/Data/Stocks,.txt,370072,7530
ssw_h.us.txt,market/Data/Stocks,.txt,13892,314
ms_f.us.txt,market/Data/Stocks,.txt,44476,987
jxsb.us.txt,market/Data/Stocks,.txt,61816,1349
nbw.us.txt,market/Data/Stocks,.txt,148959,3200
fce-a.us.txt,market/Data/Stocks,.txt,88663,1820
eqbk.us.txt,market/Data/Stocks,.txt,21708,506
ppl.us.txt,market/Data/Stocks,.txt,403435,8218
ice.us.txt,market/Data/Stocks,.txt,149624,3019
clns_h.us.txt,market/Data/Stocks,.txt,9462,212
hiiq.us.txt,market/Data/Stocks,.txt,49950,1201
spem.us.txt,market/Data/Stocks,.txt,126741,2681
arkg.us.txt,market/Data/Stocks,.txt,33291,759
fibr.us.txt,market/Data/Stocks,.txt,29020,630
alp_q.us.txt,market/Data/Stocks,.txt,1989,45
rlgt.us.txt,market/Data/Stocks,.txt,57646,1462
ousa.us.txt,market/Data/Stocks,.txt,28181,591
emms.us.txt,market/Data/Stocks,.txt,129519,3202
pfh.us.txt,market/Data/Stocks,.txt,83676,1793
vgz.us.txt,market/Data/Stocks,.txt,130225,3202
leds.us.txt,market/Data/Stocks,.txt,67022,1742
bkyi.us.txt,market/Data/Stocks,.txt,3191,79
fcx.us.txt,market/Data/Stocks,.txt,278046,5628
mitl.us.txt,market/Data/Stocks,.txt,77205,1906
afst.us.txt,market/Data/Stocks,.txt,25518,544
penn.us.txt,market/Data/Stocks,.txt,153702,3202
cim.us.txt,market/Data/Stocks,.txt,123491,2516
adxs.us.txt,market/Data/Stocks,.txt,112755,2955
kmi.us.txt,market/Data/Stocks,.txt,84831,1698
rgld.us.txt,market/Data/Stocks,.txt,155822,3202
vno_k.us.txt,market/Data/Stocks,.txt,61023,1338
ifn.us.txt,market/Data/Stocks,.txt,154879,3202
mhh.us.txt,market/Data/Stocks,.txt,92919,2114
ftd.us.txt,market/Data/Stocks,.txt,44837,1013
crtn.us.txt,market/Data/Stocks,.txt,117175,3011
irl.us.txt,market/Data/Stocks,.txt,150361,3201
mmyt.us.txt,market/Data/Stocks,.txt,79839,1828
driow.us.txt,market/Data/Stocks,.txt,11019,282
sigm.us.txt,market/Data/Stocks,.txt,134581,3202
inpx.us.txt,market/Data/Stocks,.txt,56650,1235
kbwd.us.txt,market/Data/Stocks,.txt,83241,1745
afty.us.txt,market/Data/Stocks,.txt,27105,592
ftnt.us.txt,market/Data/Stocks,.txt,91053,2011
aat.us.txt,market/Data/Stocks,.txt,83076,1718
hrl.us.txt,market/Data/Stocks,.txt,157950,3202
hdef.us.txt,market/Data/Stocks,.txt,12271,270
bhacw.us.txt,market/Data/Stocks,.txt,18231,425
rdwr.us.txt,market/Data/Stocks,.txt,141312,3202
md.us.txt,market/Data/Stocks,.txt,147448,3202
aeg.us.txt,market/Data/Stocks,.txt,156477,3202
iep.us.txt,market/Data/Stocks,.txt,152553,3202
iac.us.txt,market/Data/Stocks,.txt,305139,6246
avh.us.txt,market/Data/Stocks,.txt,48705,1013
hep.us.txt,market/Data/Stocks,.txt,153689,3202
schn.us.txt,market/Data/Stocks,.txt,155766,3202
fsi.us.txt,market/Data/Stocks,.txt,122513,3164
egan.us.txt,market/Data/Stocks,.txt,60424,1529
zx.us.txt,market/Data/Stocks,.txt,65570,1621
uctt.us.txt,market/Data/Stocks,.txt,131237,3201
snss.us.txt,market/Data/Stocks,.txt,70249,1678
opof.us.txt,market/Data/Stocks,.txt,126917,2759
arkq.us.txt,market/Data/Stocks,.txt,35049,775
pti.us.txt,market/Data/Stocks,.txt,18797,444
eqfn.us.txt,market/Data/Stocks,.txt,16736,421
kaacu.us.txt,market/Data/Stocks,.txt,5680,140
mmu.us.txt,market/Data/Stocks,.txt,152951,3202
plow.us.txt,market/Data/Stocks,.txt,90843,1897
xivh.us.txt,market/Data/Stocks,.txt,11865,272
ntla.us.txt,market/Data/Stocks,.txt,17212,385
cutr.us.txt,market/Data/Stocks,.txt,133999,3202
ston.us.txt,market/Data/Stocks,.txt,152284,3202
nymto.us.txt,market/Data/Stocks,.txt,29636,638
p.us.txt,market/Data/Stocks,.txt,72114,1614
anab.us.txt,market/Data/Stocks,.txt,8892,203
wrb_c.us.txt,market/Data/Stocks,.txt,18997,430
wft.us.txt,market/Data/Stocks,.txt,144804,3202
dmb.us.txt,market/Data/Stocks,.txt,54207,1148
save.us.txt,market/Data/Stocks,.txt,72649,1627
ocsl.us.txt,market/Data/Stocks,.txt,116238,2374
mbin.us.txt,market/Data/Stocks,.txt,524,12
lksd.us.txt,market/Data/Stocks,.txt,13396,281
aumn.us.txt,market/Data/Stocks,.txt,87420,2116
orcl.us.txt,market/Data/Stocks,.txt,382575,7487
jdiv.us.txt,market/Data/Stocks,.txt,87,2
jasnw.us.txt,market/Data/Stocks,.txt,35289,846
wve.us.txt,market/Data/Stocks,.txt,21487,506
tnav.us.txt,market/Data/Stocks,.txt,75543,1891
aib-cl.us.txt,market/Data/Stocks,.txt,1347,31
neon.us.txt,market/Data/Stocks,.txt,56360,1394
ahpa.us.txt,market/Data/Stocks,.txt,3966,103
cnob.us.txt,market/Data/Stocks,.txt,150489,3195
sxc.us.txt,market/Data/Stocks,.txt,73718,1589
acglo.us.txt,market/Data/Stocks,.txt,2640,60
awf.us.txt,market/Data/Stocks,.txt,154102,3202
lila.us.txt,market/Data/Stocks,.txt,26596,600
mnk.us.txt,market/Data/Stocks,.txt,50241,1101
saft.us.txt,market/Data/Stocks,.txt,152909,3202
hcrf.us.txt,market/Data/Stocks,.txt,16165,360
nrp.us.txt,market/Data/Stocks,.txt,152169,3202
inn_d.us.txt,market/Data/Stocks,.txt,14839,333
trov.us.txt,market/Data/Stocks,.txt,55523,1374
qdel.us.txt,market/Data/Stocks,.txt,140690,3202
dcph.us.txt,market/Data/Stocks,.txt,1459,33
sce_e.us.txt,market/Data/Stocks,.txt,65113,1452
unm.us.txt,market/Data/Stocks,.txt,383589,7818
ppbi.us.txt,market/Data/Stocks,.txt,126228,3090
usfd.us.txt,market/Data/Stocks,.txt,16717,371
adi.us.txt,market/Data/Stocks,.txt,413379,8399
fulll.us.txt,market/Data/Stocks,.txt,40116,872
hy.us.txt,market/Data/Stocks,.txt,61163,1287
eyeg.us.txt,market/Data/Stocks,.txt,25716,646
rds-b.us.txt,market/Data/Stocks,.txt,89310,1820
crbp.us.txt,market/Data/Stocks,.txt,25908,652
hpp.us.txt,market/Data/Stocks,.txt,90154,1862
ach.us.txt,market/Data/Stocks,.txt,144855,3190
lbdc.us.txt,market/Data/Stocks,.txt,12158,265
til.us.txt,market/Data/Stocks,.txt,17826,458
tchf.us.txt,market/Data/Stocks,.txt,15876,354
slm.us.txt,market/Data/Stocks,.txt,367933,7525
aaww.us.txt,market/Data/Stocks,.txt,137699,3163
gfi.us.txt,market/Data/Stocks,.txt,325207,6687
wbk.us.txt,market/Data/Stocks,.txt,153618,3196
tblu.us.txt,market/Data/Stocks,.txt,8319,186
emn.us.txt,market/Data/Stocks,.txt,295728,6021
jhx.us.txt,market/Data/Stocks,.txt,144107,3075
cmssr.us.txt,market/Data/Stocks,.txt,242,6
gdvd.us.txt,market/Data/Stocks,.txt,5819,130
kblmw.us.txt,market/Data/Stocks,.txt,1698,43
ebmt.us.txt,market/Data/Stocks,.txt,88805,1946
rrgb.us.txt,market/Data/Stocks,.txt,141154,3202
uzc.us.txt,market/Data/Stocks,.txt,23451,496
himx.us.txt,market/Data/Stocks,.txt,143077,2927
refa.us.txt,market/Data/Stocks,.txt,3746,85
pfsw.us.txt,market/Data/Stocks,.txt,128372,3200
sbna.us.txt,market/Data/Stocks,.txt,39913,862
huntu.us.txt,market/Data/Stocks,.txt,4674,113
sb_c.us.txt,market/Data/Stocks,.txt,37489,862
bita.us.txt,market/Data/Stocks,.txt,74940,1757
dnp.us.txt,market/Data/Stocks,.txt,155092,3202
cnxr.us.txt,market/Data/Stocks,.txt,29861,727
oxlc.us.txt,market/Data/Stocks,.txt,80868,1698
gvip.us.txt,market/Data/Stocks,.txt,12019,258
smhi.us.txt,market/Data/Stocks,.txt,5005,114
llqd.us.txt,market/Data/Stocks,.txt,1216,27
afhbl.us.txt,market/Data/Stocks,.txt,3706,85
efsc.us.txt,market/Data/Stocks,.txt,151399,3197
nvo.us.txt,market/Data/Stocks,.txt,156666,3202
ptlc.us.txt,market/Data/Stocks,.txt,28635,612
gut_c.us.txt,market/Data/Stocks,.txt,15932,353
pdt.us.txt,market/Data/Stocks,.txt,153838,3202
bac-ws-a.us.txt,market/Data/Stocks,.txt,28709,682
bntcw.us.txt,market/Data/Stocks,.txt,7242,184
oas.us.txt,market/Data/Stocks,.txt,83543,1867
adms.us.txt,market/Data/Stocks,.txt,39985,907
wpg_i.us.txt,market/Data/Stocks,.txt,27836,647
vvi.us.txt,market/Data/Stocks,.txt,153641,3202
snv_c.us.txt,market/Data/Stocks,.txt,48015,1074
csra.us.txt,market/Data/Stocks,.txt,24469,503
swch.us.txt,market/Data/Stocks,.txt,1203,27
pcg_c.us.txt,market/Data/Stocks,.txt,42116,947
rgnx.us.txt,market/Data/Stocks,.txt,23504,545
fiee.us.txt,market/Data/Stocks,.txt,19733,426
arlp.us.txt,market/Data/Stocks,.txt,155028,3202
lng.us.txt,market/Data/Stocks,.txt,139259,3202
mfsf.us.txt,market/Data/Stocks,.txt,139132,2991
mhd.us.txt,market/Data/Stocks,.txt,150733,3202
sovb.us.txt,market/Data/Stocks,.txt,18649,406
stnl.us.txt,market/Data/Stocks,.txt,0,0
occ.us.txt,market/Data/Stocks,.txt,69781,1575
ntip.us.txt,market/Data/Stocks,.txt,34885,746
tpgh-ws.us.txt,market/Data/Stocks,.txt,588,15
puk.us.txt,market/Data/Stocks,.txt,154448,3202
vno_g.us.txt,market/Data/Stocks,.txt,83586,1819
matw.us.txt,market/Data/Stocks,.txt,153395,3202
hrtx.us.txt,market/Data/Stocks,.txt,41673,960
c_n.us.txt,market/Data/Stocks,.txt,83424,1787
ffbc.us.txt,market/Data/Stocks,.txt,154502,3202
mrln.us.txt,market/Data/Stocks,.txt,151873,3199
rso_c.us.txt,market/Data/Stocks,.txt,38099,855
dbrt.us.txt,market/Data/Stocks,.txt,452,11
nath.us.txt,market/Data/Stocks,.txt,145656,3180
cia.us.txt,market/Data/Stocks,.txt,127176,3202
hum.us.txt,market/Data/Stocks,.txt,442741,9046
amot.us.txt,market/Data/Stocks,.txt,148342,3153
psb_u.us.txt,market/Data/Stocks,.txt,58968,1299
prkr.us.txt,market/Data/Stocks,.txt,123965,3202
ppdf.us.txt,market/Data/Stocks,.txt,86,2
je.us.txt,market/Data/Stocks,.txt,70304,1458
alot.us.txt,market/Data/Stocks,.txt,136687,2947
wyigw.us.txt,market/Data/Stocks,.txt,3253,77
ousm.us.txt,market/Data/Stocks,.txt,10328,219
ggg.us.txt,market/Data/Stocks,.txt,155513,3202
mack.us.txt,market/Data/Stocks,.txt,67711,1417
pfd.us.txt,market/Data/Stocks,.txt,150696,3202
srunu.us.txt,market/Data/Stocks,.txt,7236,163
avd.us.txt,market/Data/Stocks,.txt,154035,3202
rand.us.txt,market/Data/Stocks,.txt,93901,2427
tfsl.us.txt,market/Data/Stocks,.txt,128697,2661
dxb.us.txt,market/Data/Stocks,.txt,87003,1820
arw.us.txt,market/Data/Stocks,.txt,142862,3202
vst.us.txt,market/Data/Stocks,.txt,5874,130
jsmd.us.txt,market/Data/Stocks,.txt,17958,389
sumr.us.txt,market/Data/Stocks,.txt,115864,2947
wst.us.txt,market/Data/Stocks,.txt,155458,3202
too.us.txt,market/Data/Stocks,.txt,132972,2748
fval.us.txt,market/Data/Stocks,.txt,13665,292
osur.us.txt,market/Data/Stocks,.txt,131499,3201
smmt.us.txt,market/Data/Stocks,.txt,27477,653
aek.us.txt,market/Data/Stocks,.txt,69243,1451
vrtv.us.txt,market/Data/Stocks,.txt,36926,860
pcln.us.txt,market/Data/Stocks,.txt,153939,3202
grbk.us.txt,market/Data/Stocks,.txt,101703,2624
lxu.us.txt,market/Data/Stocks,.txt,136429,3194
kone.us.txt,market/Data/Stocks,.txt,65111,1685
intg.us.txt,market/Data/Stocks,.txt,88968,2185
fgen.us.txt,market/Data/Stocks,.txt,32970,755
lvhd.us.txt,market/Data/Stocks,.txt,22212,470
mtnb.us.txt,market/Data/Stocks,.txt,7214,178
ibmj.us.txt,market/Data/Stocks,.txt,25495,547
hyxe.us.txt,market/Data/Stocks,.txt,3025,67
jmlp.us.txt,market/Data/Stocks,.txt,43478,917
pai.us.txt,market/Data/Stocks,.txt,149767,3202
hayu.us.txt,market/Data/Stocks,.txt,0,0
stld.us.txt,market/Data/Stocks,.txt,158461,3202
asa.us.txt,market/Data/Stocks,.txt,153597,3202
usb_o.us.txt,market/Data/Stocks,.txt,51760,1141
immy.us.txt,market/Data/Stocks,.txt,47504,1199
awr.us.txt,market/Data/Stocks,.txt,155001,3202
ftxr.us.txt,market/Data/Stocks,.txt,7744,168
oak.us.txt,market/Data/Stocks,.txt,68241,1408
wrb.us.txt,market/Data/Stocks,.txt,156443,3202
nak.us.txt,market/Data/Stocks,.txt,131516,3202
esnc.us.txt,market/Data/Stocks,.txt,102567,2623
obci.us.txt,market/Data/Stocks,.txt,142163,3042
coke.us.txt,market/Data/Stocks,.txt,151834,3202
gs_i-cl.us.txt,market/Data/Stocks,.txt,764,18
cree.us.txt,market/Data/Stocks,.txt,144040,3202
torm.us.txt,market/Data/Stocks,.txt,112468,2855
lxp_c.us.txt,market/Data/Stocks,.txt,70079,1560
myc.us.txt,market/Data/Stocks,.txt,151729,3202
eyes.us.txt,market/Data/Stocks,.txt,31275,752
ttnp.us.txt,market/Data/Stocks,.txt,240248,5379
endp.us.txt,market/Data/Stocks,.txt,144425,3202
skx.us.txt,market/Data/Stocks,.txt,150189,3202
rok.us.txt,market/Data/Stocks,.txt,441051,9043
vktxw.us.txt,market/Data/Stocks,.txt,11139,281
apps.us.txt,market/Data/Stocks,.txt,45500,1115
gluu.us.txt,market/Data/Stocks,.txt,109714,2682
bki.us.txt,market/Data/Stocks,.txt,27284,628
dtul.us.txt,market/Data/Stocks,.txt,355,8
geo.us.txt,market/Data/Stocks,.txt,156093,3202
gmed.us.txt,market/Data/Stocks,.txt,59052,1329
hgt.us.txt,market/Data/Stocks,.txt,154664,3202
ffti.us.txt,market/Data/Stocks,.txt,5291,113
enta.us.txt,market/Data/Stocks,.txt,51756,1173
nsit.us.txt,market/Data/Stocks,.txt,141137,3202
jls.us.txt,market/Data/Stocks,.txt,95524,2006
igt.us.txt,market/Data/Stocks,.txt,32068,659
ago_e.us.txt,market/Data/Stocks,.txt,83988,1820
fllv.us.txt,market/Data/Stocks,.txt,4487,98
zeus.us.txt,market/Data/Stocks,.txt,153652,3202
clns_j.us.txt,market/Data/Stocks,.txt,1516,34
sbny.us.txt,market/Data/Stocks,.txt,145924,3202
podd.us.txt,market/Data/Stocks,.txt,116374,2646
yge.us.txt,market/Data/Stocks,.txt,107291,2629
bbox.us.txt,market/Data/Stocks,.txt,152664,3202
ks.us.txt,market/Data/Stocks,.txt,144471,2962
acp.us.txt,market/Data/Stocks,.txt,81043,1708
cld.us.txt,market/Data/Stocks,.txt,87334,2009
amnb.us.txt,market/Data/Stocks,.txt,146973,3138
agc.us.txt,market/Data/Stocks,.txt,127300,2638
chw.us.txt,market/Data/Stocks,.txt,127045,2616
elli.us.txt,market/Data/Stocks,.txt,72772,1655
pgr.us.txt,market/Data/Stocks,.txt,389686,7902
fbms.us.txt,market/Data/Stocks,.txt,92742,2008
d.us.txt,market/Data/Stocks,.txt,409821,8348
wbs.us.txt,market/Data/Stocks,.txt,155907,3201
bpfhw.us.txt,market/Data/Stocks,.txt,25429,671
bld.us.txt,market/Data/Stocks,.txt,26626,599
kim_i.us.txt,market/Data/Stocks,.txt,64949,1420
rf_b.us.txt,market/Data/Stocks,.txt,40199,892
srclp.us.txt,market/Data/Stocks,.txt,25703,546
aes.us.txt,market/Data/Stocks,.txt,327455,6647
sne.us.txt,market/Data/Stocks,.txt,156582,3202
peb.us.txt,market/Data/Stocks,.txt,96989,1997
nwy.us.txt,market/Data/Stocks,.txt,130842,3202
pacb.us.txt,market/Data/Stocks,.txt,73100,1772
bk_c.us.txt,market/Data/Stocks,.txt,59139,1295
cyh.us.txt,market/Data/Stocks,.txt,155531,3202
ivty.us.txt,market/Data/Stocks,.txt,24551,611
syy.us.txt,market/Data/Stocks,.txt,377757,7639
qvm.us.txt,market/Data/Stocks,.txt,1047,23
cnnx.us.txt,market/Data/Stocks,.txt,38057,791
ctre.us.txt,market/Data/Stocks,.txt,41754,868
hbanp.us.txt,market/Data/Stocks,.txt,78025,1651
xshq.us.txt,market/Data/Stocks,.txt,6521,152
bhbk.us.txt,market/Data/Stocks,.txt,39783,837
rxn_a.us.txt,market/Data/Stocks,.txt,9510,218
dlx.us.txt,market/Data/Stocks,.txt,370330,7641
eigr.us.txt,market/Data/Stocks,.txt,17238,415
nvus.us.txt,market/Data/Stocks,.txt,34641,797
fdmo.us.txt,market/Data/Stocks,.txt,13641,292
ryaay.us.txt,market/Data/Stocks,.txt,248936,5144
otg.us.txt,market/Data/Stocks,.txt,0,0
tli.us.txt,market/Data/Stocks,.txt,151651,3202
fitb.us.txt,market/Data/Stocks,.txt,343686,6963
ddwm.us.txt,market/Data/Stocks,.txt,21187,450
vmax.us.txt,market/Data/Stocks,.txt,15971,370
door.us.txt,market/Data/Stocks,.txt,46079,1055
gram.us.txt,market/Data/Stocks,.txt,49080,1087
ntg.us.txt,market/Data/Stocks,.txt,88748,1839
abr_a.us.txt,market/Data/Stocks,.txt,51450,1145
hbi.us.txt,market/Data/Stocks,.txt,140292,2831
frc_e.us.txt,market/Data/Stocks,.txt,45388,1018
dotar.us.txt,market/Data/Stocks,.txt,488,12
vta.us.txt,market/Data/Stocks,.txt,125129,2615
cbpx.us.txt,market/Data/Stocks,.txt,41850,952
nblx.us.txt,market/Data/Stocks,.txt,14056,294
layn.us.txt,market/Data/Stocks,.txt,138274,3202
sbow.us.txt,market/Data/Stocks,.txt,5770,133
rusha.us.txt,market/Data/Stocks,.txt,140624,3202
bvsn.us.txt,market/Data/Stocks,.txt,125381,3140
cspi.us.txt,market/Data/Stocks,.txt,143194,3056
kin.us.txt,market/Data/Stocks,.txt,39611,988
gpc.us.txt,market/Data/Stocks,.txt,423641,8727
flmx.us.txt,market/Data/Stocks,.txt,91,2
bmla.us.txt,market/Data/Stocks,.txt,3442,76
byd.us.txt,market/Data/Stocks,.txt,157100,3202
gwb.us.txt,market/Data/Stocks,.txt,37706,777
dlth.us.txt,market/Data/Stocks,.txt,22199,499
pnbk.us.txt,market/Data/Stocks,.txt,113891,2506
cyd.us.txt,market/Data/Stocks,.txt,153203,3202
sfbc.us.txt,market/Data/Stocks,.txt,45780,1002
avp.us.txt,market/Data/Stocks,.txt,443374,9044
fast.us.txt,market/Data/Stocks,.txt,344311,6962
arc.us.txt,market/Data/Stocks,.txt,131954,3203
elecw.us.txt,market/Data/Stocks,.txt,13576,331
pen.us.txt,market/Data/Stocks,.txt,23508,544
pnc_p.us.txt,market/Data/Stocks,.txt,64357,1395
irt.us.txt,market/Data/Stocks,.txt,51608,1073
ubcp.us.txt,market/Data/Stocks,.txt,134088,2895
fnteu.us.txt,market/Data/Stocks,.txt,6180,143
bcacu.us.txt,market/Data/Stocks,.txt,3147,72
cnx.us.txt,market/Data/Stocks,.txt,157076,3202
aal.us.txt,market/Data/Stocks,.txt,49499,990
io.us.txt,market/Data/Stocks,.txt,136940,3202
lglr.us.txt,market/Data/Stocks,.txt,1143,26
clro.us.txt,market/Data/Stocks,.txt,145445,3114
iots.us.txt,market/Data/Stocks,.txt,20115,517
belfb.us.txt,market/Data/Stocks,.txt,152254,3202
tdoc.us.txt,market/Data/Stocks,.txt,26112,599
sni.us.txt,market/Data/Stocks,.txt,115951,2373
ngd.us.txt,market/Data/Stocks,.txt,130362,3175
sgen.us.txt,market/Data/Stocks,.txt,138834,3201
airi.us.txt,market/Data/Stocks,.txt,45855,1062
indb.us.txt,market/Data/Stocks,.txt,152912,3202
wtm.us.txt,market/Data/Stocks,.txt,150647,3202
veac.us.txt,market/Data/Stocks,.txt,2738,70
wbic.us.txt,market/Data/Stocks,.txt,38030,809
ry_t.us.txt,market/Data/Stocks,.txt,11231,266
nxpi.us.txt,market/Data/Stocks,.txt,83579,1832
czz.us.txt,market/Data/Stocks,.txt,125358,2581
hubb.us.txt,market/Data/Stocks,.txt,23023,475
mchx.us.txt,market/Data/Stocks,.txt,148953,3202
hig-ws.us.txt,market/Data/Stocks,.txt,72559,1702
alks.us.txt,market/Data/Stocks,.txt,142599,3202
mitt.us.txt,market/Data/Stocks,.txt,77245,1603
club.us.txt,market/Data/Stocks,.txt,131054,2884
ffbw.us.txt,market/Data/Stocks,.txt,1043,24
gcap.us.txt,market/Data/Stocks,.txt,83370,1738
abr.us.txt,market/Data/Stocks,.txt,153864,3202
dhg.us.txt,market/Data/Stocks,.txt,132201,2763
sid.us.txt,market/Data/Stocks,.txt,153791,3202
rog.us.txt,market/Data/Stocks,.txt,140174,3202
bke.us.txt,market/Data/Stocks,.txt,155793,3202
je_a.us.txt,market/Data/Stocks,.txt,8266,189
gec.us.txt,market/Data/Stocks,.txt,136134,3201
omfs.us.txt,market/Data/Stocks,.txt,84,2
cbak.us.txt,market/Data/Stocks,.txt,124635,3131
sauc.us.txt,market/Data/Stocks,.txt,45803,1152
galt.us.txt,market/Data/Stocks,.txt,57894,1420
ver.us.txt,market/Data/Stocks,.txt,75814,1555
kldx.us.txt,market/Data/Stocks,.txt,21721,531
prme.us.txt,market/Data/Stocks,.txt,12604,275
myo.us.txt,market/Data/Stocks,.txt,4434,108
ha.us.txt,market/Data/Stocks,.txt,132635,3202
wneb.us.txt,market/Data/Stocks,.txt,152691,3201
skt.us.txt,market/Data/Stocks,.txt,156305,3202
infr.us.txt,market/Data/Stocks,.txt,8459,185
wrn.us.txt,market/Data/Stocks,.txt,111860,2810
ako-b.us.txt,market/Data/Stocks,.txt,85710,1819
kkr.us.txt,market/Data/Stocks,.txt,90986,1848
crd-b.us.txt,market/Data/Stocks,.txt,86185,1820
schw_c.us.txt,market/Data/Stocks,.txt,25455,574
asm.us.txt,market/Data/Stocks,.txt,62490,1564
pmt_b.us.txt,market/Data/Stocks,.txt,4018,91
immu.us.txt,market/Data/Stocks,.txt,130358,3202
wmih.us.txt,market/Data/Stocks,.txt,21766,538
h.us.txt,market/Data/Stocks,.txt,89774,2020
mfgp.us.txt,market/Data/Stocks,.txt,2262,50
blh.us.txt,market/Data/Stocks,.txt,145176,3112
nue.us.txt,market/Data/Stocks,.txt,422357,8623
gtn-a.us.txt,market/Data/Stocks,.txt,46930,1199
trhc.us.txt,market/Data/Stocks,.txt,12495,284
pcm.us.txt,market/Data/Stocks,.txt,152103,3201
dswl.us.txt,market/Data/Stocks,.txt,150839,3197
itw.us.txt,market/Data/Stocks,.txt,372387,7567
cmtl.us.txt,market/Data/Stocks,.txt,155116,3202
post.us.txt,market/Data/Stocks,.txt,64717,1452
dtrm.us.txt,market/Data/Stocks,.txt,113646,2990
clh.us.txt,market/Data/Stocks,.txt,145318,3202
plxs.us.txt,market/Data/Stocks,.txt,142045,3202
tmk.us.txt,market/Data/Stocks,.txt,367571,7530
icon.us.txt,market/Data/Stocks,.txt,139557,3202
ago.us.txt,market/Data/Stocks,.txt,156974,3202
cltl.us.txt,market/Data/Stocks,.txt,844,18
bysi.us.txt,market/Data/Stocks,.txt,7166,171
vfl.us.txt,market/Data/Stocks,.txt,144740,3104
hmtv.us.txt,market/Data/Stocks,.txt,49016,1149
nby.us.txt,market/Data/Stocks,.txt,97414,2528
cvm-ws.us.txt,market/Data/Stocks,.txt,36944,848
nfj.us.txt,market/Data/Stocks,.txt,154309,3202
vcel.us.txt,market/Data/Stocks,.txt,125590,3202
igvt.us.txt,market/Data/Stocks,.txt,11519,261
goodo.us.txt,market/Data/Stocks,.txt,66063,1434
aveo.us.txt,market/Data/Stocks,.txt,81272,1934
mmm.us.txt,market/Data/Stocks,.txt,594903,12076
utsl.us.txt,market/Data/Stocks,.txt,4481,102
afam.us.txt,market/Data/Stocks,.txt,145919,3172
usvm.us.txt,market/Data/Stocks,.txt,516,12
fmhi.us.txt,market/Data/Stocks,.txt,221,5
ccor.us.txt,market/Data/Stocks,.txt,5550,120
vmin.us.txt,market/Data/Stocks,.txt,16925,370
vvus.us.txt,market/Data/Stocks,.txt,133028,3201
edn.us.txt,market/Data/Stocks,.txt,105800,2590
dlng_a.us.txt,market/Data/Stocks,.txt,25766,581
jhmu.us.txt,market/Data/Stocks,.txt,7170,158
nssc.us.txt,market/Data/Stocks,.txt,125410,3195
bk.us.txt,market/Data/Stocks,.txt,413375,8366
utmd.us.txt,market/Data/Stocks,.txt,145564,3124
bwld.us.txt,market/Data/Stocks,.txt,145244,3202
prgo.us.txt,market/Data/Stocks,.txt,156403,3202
sem.us.txt,market/Data/Stocks,.txt,96494,2049
nghcz.us.txt,market/Data/Stocks,.txt,26421,564
mtrn.us.txt,market/Data/Stocks,.txt,80922,1684
gifi.us.txt,market/Data/Stocks,.txt,152863,3202
exxi.us.txt,market/Data/Stocks,.txt,6918,160
nuem.us.txt,market/Data/Stocks,.txt,4878,111
casi.us.txt,market/Data/Stocks,.txt,129919,3201
cnac.us.txt,market/Data/Stocks,.txt,1060,27
ocio.us.txt,market/Data/Stocks,.txt,3452,79
pbpb.us.txt,market/Data/Stocks,.txt,45573,1036
sfig.us.txt,market/Data/Stocks,.txt,15933,365
jax.us.txt,market/Data/Stocks,.txt,21892,536
tsc.us.txt,market/Data/Stocks,.txt,48708,1139
fdvv.us.txt,market/Data/Stocks,.txt,13790,292
delt.us.txt,market/Data/Stocks,.txt,22458,553
qd.us.txt,market/Data/Stocks,.txt,845,19
cvs.us.txt,market/Data/Stocks,.txt,408761,8293
ggn_b.us.txt,market/Data/Stocks,.txt,50042,1120
kodk-ws-a.us.txt,market/Data/Stocks,.txt,13482,350
twlo.us.txt,market/Data/Stocks,.txt,16041,352
egp.us.txt,market/Data/Stocks,.txt,154916,3202
psa_b.us.txt,market/Data/Stocks,.txt,20289,458
glw.us.txt,market/Data/Stocks,.txt,449260,9044
ecc.us.txt,market/Data/Stocks,.txt,37008,781
flql.us.txt,market/Data/Stocks,.txt,5245,117
pmt.us.txt,market/Data/Stocks,.txt,101557,2089
sswa.us.txt,market/Data/Stocks,.txt,668,15
sfs.us.txt,market/Data/Stocks,.txt,34229,792
ame.us.txt,market/Data/Stocks,.txt,157151,3202
mth.us.txt,market/Data/Stocks,.txt,141390,3202
shoo.us.txt,market/Data/Stocks,.txt,149681,3202
scsc.us.txt,market/Data/Stocks,.txt,140571,3202
tga.us.txt,market/Data/Stocks,.txt,150717,3202
aiv.us.txt,market/Data/Stocks,.txt,285753,5868
hzn.us.txt,market/Data/Stocks,.txt,25945,599
au.us.txt,market/Data/Stocks,.txt,237328,4851
chco.us.txt,market/Data/Stocks,.txt,152731,3202
glob.us.txt,market/Data/Stocks,.txt,36923,838
qqqx.us.txt,market/Data/Stocks,.txt,130009,2721
eccy.us.txt,market/Data/Stocks,.txt,2719,62
ltxb.us.txt,market/Data/Stocks,.txt,134194,2798
nhs.us.txt,market/Data/Stocks,.txt,151396,3202
rdhl.us.txt,market/Data/Stocks,.txt,47661,1137
hoft.us.txt,market/Data/Stocks,.txt,152133,3202
dukh.us.txt,market/Data/Stocks,.txt,58000,1217
vnrx.us.txt,market/Data/Stocks,.txt,44746,1176
kcny.us.txt,market/Data/Stocks,.txt,31756,696
dlr_h.us.txt,market/Data/Stocks,.txt,40936,917
lad.us.txt,market/Data/Stocks,.txt,155105,3202
carg.us.txt,market/Data/Stocks,.txt,1016,23
evo.us.txt,market/Data/Stocks,.txt,140779,3060
abcb.us.txt,market/Data/Stocks,.txt,152464,3202
onp.us.txt,market/Data/Stocks,.txt,103649,2329
afmd.us.txt,market/Data/Stocks,.txt,32064,800
star_f.us.txt,market/Data/Stocks,.txt,27028,620
oclr.us.txt,market/Data/Stocks,.txt,131630,3202
gab_h.us.txt,market/Data/Stocks,.txt,58211,1282
ty.us.txt,market/Data/Stocks,.txt,153415,3202
cyan.us.txt,market/Data/Stocks,.txt,121609,3140
kmi_a.us.txt,market/Data/Stocks,.txt,22547,510
gjt.us.txt,market/Data/Stocks,.txt,47598,1030
pkw.us.txt,market/Data/Stocks,.txt,130368,2740
rdc.us.txt,market/Data/Stocks,.txt,425386,8725
bdr.us.txt,market/Data/Stocks,.txt,110945,2853
qtna.us.txt,market/Data/Stocks,.txt,11735,263
stpp.us.txt,market/Data/Stocks,.txt,57281,1346
gv.us.txt,market/Data/Stocks,.txt,125592,3176
gshtu.us.txt,market/Data/Stocks,.txt,6648,153
rpai_a.us.txt,market/Data/Stocks,.txt,28114,639
cdr.us.txt,market/Data/Stocks,.txt,155229,3202
ndsn.us.txt,market/Data/Stocks,.txt,155542,3202
brg_c.us.txt,market/Data/Stocks,.txt,13264,302
fng.us.txt,market/Data/Stocks,.txt,3883,87
ce.us.txt,market/Data/Stocks,.txt,157309,3202
mrk.us.txt,market/Data/Stocks,.txt,601819,12076
bswn.us.txt,market/Data/Stocks,.txt,10043,226
cvti.us.txt,market/Data/Stocks,.txt,132048,3199
boja.us.txt,market/Data/Stocks,.txt,27801,636
rytm.us.txt,market/Data/Stocks,.txt,1261,28
pool.us.txt,market/Data/Stocks,.txt,155482,3202
molc.us.txt,market/Data/Stocks,.txt,0,0
wg.us.txt,market/Data/Stocks,.txt,134900,3202
srtsw.us.txt,market/Data/Stocks,.txt,3761,100
st.us.txt,market/Data/Stocks,.txt,86582,1935
rdib.us.txt,market/Data/Stocks,.txt,1136,28
omn.us.txt,market/Data/Stocks,.txt,127814,3202
enh_c.us.txt,market/Data/Stocks,.txt,21209,480
crzo.us.txt,market/Data/Stocks,.txt,143238,3202
hcac-ws.us.txt,market/Data/Stocks,.txt,2811,69
cbb_b.us.txt,market/Data/Stocks,.txt,81724,1808
spa.us.txt,market/Data/Stocks,.txt,127412,3146
qxtr.us.txt,market/Data/Stocks,.txt,8977,200
dfvl.us.txt,market/Data/Stocks,.txt,838,20
hbhcl.us.txt,market/Data/Stocks,.txt,30995,662
mdgs.us.txt,market/Data/Stocks,.txt,16558,424
cfcou.us.txt,market/Data/Stocks,.txt,12862,302
exiv.us.txt,market/Data/Stocks,.txt,5892,135
sina.us.txt,market/Data/Stocks,.txt,143643,3202
vcyt.us.txt,market/Data/Stocks,.txt,41575,1018
cthr.us.txt,market/Data/Stocks,.txt,128422,3200
phi.us.txt,market/Data/Stocks,.txt,154291,3202
axon.us.txt,market/Data/Stocks,.txt,27176,613
bgne.us.txt,market/Data/Stocks,.txt,19773,450
alk.us.txt,market/Data/Stocks,.txt,157738,3202
celp.us.txt,market/Data/Stocks,.txt,45807,966
astc.us.txt,market/Data/Stocks,.txt,120594,3201
mvt.us.txt,market/Data/Stocks,.txt,151252,3202
del.us.txt,market/Data/Stocks,.txt,152290,3202
ci.us.txt,market/Data/Stocks,.txt,441056,8982
sti-ws-a.us.txt,market/Data/Stocks,.txt,12656,315
utlf.us.txt,market/Data/Stocks,.txt,15101,346
mant.us.txt,market/Data/Stocks,.txt,154906,3202
ksu.us.txt,market/Data/Stocks,.txt,157057,3202
uan.us.txt,market/Data/Stocks,.txt,79271,1658
gnk.us.txt,market/Data/Stocks,.txt,23664,586
ddr_a.us.txt,market/Data/Stocks,.txt,4981,113
pbus.us.txt,market/Data/Stocks,.txt,1474,36
axe.us.txt,market/Data/Stocks,.txt,151019,3202
pf.us.txt,market/Data/Stocks,.txt,56947,1168
amh_e.us.txt,market/Data/Stocks,.txt,15243,346
gab_d.us.txt,market/Data/Stocks,.txt,72859,1605
lptx.us.txt,market/Data/Stocks,.txt,7626,189
hon.us.txt,market/Data/Stocks,.txt,593111,12073
csb.us.txt,market/Data/Stocks,.txt,22663,491
tu.us.txt,market/Data/Stocks,.txt,154801,3202
ktov.us.txt,market/Data/Stocks,.txt,20320,497
mtsl.us.txt,market/Data/Stocks,.txt,93817,2403
mog-a.us.txt,market/Data/Stocks,.txt,80090,1820
mhnc.us.txt,market/Data/Stocks,.txt,46688,996
evc.us.txt,market/Data/Stocks,.txt,155127,3202
sbbp.us.txt,market/Data/Stocks,.txt,20140,521
mh_a.us.txt,market/Data/Stocks,.txt,59368,1306
mqy.us.txt,market/Data/Stocks,.txt,151206,3202
aht.us.txt,market/Data/Stocks,.txt,156580,3202
muj.us.txt,market/Data/Stocks,.txt,151015,3202
dd.us.txt,market/Data/Stocks,.txt,699,15
alg.us.txt,market/Data/Stocks,.txt,151853,3200
ccs.us.txt,market/Data/Stocks,.txt,37248,860
hwcc.us.txt,market/Data/Stocks,.txt,134106,2875
pzrx.us.txt,market/Data/Stocks,.txt,15202,374
cvcy.us.txt,market/Data/Stocks,.txt,125927,2711
wiw.us.txt,market/Data/Stocks,.txt,152312,3202
sbra.us.txt,market/Data/Stocks,.txt,154369,3203
efr.us.txt,market/Data/Stocks,.txt,153785,3202
mmdmr.us.txt,market/Data/Stocks,.txt,2647,68
bcs.us.txt,market/Data/Stocks,.txt,157406,3202
susb.us.txt,market/Data/Stocks,.txt,2182,47
ubp.us.txt,market/Data/Stocks,.txt,141382,3053
biol.us.txt,market/Data/Stocks,.txt,147107,3202
wk.us.txt,market/Data/Stocks,.txt,31731,736
mrus.us.txt,market/Data/Stocks,.txt,15577,368
xhr.us.txt,market/Data/Stocks,.txt,33903,699
cto.us.txt,market/Data/Stocks,.txt,150645,3202
hhc.us.txt,market/Data/Stocks,.txt,81635,1762
vbnd.us.txt,market/Data/Stocks,.txt,36405,774
senea.us.txt,market/Data/Stocks,.txt,121864,2880
flgr.us.txt,market/Data/Stocks,.txt,167,4
ipxl.us.txt,market/Data/Stocks,.txt,130286,3031
loan.us.txt,market/Data/Stocks,.txt,130741,2792
niq.us.txt,market/Data/Stocks,.txt,56638,1201
flca.us.txt,market/Data/Stocks,.txt,222,5
rpm.us.txt,market/Data/Stocks,.txt,155900,3202
bto.us.txt,market/Data/Stocks,.txt,152568,3202
ihc.us.txt,market/Data/Stocks,.txt,148220,3177
abdc.us.txt,market/Data/Stocks,.txt,41408,886
crl.us.txt,market/Data/Stocks,.txt,142545,3202
mdu.us.txt,market/Data/Stocks,.txt,156299,3202
cpst.us.txt,market/Data/Stocks,.txt,126071,3202
gmlp.us.txt,market/Data/Stocks,.txt,80209,1658
vblt.us.txt,market/Data/Stocks,.txt,31045,786
eaglw.us.txt,market/Data/Stocks,.txt,13017,322
pyz.us.txt,market/Data/Stocks,.txt,130567,2781
evgbc.us.txt,market/Data/Stocks,.txt,15513,341
chdn.us.txt,market/Data/Stocks,.txt,152006,3202
trvg.us.txt,market/Data/Stocks,.txt,10270,229
alty.us.txt,market/Data/Stocks,.txt,22812,492
esdi.us.txt,market/Data/Stocks,.txt,2607,67
unfi.us.txt,market/Data/Stocks,.txt,142344,3202
ibuy.us.txt,market/Data/Stocks,.txt,17644,392
keg.us.txt,market/Data/Stocks,.txt,9983,228
ngls_a.us.txt,market/Data/Stocks,.txt,23080,521
logm.us.txt,market/Data/Stocks,.txt,102098,2109
prcp.us.txt,market/Data/Stocks,.txt,144606,3186
sar.us.txt,market/Data/Stocks,.txt,124243,2654
zionz.us.txt,market/Data/Stocks,.txt,10630,275
tdw-ws-a.us.txt,market/Data/Stocks,.txt,1091,28
cwai.us.txt,market/Data/Stocks,.txt,7218,158
tds.us.txt,market/Data/Stocks,.txt,155437,3202
foe.us.txt,market/Data/Stocks,.txt,138513,3202
bg.us.txt,market/Data/Stocks,.txt,157123,3202
msi.us.txt,market/Data/Stocks,.txt,158192,3203
fdeu.us.txt,market/Data/Stocks,.txt,25768,539
ft.us.txt,market/Data/Stocks,.txt,152516,3202
adtn.us.txt,market/Data/Stocks,.txt,156533,3202
anw.us.txt,market/Data/Stocks,.txt,132431,2752
cac.us.txt,market/Data/Stocks,.txt,151586,3202
lsi.us.txt,market/Data/Stocks,.txt,154938,3202
bep.us.txt,market/Data/Stocks,.txt,53000,1117
irbt.us.txt,market/Data/Stocks,.txt,132688,3024
pnf.us.txt,market/Data/Stocks,.txt,148919,3200
eman.us.txt,market/Data/Stocks,.txt,142190,3196
gntx.us.txt,market/Data/Stocks,.txt,346090,6965
nxn.us.txt,market/Data/Stocks,.txt,146040,3177
bac.us.txt,market/Data/Stocks,.txt,396869,7930
aimc.us.txt,market/Data/Stocks,.txt,132337,2747
ryam.us.txt,market/Data/Stocks,.txt,41696,862
srts.us.txt,market/Data/Stocks,.txt,11561,292
mcx.us.txt,market/Data/Stocks,.txt,21034,455
nyld-a.us.txt,market/Data/Stocks,.txt,28167,630
dwdp.us.txt,market/Data/Stocks,.txt,509412,10305
eeft.us.txt,market/Data/Stocks,.txt,141823,3202
sup.us.txt,market/Data/Stocks,.txt,154699,3202
frpt.us.txt,market/Data/Stocks,.txt,32127,760
kfy.us.txt,market/Data/Stocks,.txt,155265,3202
iim.us.txt,market/Data/Stocks,.txt,150198,3202
zbzx.us.txt,market/Data/Stocks,.txt,3571,97
ht_e.us.txt,market/Data/Stocks,.txt,11322,253
cath.us.txt,market/Data/Stocks,.txt,16902,373
esgw.us.txt,market/Data/Stocks,.txt,4918,108
strl.us.txt,market/Data/Stocks,.txt,134604,3202
cbl_e.us.txt,market/Data/Stocks,.txt,58263,1283
mtd.us.txt,market/Data/Stocks,.txt,149487,3202
usod.us.txt,market/Data/Stocks,.txt,2397,56
sojb.us.txt,market/Data/Stocks,.txt,13660,290
livn.us.txt,market/Data/Stocks,.txt,23260,523
cetxw.us.txt,market/Data/Stocks,.txt,4939,119
mpw.us.txt,market/Data/Stocks,.txt,152291,3111
dco.us.txt,market/Data/Stocks,.txt,138395,3202
aiz.us.txt,market/Data/Stocks,.txt,156406,3202
boxl.us.txt,market/Data/Stocks,.txt,0,0
tpge-ws.us.txt,market/Data/Stocks,.txt,1269,33
grp-u.us.txt,market/Data/Stocks,.txt,56698,1221
pmx.us.txt,market/Data/Stocks,.txt,151697,3202
msca.us.txt,market/Data/Stocks,.txt,52398,1126
gbnk.us.txt,market/Data/Stocks,.txt,144075,3046
veon.us.txt,market/Data/Stocks,.txt,93402,1909
gne_a.us.txt,market/Data/Stocks,.txt,51182,1187
nvln.us.txt,market/Data/Stocks,.txt,148702,3202
haud.us.txt,market/Data/Stocks,.txt,6708,148
mime.us.txt,market/Data/Stocks,.txt,21639,500
clls.us.txt,market/Data/Stocks,.txt,29424,666
oii.us.txt,market/Data/Stocks,.txt,157375,3202
egle.us.txt,market/Data/Stocks,.txt,137270,3121
sqns.us.txt,market/Data/Stocks,.txt,66213,1655
amrb.us.txt,market/Data/Stocks,.txt,142483,3074
ctw.us.txt,market/Data/Stocks,.txt,73692,1546
cmls.us.txt,market/Data/Stocks,.txt,136399,3201
nmz.us.txt,market/Data/Stocks,.txt,152249,3202
cogt.us.txt,market/Data/Stocks,.txt,88266,2302
gwre.us.txt,market/Data/Stocks,.txt,64751,1459
all_d.us.txt,market/Data/Stocks,.txt,43638,977
wfe_a.us.txt,market/Data/Stocks,.txt,32456,738
spns.us.txt,market/Data/Stocks,.txt,137518,2954
ahl.us.txt,market/Data/Stocks,.txt,155751,3202
cck.us.txt,market/Data/Stocks,.txt,143658,3202
jps.us.txt,market/Data/Stocks,.txt,155376,3202
mur.us.txt,market/Data/Stocks,.txt,158594,3202
dlng.us.txt,market/Data/Stocks,.txt,48401,1008
tccb.us.txt,market/Data/Stocks,.txt,30525,659
emcf.us.txt,market/Data/Stocks,.txt,75131,1637
mdvxw.us.txt,market/Data/Stocks,.txt,15433,371
bgx.us.txt,market/Data/Stocks,.txt,81367,1708
gnrc.us.txt,market/Data/Stocks,.txt,90124,1954
wtfcw.us.txt,market/Data/Stocks,.txt,11453,276
nzf.us.txt,market/Data/Stocks,.txt,151516,3202
xog.us.txt,market/Data/Stocks,.txt,12403,275
avir.us.txt,market/Data/Stocks,.txt,50889,1259
drh.us.txt,market/Data/Stocks,.txt,154061,3140
msdiw.us.txt,market/Data/Stocks,.txt,8430,200
swx.us.txt,market/Data/Stocks,.txt,154972,3202
otiv.us.txt,market/Data/Stocks,.txt,129085,3201
ufpt.us.txt,market/Data/Stocks,.txt,132102,3199
tm.us.txt,market/Data/Stocks,.txt,155668,3202
hov.us.txt,market/Data/Stocks,.txt,134945,3202
afsi_e.us.txt,market/Data/Stocks,.txt,18698,418
erh.us.txt,market/Data/Stocks,.txt,151572,3202
rise.us.txt,market/Data/Stocks,.txt,17117,386
gst_a.us.txt,market/Data/Stocks,.txt,72702,1607
cars.us.txt,market/Data/Stocks,.txt,5200,115
dxtr.us.txt,market/Data/Stocks,.txt,114172,2966
apls.us.txt,market/Data/Stocks,.txt,126,3
xflt.us.txt,market/Data/Stocks,.txt,1423,33
gpacu.us.txt,market/Data/Stocks,.txt,904,22
koss.us.txt,market/Data/Stocks,.txt,121660,2749
jsm.us.txt,market/Data/Stocks,.txt,86403,1820
qiwi.us.txt,market/Data/Stocks,.txt,55334,1143
akr.us.txt,market/Data/Stocks,.txt,155070,3202
ptct.us.txt,market/Data/Stocks,.txt,48751,1109
twnk.us.txt,market/Data/Stocks,.txt,18234,415
akca.us.txt,market/Data/Stocks,.txt,3849,86
ksm.us.txt,market/Data/Stocks,.txt,151041,3202
anh_b.us.txt,market/Data/Stocks,.txt,61856,1382
pdce.us.txt,market/Data/Stocks,.txt,60981,1357
tcf.us.txt,market/Data/Stocks,.txt,157171,3202
dgse.us.txt,market/Data/Stocks,.txt,48363,1217
strt.us.txt,market/Data/Stocks,.txt,144501,3097
gncma.us.txt,market/Data/Stocks,.txt,135934,3202
mpo.us.txt,market/Data/Stocks,.txt,11556,266
aa.us.txt,market/Data/Stocks,.txt,593692,12075
flc.us.txt,market/Data/Stocks,.txt,152118,3202
hacv.us.txt,market/Data/Stocks,.txt,18709,428
mrcy.us.txt,market/Data/Stocks,.txt,138255,3202
sbt.us.txt,market/Data/Stocks,.txt,0,0
psa_v.us.txt,market/Data/Stocks,.txt,59020,1295
inxn.us.txt,market/Data/Stocks,.txt,75545,1708
educ.us.txt,market/Data/Stocks,.txt,134502,2922
zbio.us.txt,market/Data/Stocks,.txt,26697,605
grnb.us.txt,market/Data/Stocks,.txt,8133,175
embh.us.txt,market/Data/Stocks,.txt,10167,221
yoga.us.txt,market/Data/Stocks,.txt,2677,66
cpta.us.txt,market/Data/Stocks,.txt,49722,1043
plab.us.txt,market/Data/Stocks,.txt,133585,3202
pavmw.us.txt,market/Data/Stocks,.txt,5210,140
tannz.us.txt,market/Data/Stocks,.txt,15859,343
dtk.us.txt,market/Data/Stocks,.txt,87847,1820
oaks_a.us.txt,market/Data/Stocks,.txt,29652,678
jbr.us.txt,market/Data/Stocks,.txt,75585,1632
tnp_c.us.txt,market/Data/Stocks,.txt,45010,1001
hsbc_a.us.txt,market/Data/Stocks,.txt,29925,682
hlit.us.txt,market/Data/Stocks,.txt,130693,3202
kbr.us.txt,market/Data/Stocks,.txt,136477,2767
smbc.us.txt,market/Data/Stocks,.txt,112169,2425
pebk.us.txt,market/Data/Stocks,.txt,129412,2803
uslb.us.txt,market/Data/Stocks,.txt,21860,471
nghcn.us.txt,market/Data/Stocks,.txt,15927,341
fl.us.txt,market/Data/Stocks,.txt,158032,3202
cent.us.txt,market/Data/Stocks,.txt,135026,3202
wusa.us.txt,market/Data/Stocks,.txt,946,21
amgn.us.txt,market/Data/Stocks,.txt,419333,8365
cweb.us.txt,market/Data/Stocks,.txt,9885,220
sstk.us.txt,market/Data/Stocks,.txt,56697,1281
lmfaw.us.txt,market/Data/Stocks,.txt,6654,164
kids.us.txt,market/Data/Stocks,.txt,1005,23
nure.us.txt,market/Data/Stocks,.txt,9493,213
jhma.us.txt,market/Data/Stocks,.txt,7861,173
krc.us.txt,market/Data/Stocks,.txt,155865,3202
algn.us.txt,market/Data/Stocks,.txt,141240,3202
hmny.us.txt,market/Data/Stocks,.txt,55072,1297
fcsc.us.txt,market/Data/Stocks,.txt,49301,1133
zen.us.txt,market/Data/Stocks,.txt,39399,883
crt.us.txt,market/Data/Stocks,.txt,151921,3202
sre.us.txt,market/Data/Stocks,.txt,239546,4875
gogo.us.txt,market/Data/Stocks,.txt,49234,1109
cvg.us.txt,market/Data/Stocks,.txt,235645,4841
sbcf.us.txt,market/Data/Stocks,.txt,133470,3202
mdvx.us.txt,market/Data/Stocks,.txt,28040,698
brt.us.txt,market/Data/Stocks,.txt,148376,3166
fnjn.us.txt,market/Data/Stocks,.txt,35677,884
lmha.us.txt,market/Data/Stocks,.txt,19518,414
teso.us.txt,market/Data/Stocks,.txt,150053,3202
etg.us.txt,market/Data/Stocks,.txt,155080,3202
jcap.us.txt,market/Data/Stocks,.txt,31599,665
ecca.us.txt,market/Data/Stocks,.txt,27930,604
swnc.us.txt,market/Data/Stocks,.txt,32352,708
ebayl.us.txt,market/Data/Stocks,.txt,20299,425
gard.us.txt,market/Data/Stocks,.txt,15779,367
wfc_q.us.txt,market/Data/Stocks,.txt,50076,1088
aoxg.us.txt,market/Data/Stocks,.txt,97524,2512
lxrx.us.txt,market/Data/Stocks,.txt,138462,3202
wmgi.us.txt,market/Data/Stocks,.txt,75468,1704
psa_z.us.txt,market/Data/Stocks,.txt,38534,867
tpiv.us.txt,market/Data/Stocks,.txt,10249,255
pml.us.txt,market/Data/Stocks,.txt,152107,3202
exls.us.txt,market/Data/Stocks,.txt,121720,2786
glo.us.txt,market/Data/Stocks,.txt,140679,2910
cic-u.us.txt,market/Data/Stocks,.txt,2113,48
bfz.us.txt,market/Data/Stocks,.txt,151499,3202
mtp.us.txt,market/Data/Stocks,.txt,19599,483
cbi.us.txt,market/Data/Stocks,.txt,157028,3202
acre.us.txt,market/Data/Stocks,.txt,66500,1398
enic.us.txt,market/Data/Stocks,.txt,17999,391
brew.us.txt,market/Data/Stocks,.txt,127751,3198
mpc.us.txt,market/Data/Stocks,.txt,79293,1602
adsw.us.txt,market/Data/Stocks,.txt,12381,279
am.us.txt,market/Data/Stocks,.txt,36978,762
flo.us.txt,market/Data/Stocks,.txt,156849,3202
ain.us.txt,market/Data/Stocks,.txt,154366,3202
cwbc.us.txt,market/Data/Stocks,.txt,115170,2493
int.us.txt,market/Data/Stocks,.txt,155725,3202
brx.us.txt,market/Data/Stocks,.txt,50068,1018
pyn.us.txt,market/Data/Stocks,.txt,149267,3200
tldh.us.txt,market/Data/Stocks,.txt,15993,349
pcti.us.txt,market/Data/Stocks,.txt,152486,3202
maxr.us.txt,market/Data/Stocks,.txt,17950,393
cvrr.us.txt,market/Data/Stocks,.txt,58966,1216
swin.us.txt,market/Data/Stocks,.txt,9576,208
hawx.us.txt,market/Data/Stocks,.txt,13046,282
sri.us.txt,market/Data/Stocks,.txt,134441,3202
pnr.us.txt,market/Data/Stocks,.txt,156834,3202
xoma.us.txt,market/Data/Stocks,.txt,121823,3203
srpt.us.txt,market/Data/Stocks,.txt,149059,3201
essa.us.txt,market/Data/Stocks,.txt,124450,2672
fpp-ws.us.txt,market/Data/Stocks,.txt,48593,1185
jhmm.us.txt,market/Data/Stocks,.txt,24729,530
cort.us.txt,market/Data/Stocks,.txt,127882,3199
lope.us.txt,market/Data/Stocks,.txt,100282,2261
bml_g.us.txt,market/Data/Stocks,.txt,83367,1813
kro.us.txt,market/Data/Stocks,.txt,153871,3201
hyh.us.txt,market/Data/Stocks,.txt,33980,762
tmst.us.txt,market/Data/Stocks,.txt,38514,849
idcc.us.txt,market/Data/Stocks,.txt,155707,3201
tdg.us.txt,market/Data/Stocks,.txt,142808,2939
cenx.us.txt,market/Data/Stocks,.txt,139749,3202
jro.us.txt,market/Data/Stocks,.txt,153712,3202
caw.us.txt,market/Data/Stocks,.txt,138630,3149
ntri.us.txt,market/Data/Stocks,.txt,155881,3202
ibdr.us.txt,market/Data/Stocks,.txt,13479,287
bgt.us.txt,market/Data/Stocks,.txt,152665,3202
onev.us.txt,market/Data/Stocks,.txt,16015,350
frba.us.txt,market/Data/Stocks,.txt,57632,1241
genc.us.txt,market/Data/Stocks,.txt,135090,3076
whlr.us.txt,market/Data/Stocks,.txt,58356,1250
dfrg.us.txt,market/Data/Stocks,.txt,58502,1334
pbi_b.us.txt,market/Data/Stocks,.txt,53641,1177
eff.us.txt,market/Data/Stocks,.txt,52431,1106
iteq.us.txt,market/Data/Stocks,.txt,23279,511
aig-ws.us.txt,market/Data/Stocks,.txt,73376,1708
gfed.us.txt,market/Data/Stocks,.txt,114866,2485
habt.us.txt,market/Data/Stocks,.txt,32895,751
celh.us.txt,market/Data/Stocks,.txt,4839,121
shny.us.txt,market/Data/Stocks,.txt,13164,296
bksc.us.txt,market/Data/Stocks,.txt,124816,2712
goro.us.txt,market/Data/Stocks,.txt,135581,2803
nie.us.txt,market/Data/Stocks,.txt,129030,2702
ptsi.us.txt,market/Data/Stocks,.txt,133052,3156
jjsf.us.txt,market/Data/Stocks,.txt,152558,3202
kgc.us.txt,market/Data/Stocks,.txt,275230,5797
alrn.us.txt,market/Data/Stocks,.txt,4186,96
vivo.us.txt,market/Data/Stocks,.txt,154942,3202
jcp.us.txt,market/Data/Stocks,.txt,435437,9043
vrna.us.txt,market/Data/Stocks,.txt,5745,132
uhal.us.txt,market/Data/Stocks,.txt,152427,3202
mlco.us.txt,market/Data/Stocks,.txt,135683,2745
rpai_a-cl.us.txt,market/Data/Stocks,.txt,539,12
amrn.us.txt,market/Data/Stocks,.txt,128974,3197
artw.us.txt,market/Data/Stocks,.txt,140348,3100
pko.us.txt,market/Data/Stocks,.txt,119859,2509
adxsw.us.txt,market/Data/Stocks,.txt,39691,983
eex.us.txt,market/Data/Stocks,.txt,6414,139
nyt.us.txt,market/Data/Stocks,.txt,383957,7898
ksa.us.txt,market/Data/Stocks,.txt,21379,466
iphi.us.txt,market/Data/Stocks,.txt,77160,1761
nyny.us.txt,market/Data/Stocks,.txt,60856,1488
sbux.us.txt,market/Data/Stocks,.txt,321255,6394
kwr.us.txt,market/Data/Stocks,.txt,152575,3202
bdj.us.txt,market/Data/Stocks,.txt,149204,3076
slca.us.txt,market/Data/Stocks,.txt,71488,1455
dex.us.txt,market/Data/Stocks,.txt,123878,2616
fanz.us.txt,market/Data/Stocks,.txt,3973,88
tei.us.txt,market/Data/Stocks,.txt,153704,3202
sglb.us.txt,market/Data/Stocks,.txt,7090,176
rsg.us.txt,market/Data/Stocks,.txt,157914,3202
term.us.txt,market/Data/Stocks,.txt,6978,150
eses.us.txt,market/Data/Stocks,.txt,25381,638
agio.us.txt,market/Data/Stocks,.txt,48875,1087
leo.us.txt,market/Data/Stocks,.txt,154387,3202
fusb.us.txt,market/Data/Stocks,.txt,133451,2877
gyc.us.txt,market/Data/Stocks,.txt,75343,1628
rwt.us.txt,market/Data/Stocks,.txt,155313,3202
argx.us.txt,market/Data/Stocks,.txt,5242,121
jbgs.us.txt,market/Data/Stocks,.txt,3687,83
cndf.us.txt,market/Data/Stocks,.txt,15584,355
drd.us.txt,market/Data/Stocks,.txt,70824,1477
saic.us.txt,market/Data/Stocks,.txt,50236,1038
tru.us.txt,market/Data/Stocks,.txt,27004,603
csv.us.txt,market/Data/Stocks,.txt,152262,3201
istr.us.txt,market/Data/Stocks,.txt,37802,814
blfs.us.txt,market/Data/Stocks,.txt,36883,915
ta.us.txt,market/Data/Stocks,.txt,110707,2719
psti.us.txt,market/Data/Stocks,.txt,123256,3182
gnca.us.txt,market/Data/Stocks,.txt,39350,952
cfr_a.us.txt,market/Data/Stocks,.txt,53954,1193
ldp.us.txt,market/Data/Stocks,.txt,63983,1334
flat.us.txt,market/Data/Stocks,.txt,52639,1240
now.us.txt,market/Data/Stocks,.txt,61345,1353
gwph.us.txt,market/Data/Stocks,.txt,51681,1144
ontx.us.txt,market/Data/Stocks,.txt,43046,1086
mdp.us.txt,market/Data/Stocks,.txt,394514,8159
cri.us.txt,market/Data/Stocks,.txt,155814,3202
ccv-cl.us.txt,market/Data/Stocks,.txt,87,2
hjv.us.txt,market/Data/Stocks,.txt,80400,1727
pahc.us.txt,market/Data/Stocks,.txt,43349,906
pnc.us.txt,market/Data/Stocks,.txt,360668,7354
sf_a.us.txt,market/Data/Stocks,.txt,14614,332
bmtc.us.txt,market/Data/Stocks,.txt,150856,3187
sgza.us.txt,market/Data/Stocks,.txt,56406,1192
baf.us.txt,market/Data/Stocks,.txt,150201,3202
core.us.txt,market/Data/Stocks,.txt,148863,3083
aht_d.us.txt,market/Data/Stocks,.txt,83496,1819
msdi.us.txt,market/Data/Stocks,.txt,14395,342
ffnw.us.txt,market/Data/Stocks,.txt,119600,2542
vicr.us.txt,market/Data/Stocks,.txt,142429,3202
rvsb.us.txt,market/Data/Stocks,.txt,149238,3169
ds_b.us.txt,market/Data/Stocks,.txt,9206,206
gtls.us.txt,market/Data/Stocks,.txt,126210,2847
msl.us.txt,market/Data/Stocks,.txt,144653,3096
bb.us.txt,market/Data/Stocks,.txt,209540,4716
cgen.us.txt,market/Data/Stocks,.txt,126951,3201
mixt.us.txt,market/Data/Stocks,.txt,50630,1075
gbliz.us.txt,market/Data/Stocks,.txt,25826,553
wins.us.txt,market/Data/Stocks,.txt,15642,375
caf.us.txt,market/Data/Stocks,.txt,134845,2802
shlx.us.txt,market/Data/Stocks,.txt,37209,767
tsem.us.txt,market/Data/Stocks,.txt,132915,3201
utg.us.txt,market/Data/Stocks,.txt,153381,3202
iesc.us.txt,market/Data/Stocks,.txt,115225,2845
esca.us.txt,market/Data/Stocks,.txt,147666,3151
epe.us.txt,market/Data/Stocks,.txt,41143,964
bud.us.txt,market/Data/Stocks,.txt,103432,2108
cmre_b.us.txt,market/Data/Stocks,.txt,29057,670
esgr.us.txt,market/Data/Stocks,.txt,121998,2714
relv.us.txt,market/Data/Stocks,.txt,140308,3167
etv.us.txt,market/Data/Stocks,.txt,150545,3118
catm.us.txt,market/Data/Stocks,.txt,108668,2500
bokf.us.txt,market/Data/Stocks,.txt,153867,3202
seed.us.txt,market/Data/Stocks,.txt,129468,3200
rs.us.txt,market/Data/Stocks,.txt,156145,3202
qgta.us.txt,market/Data/Stocks,.txt,9386,204
sfnc.us.txt,market/Data/Stocks,.txt,152393,3202
dtv.us.txt,market/Data/Stocks,.txt,12865,273
bldr.us.txt,market/Data/Stocks,.txt,131194,3122
staf.us.txt,market/Data/Stocks,.txt,21433,520
wltw.us.txt,market/Data/Stocks,.txt,155592,3202
mrtx.us.txt,market/Data/Stocks,.txt,45799,1090
bbx.us.txt,market/Data/Stocks,.txt,3932,87
rpt_d.us.txt,market/Data/Stocks,.txt,59677,1329
ghm.us.txt,market/Data/Stocks,.txt,152920,3202
egy.us.txt,market/Data/Stocks,.txt,130250,3202
cslt.us.txt,market/Data/Stocks,.txt,37914,926
tegp.us.txt,market/Data/Stocks,.txt,30818,637
bfk.us.txt,market/Data/Stocks,.txt,152597,3202
bac_c.us.txt,market/Data/Stocks,.txt,20030,451
flqe.us.txt,market/Data/Stocks,.txt,14782,321
hips.us.txt,market/Data/Stocks,.txt,30482,659
embu.us.txt,market/Data/Stocks,.txt,1193,27
vlo.us.txt,market/Data/Stocks,.txt,159948,3202
nstg.us.txt,market/Data/Stocks,.txt,48258,1106
fcco.us.txt,market/Data/Stocks,.txt,122685,2662
cbx.us.txt,market/Data/Stocks,.txt,816,22
hack.us.txt,market/Data/Stocks,.txt,35692,751
tgh.us.txt,market/Data/Stocks,.txt,120891,2543
sbi.us.txt,market/Data/Stocks,.txt,150450,3201
cytk.us.txt,market/Data/Stocks,.txt,133708,3202
newt.us.txt,market/Data/Stocks,.txt,148789,3156
pmts.us.txt,market/Data/Stocks,.txt,24660,529
eei.us.txt,market/Data/Stocks,.txt,141893,3090
emdv.us.txt,market/Data/Stocks,.txt,16839,370
fran.us.txt,market/Data/Stocks,.txt,70774,1588
rivrw.us.txt,market/Data/Stocks,.txt,200,5
gnus.us.txt,market/Data/Stocks,.txt,9474,237
dei.us.txt,market/Data/Stocks,.txt,136503,2784
tex.us.txt,market/Data/Stocks,.txt,158056,3202
aspu.us.txt,market/Data/Stocks,.txt,2809,71
fcel.us.txt,market/Data/Stocks,.txt,138412,3202
smcp.us.txt,market/Data/Stocks,.txt,20474,458
cl.us.txt,market/Data/Stocks,.txt,514973,10306
moglc.us.txt,market/Data/Stocks,.txt,810,19
ktos.us.txt,market/Data/Stocks,.txt,129202,3202
nny.us.txt,market/Data/Stocks,.txt,151063,3201
alqa.us.txt,market/Data/Stocks,.txt,36608,957
lhcg.us.txt,market/Data/Stocks,.txt,137127,3131
mtsi.us.txt,market/Data/Stocks,.txt,62807,1427
dfbg.us.txt,market/Data/Stocks,.txt,122467,3198
evf.us.txt,market/Data/Stocks,.txt,154598,3202
irtc.us.txt,market/Data/Stocks,.txt,11929,269
iret_b-cl.us.txt,market/Data/Stocks,.txt,873,20
cwt.us.txt,market/Data/Stocks,.txt,155260,3202
forty.us.txt,market/Data/Stocks,.txt,117444,2543
hes_a.us.txt,market/Data/Stocks,.txt,19468,440
vntr.us.txt,market/Data/Stocks,.txt,3206,72
zoes.us.txt,market/Data/Stocks,.txt,40231,906
klxi.us.txt,market/Data/Stocks,.txt,32598,731
bkcc.us.txt,market/Data/Stocks,.txt,126994,2616
dems.us.txt,market/Data/Stocks,.txt,824,19
ufpi.us.txt,market/Data/Stocks,.txt,153896,3202
spe_b.us.txt,market/Data/Stocks,.txt,9620,217
lovw.us.txt,market/Data/Stocks,.txt,166,4
bpopn.us.txt,market/Data/Stocks,.txt,82616,1767
rcg.us.txt,market/Data/Stocks,.txt,115026,2960
csii.us.txt,market/Data/Stocks,.txt,118662,2865
aiv_a.us.txt,market/Data/Stocks,.txt,28844,663
bcv.us.txt,market/Data/Stocks,.txt,150410,3202
mmdmw.us.txt,market/Data/Stocks,.txt,2566,63
rgt.us.txt,market/Data/Stocks,.txt,47304,1024
viab.us.txt,market/Data/Stocks,.txt,74049,1496
scg.us.txt,market/Data/Stocks,.txt,156382,3202
mlpq.us.txt,market/Data/Stocks,.txt,20051,431
cntf.us.txt,market/Data/Stocks,.txt,125601,3153
mh_d.us.txt,market/Data/Stocks,.txt,4627,104
dbd.us.txt,market/Data/Stocks,.txt,155667,3202
wilc.us.txt,market/Data/Stocks,.txt,144913,3109
ccv.us.txt,market/Data/Stocks,.txt,58792,1241
alb.us.txt,market/Data/Stocks,.txt,156546,3202
jpn.us.txt,market/Data/Stocks,.txt,23407,508
isdr.us.txt,market/Data/Stocks,.txt,77939,1679
fnhc.us.txt,market/Data/Stocks,.txt,151587,3193
bpy.us.txt,market/Data/Stocks,.txt,55581,1155
apop.us.txt,market/Data/Stocks,.txt,12700,317
yld.us.txt,market/Data/Stocks,.txt,23805,516
agm_c.us.txt,market/Data/Stocks,.txt,25399,592
splp_a.us.txt,market/Data/Stocks,.txt,7102,164
pesi.us.txt,market/Data/Stocks,.txt,124229,3195
sph.us.txt,market/Data/Stocks,.txt,155104,3202
axl.us.txt,market/Data/Stocks,.txt,141502,3202
rfem.us.txt,market/Data/Stocks,.txt,15061,326
maa.us.txt,market/Data/Stocks,.txt,155510,3202
rilyz.us.txt,market/Data/Stocks,.txt,5165,116
azpn.us.txt,market/Data/Stocks,.txt,138576,3202
hog.us.txt,market/Data/Stocks,.txt,158354,3202
dwfi.us.txt,market/Data/Stocks,.txt,16824,361
terp.us.txt,market/Data/Stocks,.txt,40829,839
carb.us.txt,market/Data/Stocks,.txt,66885,1574
gigb.us.txt,market/Data/Stocks,.txt,5114,109
gnbc.us.txt,market/Data/Stocks,.txt,34940,824
evj.us.txt,market/Data/Stocks,.txt,147619,3191
fang.us.txt,market/Data/Stocks,.txt,57937,1280
gs.us.txt,market/Data/Stocks,.txt,231285,4662
gslc.us.txt,market/Data/Stocks,.txt,26010,543
mtl_.us.txt,market/Data/Stocks,.txt,145285,3082
fnb.us.txt,market/Data/Stocks,.txt,155792,3202
cdw.us.txt,market/Data/Stocks,.txt,53705,1105
chsco.us.txt,market/Data/Stocks,.txt,49146,1039
wns.us.txt,market/Data/Stocks,.txt,121112,2840
lrn.us.txt,market/Data/Stocks,.txt,109908,2498
optn.us.txt,market/Data/Stocks,.txt,965,22
hbnc.us.txt,market/Data/Stocks,.txt,134610,2856
bbsi.us.txt,market/Data/Stocks,.txt,152192,3202
mfl.us.txt,market/Data/Stocks,.txt,152126,3202
wb.us.txt,market/Data/Stocks,.txt,40326,902
eltk.us.txt,market/Data/Stocks,.txt,118989,3013
amrs.us.txt,market/Data/Stocks,.txt,75865,1793
sq.us.txt,market/Data/Stocks,.txt,22461,500
idra.us.txt,market/Data/Stocks,.txt,128230,3196
eglt.us.txt,market/Data/Stocks,.txt,39260,950
dorm.us.txt,market/Data/Stocks,.txt,137786,3179
flch.us.txt,market/Data/Stocks,.txt,217,5
rpd.us.txt,market/Data/Stocks,.txt,26055,588
gnt_a.us.txt,market/Data/Stocks,.txt,469,11
enlc.us.txt,market/Data/Stocks,.txt,169156,3485
nnn_e.us.txt,market/Data/Stocks,.txt,50869,1123
cbmg.us.txt,market/Data/Stocks,.txt,82643,2269
cgi.us.txt,market/Data/Stocks,.txt,153074,3202
beat.us.txt,market/Data/Stocks,.txt,101515,2433
vmm.us.txt,market/Data/Stocks,.txt,149415,3199
dm.us.txt,market/Data/Stocks,.txt,37510,777
muc.us.txt,market/Data/Stocks,.txt,151925,3202
aln.us.txt,market/Data/Stocks,.txt,94063,2390
ccz.us.txt,market/Data/Stocks,.txt,28239,621
trcb.us.txt,market/Data/Stocks,.txt,115307,2478
bgi.us.txt,market/Data/Stocks,.txt,92170,2401
rice.us.txt,market/Data/Stocks,.txt,43408,960
msbf.us.txt,market/Data/Stocks,.txt,80275,1744
dtyl.us.txt,market/Data/Stocks,.txt,516,12
clrbz.us.txt,market/Data/Stocks,.txt,12674,318
panl.us.txt,market/Data/Stocks,.txt,34911,886
uivm.us.txt,market/Data/Stocks,.txt,530,12
hcom.us.txt,market/Data/Stocks,.txt,68563,1592
jva.us.txt,market/Data/Stocks,.txt,137752,3105
wynn.us.txt,market/Data/Stocks,.txt,158343,3202
cey.us.txt,market/Data/Stocks,.txt,530,12
vrtsp.us.txt,market/Data/Stocks,.txt,6795,151
eurn.us.txt,market/Data/Stocks,.txt,33967,709
caj.us.txt,market/Data/Stocks,.txt,155049,3202
gol.us.txt,market/Data/Stocks,.txt,150041,3202
rexx.us.txt,market/Data/Stocks,.txt,107769,2597
ueic.us.txt,market/Data/Stocks,.txt,139070,3202
vly_b.us.txt,market/Data/Stocks,.txt,2840,65
cori.us.txt,market/Data/Stocks,.txt,36269,905
stt_d.us.txt,market/Data/Stocks,.txt,41861,930
eacqw.us.txt,market/Data/Stocks,.txt,11814,287
bsft.us.txt,market/Data/Stocks,.txt,82008,1868
aht_h.us.txt,market/Data/Stocks,.txt,2390,54
acbi.us.txt,market/Data/Stocks,.txt,21792,513
sohob.us.txt,market/Data/Stocks,.txt,12659,278
hni.us.txt,market/Data/Stocks,.txt,154959,3202
mlab.us.txt,market/Data/Stocks,.txt,137026,2940
cvv.us.txt,market/Data/Stocks,.txt,125246,3095
dsw.us.txt,market/Data/Stocks,.txt,152463,3117
arr_a.us.txt,market/Data/Stocks,.txt,61722,1359
fmax.us.txt,market/Data/Stocks,.txt,0,0
srt.us.txt,market/Data/Stocks,.txt,128171,3196
tkat.us.txt,market/Data/Stocks,.txt,15715,414
pys.us.txt,market/Data/Stocks,.txt,83042,1786
gxp.us.txt,market/Data/Stocks,.txt,157034,3202
trvn.us.txt,market/Data/Stocks,.txt,38967,955
edap.us.txt,market/Data/Stocks,.txt,126093,3189
ken.us.txt,market/Data/Stocks,.txt,24561,571
ffiv.us.txt,market/Data/Stocks,.txt,149028,3202
ec.us.txt,market/Data/Stocks,.txt,110815,2305
amda.us.txt,market/Data/Stocks,.txt,39454,946
cbt.us.txt,market/Data/Stocks,.txt,155270,3202
acrx.us.txt,market/Data/Stocks,.txt,67135,1675
ap.us.txt,market/Data/Stocks,.txt,151288,3199
flr.us.txt,market/Data/Stocks,.txt,209330,4247
dcf.us.txt,market/Data/Stocks,.txt,456,11
cfg.us.txt,market/Data/Stocks,.txt,39176,792
cbli.us.txt,market/Data/Stocks,.txt,109559,2849
ltm.us.txt,market/Data/Stocks,.txt,154746,3202
bbt.us.txt,market/Data/Stocks,.txt,340882,6962
psa_g.us.txt,market/Data/Stocks,.txt,2950,67
ecf.us.txt,market/Data/Stocks,.txt,152476,3202
two_b.us.txt,market/Data/Stocks,.txt,3567,80
eufl.us.txt,market/Data/Stocks,.txt,8504,192
isrl.us.txt,market/Data/Stocks,.txt,106954,2616
kfn_.us.txt,market/Data/Stocks,.txt,55120,1210
lindw.us.txt,market/Data/Stocks,.txt,24609,637
bbrg.us.txt,market/Data/Stocks,.txt,75539,1776
tpx.us.txt,market/Data/Stocks,.txt,142926,3202
wfc_l.us.txt,market/Data/Stocks,.txt,85587,1793
divb.us.txt,market/Data/Stocks,.txt,123,3
apo_a.us.txt,market/Data/Stocks,.txt,7698,173
tcbiw.us.txt,market/Data/Stocks,.txt,199,5
tcf_b-cl.us.txt,market/Data/Stocks,.txt,931,21
evix.us.txt,market/Data/Stocks,.txt,5660,135
capr.us.txt,market/Data/Stocks,.txt,83270,2228
iid.us.txt,market/Data/Stocks,.txt,121557,2553
slrc.us.txt,market/Data/Stocks,.txt,94475,1956
unam.us.txt,market/Data/Stocks,.txt,110157,2500
glog.us.txt,market/Data/Stocks,.txt,68674,1416
efii.us.txt,market/Data/Stocks,.txt,141510,3202
trup.us.txt,market/Data/Stocks,.txt,35078,839
htlf.us.txt,market/Data/Stocks,.txt,151722,3202
imrn.us.txt,market/Data/Stocks,.txt,4279,107
lway.us.txt,market/Data/Stocks,.txt,145796,3202
qrhc.us.txt,market/Data/Stocks,.txt,69771,1843
viav.us.txt,market/Data/Stocks,.txt,294271,6041
scs.us.txt,market/Data/Stocks,.txt,155519,3202
omnt.us.txt,market/Data/Stocks,.txt,6489,160
alv.us.txt,market/Data/Stocks,.txt,156240,3202
gcv_b.us.txt,market/Data/Stocks,.txt,52505,1162
srra.us.txt,market/Data/Stocks,.txt,24462,589
rcs.us.txt,market/Data/Stocks,.txt,154953,3202
plg.us.txt,market/Data/Stocks,.txt,119506,3139
ipoa.us.txt,market/Data/Stocks,.txt,1369,31
uba.us.txt,market/Data/Stocks,.txt,153575,3202
mitt_a.us.txt,market/Data/Stocks,.txt,28731,656
pht.us.txt,market/Data/Stocks,.txt,152740,3202
efc.us.txt,market/Data/Stocks,.txt,85526,1785
sto.us.txt,market/Data/Stocks,.txt,157811,3202
mft.us.txt,market/Data/Stocks,.txt,150570,3199
pinc.us.txt,market/Data/Stocks,.txt,46335,1042
bbt_e.us.txt,market/Data/Stocks,.txt,61382,1331
fold.us.txt,market/Data/Stocks,.txt,108435,2635
amrk.us.txt,market/Data/Stocks,.txt,42537,912
rous.us.txt,market/Data/Stocks,.txt,18757,406
ofed.us.txt,market/Data/Stocks,.txt,38919,850
reml.us.txt,market/Data/Stocks,.txt,12235,265
ardc.us.txt,market/Data/Stocks,.txt,59652,1250
nms.us.txt,market/Data/Stocks,.txt,35935,769
jsd.us.txt,market/Data/Stocks,.txt,77446,1627
medp.us.txt,market/Data/Stocks,.txt,14090,318
foxf.us.txt,market/Data/Stocks,.txt,47013,1076
imuc.us.txt,market/Data/Stocks,.txt,54474,1375
ppih.us.txt,market/Data/Stocks,.txt,126697,3173
dan.us.txt,market/Data/Stocks,.txt,121632,2465
cx.us.txt,market/Data/Stocks,.txt,54034,1101
tel.us.txt,market/Data/Stocks,.txt,129673,2624
fmsa.us.txt,market/Data/Stocks,.txt,32726,785
alfi.us.txt,market/Data/Stocks,.txt,14500,322
wdrw.us.txt,market/Data/Stocks,.txt,16898,392
bscq.us.txt,market/Data/Stocks,.txt,13338,284
unty.us.txt,market/Data/Stocks,.txt,131213,2833
pmpt.us.txt,market/Data/Stocks,.txt,9438,208
xon.us.txt,market/Data/Stocks,.txt,48184,1076
ssb.us.txt,market/Data/Stocks,.txt,152111,3202
hfwa.us.txt,market/Data/Stocks,.txt,147488,3129
tvc.us.txt,market/Data/Stocks,.txt,86010,1820
rfeu.us.txt,market/Data/Stocks,.txt,18381,396
pw.us.txt,market/Data/Stocks,.txt,126579,2940
acgl.us.txt,market/Data/Stocks,.txt,147614,3202
demg.us.txt,market/Data/Stocks,.txt,10119,223
trp.us.txt,market/Data/Stocks,.txt,155841,3202
td.us.txt,market/Data/Stocks,.txt,157444,3202
css.us.txt,market/Data/Stocks,.txt,151969,3202
smtx.us.txt,market/Data/Stocks,.txt,126617,3184
era.us.txt,market/Data/Stocks,.txt,51684,1204
spmd.us.txt,market/Data/Stocks,.txt,138417,2948
evr.us.txt,market/Data/Stocks,.txt,136856,2835
tts.us.txt,market/Data/Stocks,.txt,63521,1309
mci.us.txt,market/Data/Stocks,.txt,150930,3202
ras_c.us.txt,market/Data/Stocks,.txt,80791,1773
wfc_t.us.txt,market/Data/Stocks,.txt,37440,833
cycc.us.txt,market/Data/Stocks,.txt,145978,3186
star.us.txt,market/Data/Stocks,.txt,138383,3202
fcpt.us.txt,market/Data/Stocks,.txt,24511,507
nvmi.us.txt,market/Data/Stocks,.txt,126273,3117
ergf.us.txt,market/Data/Stocks,.txt,15490,346
clmt.us.txt,market/Data/Stocks,.txt,139841,2972
lci.us.txt,market/Data/Stocks,.txt,129490,3193
seac.us.txt,market/Data/Stocks,.txt,130591,3202
esgf.us.txt,market/Data/Stocks,.txt,5497,122
etb.us.txt,market/Data/Stocks,.txt,150925,3161
caty.us.txt,market/Data/Stocks,.txt,155366,3202
imo.us.txt,market/Data/Stocks,.txt,155258,3202
amx.us.txt,market/Data/Stocks,.txt,159512,3202
cbl.us.txt,market/Data/Stocks,.txt,157363,3202
usou.us.txt,market/Data/Stocks,.txt,2896,67
mtu.us.txt,market/Data/Stocks,.txt,156520,3202
ufab.us.txt,market/Data/Stocks,.txt,27380,593
tco.us.txt,market/Data/Stocks,.txt,156028,3202
ffin.us.txt,market/Data/Stocks,.txt,154250,3202
sdrl.us.txt,market/Data/Stocks,.txt,142369,3022
piz.us.txt,market/Data/Stocks,.txt,118381,2484
bbl.us.txt,market/Data/Stocks,.txt,156457,3202
ghy.us.txt,market/Data/Stocks,.txt,59586,1233
band.us.txt,market/Data/Stocks,.txt,84,2
cvbf.us.txt,market/Data/Stocks,.txt,154732,3202
nbtb.us.txt,market/Data/Stocks,.txt,153656,3202
bac_w.us.txt,market/Data/Stocks,.txt,35750,800
rngr.us.txt,market/Data/Stocks,.txt,2846,66
ftri.us.txt,market/Data/Stocks,.txt,89157,1901
scco.us.txt,market/Data/Stocks,.txt,158625,3202
aame.us.txt,market/Data/Stocks,.txt,135301,2927
pei_c.us.txt,market/Data/Stocks,.txt,8644,197
loco.us.txt,market/Data/Stocks,.txt,36704,834
ormp.us.txt,market/Data/Stocks,.txt,48215,1199
noc.us.txt,market/Data/Stocks,.txt,441595,9046
gs_i.us.txt,market/Data/Stocks,.txt,57479,1251
ontl.us.txt,market/Data/Stocks,.txt,7614,163
bvn.us.txt,market/Data/Stocks,.txt,156852,3202
cea.us.txt,market/Data/Stocks,.txt,145789,3083
stz-b.us.txt,market/Data/Stocks,.txt,51548,1127
bv.us.txt,market/Data/Stocks,.txt,59115,1441
tpgh-u.us.txt,market/Data/Stocks,.txt,2907,66
car.us.txt,market/Data/Stocks,.txt,143079,3202
anf.us.txt,market/Data/Stocks,.txt,158498,3202
mlvf.us.txt,market/Data/Stocks,.txt,71007,1759
agfsw.us.txt,market/Data/Stocks,.txt,26166,665
fe.us.txt,market/Data/Stocks,.txt,248730,5035
dds.us.txt,market/Data/Stocks,.txt,348234,7150
pre_f.us.txt,market/Data/Stocks,.txt,54008,1190
sep.us.txt,market/Data/Stocks,.txt,126498,2616
wing.us.txt,market/Data/Stocks,.txt,29524,612
hdng.us.txt,market/Data/Stocks,.txt,150233,3191
mtgep.us.txt,market/Data/Stocks,.txt,37691,811
pnw.us.txt,market/Data/Stocks,.txt,408322,8401
grif.us.txt,market/Data/Stocks,.txt,128885,2793
jhmh.us.txt,market/Data/Stocks,.txt,22816,496
kfrc.us.txt,market/Data/Stocks,.txt,154283,3202
bar.us.txt,market/Data/Stocks,.txt,2177,47
lgf-b.us.txt,market/Data/Stocks,.txt,10405,233
pfie.us.txt,market/Data/Stocks,.txt,37078,916
nxtdw.us.txt,market/Data/Stocks,.txt,27513,669
ecpg.us.txt,market/Data/Stocks,.txt,139301,3202
este.us.txt,market/Data/Stocks,.txt,122244,3114
uboh.us.txt,market/Data/Stocks,.txt,119629,2596
pme.us.txt,market/Data/Stocks,.txt,56460,1198
ugp.us.txt,market/Data/Stocks,.txt,154922,3202
ecr.us.txt,market/Data/Stocks,.txt,35737,858
coup.us.txt,market/Data/Stocks,.txt,12423,279
gfncp.us.txt,market/Data/Stocks,.txt,37238,810
bfs.us.txt,market/Data/Stocks,.txt,152547,3202
caci.us.txt,market/Data/Stocks,.txt,142391,3202
ew.us.txt,market/Data/Stocks,.txt,151695,3202
cim_b.us.txt,market/Data/Stocks,.txt,7990,179
amt.us.txt,market/Data/Stocks,.txt,158445,3202
sfb.us.txt,market/Data/Stocks,.txt,872,20
tcbi.us.txt,market/Data/Stocks,.txt,141125,3202
aig.us.txt,market/Data/Stocks,.txt,416662,8366
tgp.us.txt,market/Data/Stocks,.txt,152544,3155
boom.us.txt,market/Data/Stocks,.txt,153739,3202
flbr.us.txt,market/Data/Stocks,.txt,208,5
abac.us.txt,market/Data/Stocks,.txt,72176,1828
rbio.us.txt,market/Data/Stocks,.txt,0,0
etn.us.txt,market/Data/Stocks,.txt,402138,8159
upl.us.txt,market/Data/Stocks,.txt,6442,148
nviv.us.txt,market/Data/Stocks,.txt,69634,1772
tpl.us.txt,market/Data/Stocks,.txt,150600,3198
wfc_x.us.txt,market/Data/Stocks,.txt,15827,356
sum.us.txt,market/Data/Stocks,.txt,32197,676
hmc.us.txt,market/Data/Stocks,.txt,155925,3202
pbsm.us.txt,market/Data/Stocks,.txt,1508,36
gtxi.us.txt,market/Data/Stocks,.txt,126088,3202
miln.us.txt,market/Data/Stocks,.txt,17699,384
pjh.us.txt,market/Data/Stocks,.txt,58975,1240
hnrg.us.txt,market/Data/Stocks,.txt,109268,2316
jhmd.us.txt,market/Data/Stocks,.txt,9374,206
rlog.us.txt,market/Data/Stocks,.txt,113298,2892
grmy.us.txt,market/Data/Stocks,.txt,436,10
amcx.us.txt,market/Data/Stocks,.txt,71535,1603
disca.us.txt,market/Data/Stocks,.txt,150788,3112
fox.us.txt,market/Data/Stocks,.txt,158527,3202
blph.us.txt,market/Data/Stocks,.txt,28189,694
cem.us.txt,market/Data/Stocks,.txt,90104,1861
fi.us.txt,market/Data/Stocks,.txt,51994,1075
eurz.us.txt,market/Data/Stocks,.txt,2632,62
gthx.us.txt,market/Data/Stocks,.txt,5520,126
cci_a.us.txt,market/Data/Stocks,.txt,3510,72
kai.us.txt,market/Data/Stocks,.txt,152646,3202
tcrx.us.txt,market/Data/Stocks,.txt,30922,670
imgn.us.txt,market/Data/Stocks,.txt,133931,3202
cpsi.us.txt,market/Data/Stocks,.txt,153623,3202
kweb.us.txt,market/Data/Stocks,.txt,50481,1072
amtd.us.txt,market/Data/Stocks,.txt,158747,3202
ai_b.us.txt,market/Data/Stocks,.txt,4840,112
tsri.us.txt,market/Data/Stocks,.txt,123251,2675
uonek.us.txt,market/Data/Stocks,.txt,128919,3199
chfc.us.txt,market/Data/Stocks,.txt,153231,3202
gzt.us.txt,market/Data/Stocks,.txt,68192,1481
tbph.us.txt,market/Data/Stocks,.txt,38571,868
wsci.us.txt,market/Data/Stocks,.txt,145011,3159
dske.us.txt,market/Data/Stocks,.txt,17576,423
reis.us.txt,market/Data/Stocks,.txt,142580,3042
eqs.us.txt,market/Data/Stocks,.txt,120904,3104
all_a.us.txt,market/Data/Stocks,.txt,70317,1526
nurow.us.txt,market/Data/Stocks,.txt,15025,373
stc.us.txt,market/Data/Stocks,.txt,153600,3202
cpa.us.txt,market/Data/Stocks,.txt,145645,2999
bofil.us.txt,market/Data/Stocks,.txt,18783,406
ctr.us.txt,market/Data/Stocks,.txt,65272,1355
se.us.txt,market/Data/Stocks,.txt,752,17
csiq.us.txt,market/Data/Stocks,.txt,121071,2772
lqdt.us.txt,market/Data/Stocks,.txt,125766,2953
syna.us.txt,market/Data/Stocks,.txt,143147,3202
phys.us.txt,market/Data/Stocks,.txt,85645,1944
phx.us.txt,market/Data/Stocks,.txt,151228,3201
cvgw.us.txt,market/Data/Stocks,.txt,150637,3198
mcbc.us.txt,market/Data/Stocks,.txt,151963,3202
blrx.us.txt,market/Data/Stocks,.txt,62416,1532
nrcia.us.txt,market/Data/Stocks,.txt,53081,1127
luna.us.txt,market/Data/Stocks,.txt,113393,2871
culp.us.txt,market/Data/Stocks,.txt,150755,3185
ssrm.us.txt,market/Data/Stocks,.txt,140192,3202
jpxn.us.txt,market/Data/Stocks,.txt,25116,544
dy.us.txt,market/Data/Stocks,.txt,140668,3202
atra.us.txt,market/Data/Stocks,.txt,34002,776
ffhl.us.txt,market/Data/Stocks,.txt,102898,2624
iyld.us.txt,market/Data/Stocks,.txt,65452,1375
carv.us.txt,market/Data/Stocks,.txt,41220,1077
aktx.us.txt,market/Data/Stocks,.txt,35111,912
erm.us.txt,market/Data/Stocks,.txt,6662,146
nna.us.txt,market/Data/Stocks,.txt,109147,2276
rnva.us.txt,market/Data/Stocks,.txt,75266,1529
cdxc.us.txt,market/Data/Stocks,.txt,76547,1902
arcb.us.txt,market/Data/Stocks,.txt,155542,3202
njr.us.txt,market/Data/Stocks,.txt,155626,3202
bcpc.us.txt,market/Data/Stocks,.txt,152465,3202
vsmv.us.txt,market/Data/Stocks,.txt,2246,49
ctxr.us.txt,market/Data/Stocks,.txt,2896,72
pxi.us.txt,market/Data/Stocks,.txt,131513,2789
ssn.us.txt,market/Data/Stocks,.txt,93514,2461
wvvip.us.txt,market/Data/Stocks,.txt,3201,85
wrlsu.us.txt,market/Data/Stocks,.txt,2674,61
hos.us.txt,market/Data/Stocks,.txt,140435,3202
krny.us.txt,market/Data/Stocks,.txt,151497,3202
eeq.us.txt,market/Data/Stocks,.txt,149760,3202
eab.us.txt,market/Data/Stocks,.txt,58191,1235
pflt.us.txt,market/Data/Stocks,.txt,78427,1658
bdc.us.txt,market/Data/Stocks,.txt,155438,3202
rmni.us.txt,market/Data/Stocks,.txt,9073,230
gg.us.txt,market/Data/Stocks,.txt,270527,5599
soho.us.txt,market/Data/Stocks,.txt,151198,3197
aod.us.txt,market/Data/Stocks,.txt,132451,2721
gsl_b.us.txt,market/Data/Stocks,.txt,35169,809
sdr.us.txt,market/Data/Stocks,.txt,68156,1404
cpah.us.txt,market/Data/Stocks,.txt,48722,1255
fnv.us.txt,market/Data/Stocks,.txt,75625,1556
clxt.us.txt,market/Data/Stocks,.txt,3582,82
cdc.us.txt,market/Data/Stocks,.txt,40144,848
hylb.us.txt,market/Data/Stocks,.txt,10526,225
ecf_a.us.txt,market/Data/Stocks,.txt,1714,39
gldw.us.txt,market/Data/Stocks,.txt,7249,156
c_k.us.txt,market/Data/Stocks,.txt,46185,1013
matr.us.txt,market/Data/Stocks,.txt,63100,1614
rail.us.txt,market/Data/Stocks,.txt,152929,3176
mlr.us.txt,market/Data/Stocks,.txt,151816,3202
wbir.us.txt,market/Data/Stocks,.txt,15256,327
slno.us.txt,market/Data/Stocks,.txt,29637,752
bid.us.txt,market/Data/Stocks,.txt,155054,3202
hubs.us.txt,market/Data/Stocks,.txt,34101,781
tell.us.txt,market/Data/Stocks,.txt,131221,3202
fbhs.us.txt,market/Data/Stocks,.txt,75330,1537
pbr.us.txt,market/Data/Stocks,.txt,155244,3202
ctbi.us.txt,market/Data/Stocks,.txt,152479,3202
hbcp.us.txt,market/Data/Stocks,.txt,106920,2276
ntz.us.txt,market/Data/Stocks,.txt,122518,3153
andv.us.txt,market/Data/Stocks,.txt,158675,3202
ggb.us.txt,market/Data/Stocks,.txt,158458,3202
thg.us.txt,market/Data/Stocks,.txt,155316,3202
cubi.us.txt,market/Data/Stocks,.txt,51050,1133
ns.us.txt,market/Data/Stocks,.txt,155326,3202
cid.us.txt,market/Data/Stocks,.txt,23599,510
san_a.us.txt,market/Data/Stocks,.txt,83418,1812
desc.us.txt,market/Data/Stocks,.txt,10633,233
abc.us.txt,market/Data/Stocks,.txt,280635,5692
cio_a.us.txt,market/Data/Stocks,.txt,11972,274
bmlp.us.txt,market/Data/Stocks,.txt,2829,62
fljh.us.txt,market/Data/Stocks,.txt,222,5
orbk.us.txt,market/Data/Stocks,.txt,137562,3202
cone.us.txt,market/Data/Stocks,.txt,59052,1215
tpvy.us.txt,market/Data/Stocks,.txt,3659,82
exg.us.txt,market/Data/Stocks,.txt,132851,2702
ava.us.txt,market/Data/Stocks,.txt,155428,3202
htrb.us.txt,market/Data/Stocks,.txt,535,12
arr.us.txt,market/Data/Stocks,.txt,116051,2403
ntnx.us.txt,market/Data/Stocks,.txt,12746,283
lxp.us.txt,market/Data/Stocks,.txt,156792,3202
baba.us.txt,market/Data/Stocks,.txt,37598,795
upld.us.txt,market/Data/Stocks,.txt,30470,753
rhe_a.us.txt,market/Data/Stocks,.txt,1355,31
sptm.us.txt,market/Data/Stocks,.txt,150105,3177
bjz.us.txt,market/Data/Stocks,.txt,148669,3176
yesr.us.txt,market/Data/Stocks,.txt,12740,285
sfun.us.txt,market/Data/Stocks,.txt,83497,1800
cni.us.txt,market/Data/Stocks,.txt,157923,3202
snx.us.txt,market/Data/Stocks,.txt,155060,3202
kior.us.txt,market/Data/Stocks,.txt,659,15
vrts.us.txt,market/Data/Stocks,.txt,106259,2232
eix.us.txt,market/Data/Stocks,.txt,468780,9550
zjzzt.us.txt,market/Data/Stocks,.txt,361,9
glre.us.txt,market/Data/Stocks,.txt,114949,2639
apwc.us.txt,market/Data/Stocks,.txt,65333,1442
y.us.txt,market/Data/Stocks,.txt,150001,3202
camp.us.txt,market/Data/Stocks,.txt,133493,3202
rlh.us.txt,market/Data/Stocks,.txt,126004,3202
vcra.us.txt,market/Data/Stocks,.txt,61912,1418
gmre.us.txt,market/Data/Stocks,.txt,16309,348
derm.us.txt,market/Data/Stocks,.txt,34584,785
wnfm.us.txt,market/Data/Stocks,.txt,0,0
cig-c.us.txt,market/Data/Stocks,.txt,63162,1403
out.us.txt,market/Data/Stocks,.txt,36368,749
shag.us.txt,market/Data/Stocks,.txt,5632,124
kn.us.txt,market/Data/Stocks,.txt,41886,932
acm.us.txt,market/Data/Stocks,.txt,118247,2649
gden.us.txt,market/Data/Stocks,.txt,150533,3202
scyx.us.txt,market/Data/Stocks,.txt,34945,880
tsla.us.txt,market/Data/Stocks,.txt,87266,1859
wfbi.us.txt,market/Data/Stocks,.txt,51419,1106
pcyg.us.txt,market/Data/Stocks,.txt,120785,3136
igi.us.txt,market/Data/Stocks,.txt,100435,2112
chmg.us.txt,market/Data/Stocks,.txt,56125,1208
nbix.us.txt,market/Data/Stocks,.txt,136757,3202
banc_e.us.txt,market/Data/Stocks,.txt,19713,446
nbh.us.txt,market/Data/Stocks,.txt,150660,3202
gaino.us.txt,market/Data/Stocks,.txt,32034,694
cmssw.us.txt,market/Data/Stocks,.txt,236,6
bidu.us.txt,market/Data/Stocks,.txt,145136,3091
apb.us.txt,market/Data/Stocks,.txt,148692,3197
kblmr.us.txt,market/Data/Stocks,.txt,2187,54
osprw.us.txt,market/Data/Stocks,.txt,646,16
bkt.us.txt,market/Data/Stocks,.txt,154618,3202
psmt.us.txt,market/Data/Stocks,.txt,153500,3202
appn.us.txt,market/Data/Stocks,.txt,5370,120
wec.us.txt,market/Data/Stocks,.txt,412403,8324
clns_c-cl.us.txt,market/Data/Stocks,.txt,925,21
ger.us.txt,market/Data/Stocks,.txt,37856,790
sngx.us.txt,market/Data/Stocks,.txt,9413,231
sce_l.us.txt,market/Data/Stocks,.txt,4230,95
zgnx.us.txt,market/Data/Stocks,.txt,74757,1752
zeal.us.txt,market/Data/Stocks,.txt,2934,68
ichr.us.txt,market/Data/Stocks,.txt,10441,234
gale.us.txt,market/Data/Stocks,.txt,60677,1522
vec.us.txt,market/Data/Stocks,.txt,34484,787
lc.us.txt,market/Data/Stocks,.txt,31764,737
macqu.us.txt,market/Data/Stocks,.txt,5839,140
amma.us.txt,market/Data/Stocks,.txt,11257,279
hseb.us.txt,market/Data/Stocks,.txt,88199,1820
mnst.us.txt,market/Data/Stocks,.txt,70699,1472
crak.us.txt,market/Data/Stocks,.txt,23107,504
vnla.us.txt,market/Data/Stocks,.txt,11402,243
tcon.us.txt,market/Data/Stocks,.txt,28357,704
hp.us.txt,market/Data/Stocks,.txt,158319,3202
cog.us.txt,market/Data/Stocks,.txt,158658,3202
kop.us.txt,market/Data/Stocks,.txt,139725,2968
nly_e.us.txt,market/Data/Stocks,.txt,15100,338
nee.us.txt,market/Data/Stocks,.txt,158505,3202
trxc.us.txt,market/Data/Stocks,.txt,218402,5573
qtrh.us.txt,market/Data/Stocks,.txt,77384,1625
nav.us.txt,market/Data/Stocks,.txt,527119,12076
neog.us.txt,market/Data/Stocks,.txt,146214,3202
vbfc.us.txt,market/Data/Stocks,.txt,87161,2212
stly.us.txt,market/Data/Stocks,.txt,150965,3200
smplw.us.txt,market/Data/Stocks,.txt,3382,87
ftxo.us.txt,market/Data/Stocks,.txt,12705,269
mmp.us.txt,market/Data/Stocks,.txt,155724,3202
tatt.us.txt,market/Data/Stocks,.txt,136420,2931
mic.us.txt,market/Data/Stocks,.txt,155387,3202
juno.us.txt,market/Data/Stocks,.txt,32757,731
axs_e.us.txt,market/Data/Stocks,.txt,10837,245
nbd.us.txt,market/Data/Stocks,.txt,125710,2659
cmcm.us.txt,market/Data/Stocks,.txt,38983,888
kvhi.us.txt,market/Data/Stocks,.txt,132849,3202
shw.us.txt,market/Data/Stocks,.txt,397493,8160
rlgt_a.us.txt,market/Data/Stocks,.txt,24464,572
shak.us.txt,market/Data/Stocks,.txt,31237,704
rmbl.us.txt,market/Data/Stocks,.txt,2582,75
kb.us.txt,market/Data/Stocks,.txt,108170,2298
hsbc.us.txt,market/Data/Stocks,.txt,158008,3202
dit.us.txt,market/Data/Stocks,.txt,119274,2588
qcp.us.txt,market/Data/Stocks,.txt,11649,260
sld.us.txt,market/Data/Stocks,.txt,57047,1201
agr.us.txt,market/Data/Stocks,.txt,23137,480
ocsi.us.txt,market/Data/Stocks,.txt,51985,1095
anet.us.txt,market/Data/Stocks,.txt,39183,868
pgc.us.txt,market/Data/Stocks,.txt,149639,3180
bhf.us.txt,market/Data/Stocks,.txt,3708,84
felp.us.txt,market/Data/Stocks,.txt,40708,860
jpm_e.us.txt,market/Data/Stocks,.txt,38068,849
sti_e.us.txt,market/Data/Stocks,.txt,55977,1229
vrs.us.txt,market/Data/Stocks,.txt,13584,335
cxw.us.txt,market/Data/Stocks,.txt,156921,3202
googl.us.txt,market/Data/Stocks,.txt,162859,3334
pwr.us.txt,market/Data/Stocks,.txt,144441,3202
info.us.txt,market/Data/Stocks,.txt,38534,859
eye.us.txt,market/Data/Stocks,.txt,569,13
psa.us.txt,market/Data/Stocks,.txt,156743,3202
kang.us.txt,market/Data/Stocks,.txt,40153,908
lnn.us.txt,market/Data/Stocks,.txt,154175,3202
naz.us.txt,market/Data/Stocks,.txt,146891,3171
mpac.us.txt,market/Data/Stocks,.txt,2595,65
lrge.us.txt,market/Data/Stocks,.txt,909,21
ckx.us.txt,market/Data/Stocks,.txt,93542,2052
weys.us.txt,market/Data/Stocks,.txt,150729,3201
tnh.us.txt,market/Data/Stocks,.txt,152894,3202
fpay.us.txt,market/Data/Stocks,.txt,7643,200
riot.us.txt,market/Data/Stocks,.txt,73607,1564
ytra.us.txt,market/Data/Stocks,.txt,9426,225
gam.us.txt,market/Data/Stocks,.txt,152501,3202
isg.us.txt,market/Data/Stocks,.txt,86899,1820
pcmi.us.txt,market/Data/Stocks,.txt,129424,3201
hyacu.us.txt,market/Data/Stocks,.txt,556,13
nwsa.us.txt,market/Data/Stocks,.txt,54765,1108
unh.us.txt,market/Data/Stocks,.txt,347633,6965
cube.us.txt,market/Data/Stocks,.txt,75929,1549
pnrg.us.txt,market/Data/Stocks,.txt,94201,2350
lanc.us.txt,market/Data/Stocks,.txt,154297,3202
ggn.us.txt,market/Data/Stocks,.txt,154131,3182
trip.us.txt,market/Data/Stocks,.txt,67410,1483
btx-ws.us.txt,market/Data/Stocks,.txt,28248,689
feim.us.txt,market/Data/Stocks,.txt,140787,3140
yeco.us.txt,market/Data/Stocks,.txt,1254,31
tvty.us.txt,market/Data/Stocks,.txt,140348,3202
fico.us.txt,market/Data/Stocks,.txt,155317,3202
pub.us.txt,market/Data/Stocks,.txt,28996,613
apen.us.txt,market/Data/Stocks,.txt,56218,1273
wpc.us.txt,market/Data/Stocks,.txt,153803,3202
airt.us.txt,market/Data/Stocks,.txt,138477,3058
voya.us.txt,market/Data/Stocks,.txt,56101,1144
nvro.us.txt,market/Data/Stocks,.txt,33771,761
smin.us.txt,market/Data/Stocks,.txt,59341,1277
hri.us.txt,market/Data/Stocks,.txt,15443,345
ttoo.us.txt,market/Data/Stocks,.txt,34261,825
ir.us.txt,market/Data/Stocks,.txt,402269,8161
fdp.us.txt,market/Data/Stocks,.txt,154995,3202
bhacr.us.txt,market/Data/Stocks,.txt,10788,256
xrx.us.txt,market/Data/Stocks,.txt,504381,10308
aeb.us.txt,market/Data/Stocks,.txt,86124,1820
drua.us.txt,market/Data/Stocks,.txt,15794,330
ma.us.txt,market/Data/Stocks,.txt,144305,2889
cubi_d.us.txt,market/Data/Stocks,.txt,15790,364
gdp.us.txt,market/Data/Stocks,.txt,6271,150
pffr.us.txt,market/Data/Stocks,.txt,9001,193
pes.us.txt,market/Data/Stocks,.txt,134044,3202
kyn.us.txt,market/Data/Stocks,.txt,155272,3202
ivz.us.txt,market/Data/Stocks,.txt,157774,3202
pslv.us.txt,market/Data/Stocks,.txt,74636,1769
schk.us.txt,market/Data/Stocks,.txt,1053,23
dx_b.us.txt,market/Data/Stocks,.txt,50919,1139
aciu.us.txt,market/Data/Stocks,.txt,12062,288
bybk.us.txt,market/Data/Stocks,.txt,78734,2047
pro.us.txt,market/Data/Stocks,.txt,112342,2615
incr.us.txt,market/Data/Stocks,.txt,33296,760
gsl.us.txt,market/Data/Stocks,.txt,107833,2328
boch.us.txt,market/Data/Stocks,.txt,134940,2886
hurn.us.txt,market/Data/Stocks,.txt,140331,3202
ecom.us.txt,market/Data/Stocks,.txt,48998,1129
exk.us.txt,market/Data/Stocks,.txt,129961,3187
iaf.us.txt,market/Data/Stocks,.txt,153399,3202
lw.us.txt,market/Data/Stocks,.txt,12330,253
cnxc.us.txt,market/Data/Stocks,.txt,28567,599
orm.us.txt,market/Data/Stocks,.txt,52111,1103
pbib.us.txt,market/Data/Stocks,.txt,106511,2606
navi.us.txt,market/Data/Stocks,.txt,43930,890
cban.us.txt,market/Data/Stocks,.txt,125646,2726
hd.us.txt,market/Data/Stocks,.txt,459255,9115
myj.us.txt,market/Data/Stocks,.txt,149633,3202
clsd.us.txt,market/Data/Stocks,.txt,15017,367
ewsc.us.txt,market/Data/Stocks,.txt,20370,440
tnp.us.txt,market/Data/Stocks,.txt,155278,3202
umpq.us.txt,market/Data/Stocks,.txt,156200,3202
ivenc.us.txt,market/Data/Stocks,.txt,2428,52
apti.us.txt,market/Data/Stocks,.txt,12812,288
unp.us.txt,market/Data/Stocks,.txt,472387,9550
gef.us.txt,market/Data/Stocks,.txt,155040,3202
ovid.us.txt,market/Data/Stocks,.txt,5564,134
ncna.us.txt,market/Data/Stocks,.txt,1439,33
ash.us.txt,market/Data/Stocks,.txt,425801,8727
tyl.us.txt,market/Data/Stocks,.txt,143477,3202
cxo.us.txt,market/Data/Stocks,.txt,120042,2590
achc.us.txt,market/Data/Stocks,.txt,67298,1517
cldx.us.txt,market/Data/Stocks,.txt,134584,3202
wrk.us.txt,market/Data/Stocks,.txt,29519,597
flkr.us.txt,market/Data/Stocks,.txt,119,3
dsgx.us.txt,market/Data/Stocks,.txt,128825,3192
neos.us.txt,market/Data/Stocks,.txt,23795,584
cercw.us.txt,market/Data/Stocks,.txt,14921,366
lstr.us.txt,market/Data/Stocks,.txt,155616,3202
acy.us.txt,market/Data/Stocks,.txt,122557,3040
clm.us.txt,market/Data/Stocks,.txt,152621,3202
usat.us.txt,market/Data/Stocks,.txt,128459,3202
sho.us.txt,market/Data/Stocks,.txt,157064,3202
brks.us.txt,market/Data/Stocks,.txt,155012,3202
fbk.us.txt,market/Data/Stocks,.txt,12838,293
oi.us.txt,market/Data/Stocks,.txt,144554,3202
useg.us.txt,market/Data/Stocks,.txt,134717,3201
melr.us.txt,market/Data/Stocks,.txt,21486,518
m.us.txt,market/Data/Stocks,.txt,159343,3202
jaso.us.txt,market/Data/Stocks,.txt,114224,2713
lmrk.us.txt,market/Data/Stocks,.txt,35933,754
sndr.us.txt,market/Data/Stocks,.txt,7370,154
pch.us.txt,market/Data/Stocks,.txt,155430,3202
mgpi.us.txt,market/Data/Stocks,.txt,152867,3202
jhi.us.txt,market/Data/Stocks,.txt,151248,3202
utsi.us.txt,market/Data/Stocks,.txt,131363,3202
vrex.us.txt,market/Data/Stocks,.txt,8938,200
atnm.us.txt,market/Data/Stocks,.txt,37435,918
hcn.us.txt,market/Data/Stocks,.txt,157914,3202
nee_k.us.txt,market/Data/Stocks,.txt,16040,361
cohr.us.txt,market/Data/Stocks,.txt,142200,3202
ppg.us.txt,market/Data/Stocks,.txt,428432,8727
ipwr.us.txt,market/Data/Stocks,.txt,39666,1000
gabrw.us.txt,market/Data/Stocks,.txt,265,6
wfc-ws.us.txt,market/Data/Stocks,.txt,77150,1820
athn.us.txt,market/Data/Stocks,.txt,117410,2557
ovly.us.txt,market/Data/Stocks,.txt,106570,2331
nvax.us.txt,market/Data/Stocks,.txt,131804,3202
taro.us.txt,market/Data/Stocks,.txt,64886,1422
jnj.us.txt,market/Data/Stocks,.txt,600044,12075
gst.us.txt,market/Data/Stocks,.txt,129693,3197
ctrl.us.txt,market/Data/Stocks,.txt,46700,1080
efas.us.txt,market/Data/Stocks,.txt,7479,163
apdnw.us.txt,market/Data/Stocks,.txt,26932,677
chkp.us.txt,market/Data/Stocks,.txt,240334,5377
mgee.us.txt,market/Data/Stocks,.txt,153024,3202
kbwy.us.txt,market/Data/Stocks,.txt,81657,1728
kerx.us.txt,market/Data/Stocks,.txt,135333,3202
ggt_b.us.txt,market/Data/Stocks,.txt,47722,1055
eyesw.us.txt,market/Data/Stocks,.txt,4002,99
nsc.us.txt,market/Data/Stocks,.txt,439536,8941
morn.us.txt,market/Data/Stocks,.txt,151166,3157
sgqi.us.txt,market/Data/Stocks,.txt,6161,135
good.us.txt,market/Data/Stocks,.txt,151929,3202
jmt.us.txt,market/Data/Stocks,.txt,91763,1944
rdcm.us.txt,market/Data/Stocks,.txt,124434,3122
wbif.us.txt,market/Data/Stocks,.txt,37864,809
kmt.us.txt,market/Data/Stocks,.txt,156401,3202
hylv.us.txt,market/Data/Stocks,.txt,8313,179
nm_h.us.txt,market/Data/Stocks,.txt,35890,840
gty.us.txt,market/Data/Stocks,.txt,154056,3202
mfa_b.us.txt,market/Data/Stocks,.txt,52552,1154
fnfv.us.txt,market/Data/Stocks,.txt,37169,849
ncr.us.txt,market/Data/Stocks,.txt,235634,5265
matf.us.txt,market/Data/Stocks,.txt,16019,363
eagl.us.txt,market/Data/Stocks,.txt,11494,288
ng.us.txt,market/Data/Stocks,.txt,134168,3202
gsew.us.txt,market/Data/Stocks,.txt,1870,42
afsi.us.txt,market/Data/Stocks,.txt,135003,2768
ths.us.txt,market/Data/Stocks,.txt,138255,3126
jt.us.txt,market/Data/Stocks,.txt,0,0
cmc.us.txt,market/Data/Stocks,.txt,157777,3202
veri.us.txt,market/Data/Stocks,.txt,5627,129
rmr.us.txt,market/Data/Stocks,.txt,22980,484
pbf.us.txt,market/Data/Stocks,.txt,61215,1239
wmlp.us.txt,market/Data/Stocks,.txt,85863,1835
uhs.us.txt,market/Data/Stocks,.txt,156872,3202
hubg.us.txt,market/Data/Stocks,.txt,141755,3202
bip.us.txt,market/Data/Stocks,.txt,119730,2479
yum.us.txt,market/Data/Stocks,.txt,250538,5073
csco.us.txt,market/Data/Stocks,.txt,355128,6965
ntn.us.txt,market/Data/Stocks,.txt,110900,3175
dcud.us.txt,market/Data/Stocks,.txt,14468,312
peg.us.txt,market/Data/Stocks,.txt,468956,9551
peb_c.us.txt,market/Data/Stocks,.txt,50411,1124
baby.us.txt,market/Data/Stocks,.txt,139947,3202
cnq.us.txt,market/Data/Stocks,.txt,158693,3202
leco.us.txt,market/Data/Stocks,.txt,155450,3202
if.us.txt,market/Data/Stocks,.txt,151880,3199
pump.us.txt,market/Data/Stocks,.txt,7569,168
too_b.us.txt,market/Data/Stocks,.txt,28335,648
cnya.us.txt,market/Data/Stocks,.txt,15861,352
mu.us.txt,market/Data/Stocks,.txt,316657,7180
doc.us.txt,market/Data/Stocks,.txt,52969,1090
kbsf.us.txt,market/Data/Stocks,.txt,25115,627
prlb.us.txt,market/Data/Stocks,.txt,63040,1441
bym.us.txt,market/Data/Stocks,.txt,150502,3202
pvh.us.txt,market/Data/Stocks,.txt,156614,3202
waas.us.txt,market/Data/Stocks,.txt,12291,279
fljp.us.txt,market/Data/Stocks,.txt,220,5
txn.us.txt,market/Data/Stocks,.txt,453244,9042
avy.us.txt,market/Data/Stocks,.txt,406882,8366
acia.us.txt,market/Data/Stocks,.txt,17195,380
vsi.us.txt,market/Data/Stocks,.txt,89101,2026
novn.us.txt,market/Data/Stocks,.txt,12046,290
usatp.us.txt,market/Data/Stocks,.txt,14777,370
acmr.us.txt,market/Data/Stocks,.txt,278,7
insw.us.txt,market/Data/Stocks,.txt,10572,239
csgp.us.txt,market/Data/Stocks,.txt,145507,3202
calf.us.txt,market/Data/Stocks,.txt,4585,102
cccr.us.txt,market/Data/Stocks,.txt,25929,640
gci.us.txt,market/Data/Stocks,.txt,29236,605
pcom.us.txt,market/Data/Stocks,.txt,124423,3156
bmo.us.txt,market/Data/Stocks,.txt,155487,3202
ggz.us.txt,market/Data/Stocks,.txt,39662,854
ntb.us.txt,market/Data/Stocks,.txt,14186,293
afh.us.txt,market/Data/Stocks,.txt,50597,1193
htbk.us.txt,market/Data/Stocks,.txt,151909,3199
cefs.us.txt,market/Data/Stocks,.txt,7709,165
nk.us.txt,market/Data/Stocks,.txt,24084,581
wifi.us.txt,market/Data/Stocks,.txt,67412,1643
drrx.us.txt,market/Data/Stocks,.txt,130485,3202
dynt.us.txt,market/Data/Stocks,.txt,114514,3033
cmo.us.txt,market/Data/Stocks,.txt,156070,3202
dnow.us.txt,market/Data/Stocks,.txt,39298,870
sim.us.txt,market/Data/Stocks,.txt,130524,3194
mmit.us.txt,market/Data/Stocks,.txt,173,4
kmx.us.txt,market/Data/Stocks,.txt,144585,3202
rzb.us.txt,market/Data/Stocks,.txt,16893,359
c_s.us.txt,market/Data/Stocks,.txt,19773,446
ubsh.us.txt,market/Data/Stocks,.txt,152548,3202
newtl.us.txt,market/Data/Stocks,.txt,15600,339
ffbcw.us.txt,market/Data/Stocks,.txt,23601,625
idxg.us.txt,market/Data/Stocks,.txt,124000,3195
dotaw.us.txt,market/Data/Stocks,.txt,437,11
nvfy.us.txt,market/Data/Stocks,.txt,38930,963
clfd.us.txt,market/Data/Stocks,.txt,128613,3182
aug.us.txt,market/Data/Stocks,.txt,3431,84
sorl.us.txt,market/Data/Stocks,.txt,118866,3017
lvntb.us.txt,market/Data/Stocks,.txt,559,12
tnet.us.txt,market/Data/Stocks,.txt,40723,917
glbl.us.txt,market/Data/Stocks,.txt,24332,578
kyn_f.us.txt,market/Data/Stocks,.txt,51429,1141
gnmx.us.txt,market/Data/Stocks,.txt,64324,1631
miiiw.us.txt,market/Data/Stocks,.txt,8674,212
pfpt.us.txt,market/Data/Stocks,.txt,62165,1402
nan.us.txt,market/Data/Stocks,.txt,150072,3202
bxc.us.txt,market/Data/Stocks,.txt,124350,3200
fve.us.txt,market/Data/Stocks,.txt,128777,3202
sqbg.us.txt,market/Data/Stocks,.txt,42792,1036
safe.us.txt,market/Data/Stocks,.txt,4752,101
cldt.us.txt,market/Data/Stocks,.txt,91751,1910
sdlp.us.txt,market/Data/Stocks,.txt,61844,1275
gbci.us.txt,market/Data/Stocks,.txt,155246,3202
pdi.us.txt,market/Data/Stocks,.txt,66854,1377
pxus.us.txt,market/Data/Stocks,.txt,0,0
nvr.us.txt,market/Data/Stocks,.txt,146066,3202
adx.us.txt,market/Data/Stocks,.txt,154167,3202
ora.us.txt,market/Data/Stocks,.txt,154057,3202
son.us.txt,market/Data/Stocks,.txt,155703,3202
bwfg.us.txt,market/Data/Stocks,.txt,40218,865
bgfv.us.txt,market/Data/Stocks,.txt,153911,3202
myf.us.txt,market/Data/Stocks,.txt,150825,3202
dlbs.us.txt,market/Data/Stocks,.txt,77518,1797
ospr.us.txt,market/Data/Stocks,.txt,419,11
skyw.us.txt,market/Data/Stocks,.txt,155350,3202
colm.us.txt,market/Data/Stocks,.txt,155383,3202
rxiiw.us.txt,market/Data/Stocks,.txt,8021,198
icb.us.txt,market/Data/Stocks,.txt,150935,3202
ptx.us.txt,market/Data/Stocks,.txt,111812,2992
stkl.us.txt,market/Data/Stocks,.txt,131510,3202
mmd.us.txt,market/Data/Stocks,.txt,64866,1355
ati.us.txt,market/Data/Stocks,.txt,221028,4519
lion.us.txt,market/Data/Stocks,.txt,148938,3160
ms_a.us.txt,market/Data/Stocks,.txt,84520,1820
miw.us.txt,market/Data/Stocks,.txt,127480,2796
ofc.us.txt,market/Data/Stocks,.txt,156235,3202
a.us.txt,market/Data/Stocks,.txt,223899,4522
gpor.us.txt,market/Data/Stocks,.txt,140063,3196
kim_l.us.txt,market/Data/Stocks,.txt,2686,61
oled.us.txt,market/Data/Stocks,.txt,154341,3202
mnta.us.txt,market/Data/Stocks,.txt,140379,3202
pbnc.us.txt,market/Data/Stocks,.txt,21873,532
acu.us.txt,market/Data/Stocks,.txt,143091,3085
mrin.us.txt,market/Data/Stocks,.txt,53606,1172
omed.us.txt,market/Data/Stocks,.txt,47008,1091
rdus.us.txt,market/Data/Stocks,.txt,38321,868
wkhs.us.txt,market/Data/Stocks,.txt,18789,467
ktovw.us.txt,market/Data/Stocks,.txt,20065,482
slp.us.txt,market/Data/Stocks,.txt,149991,3167
mho.us.txt,market/Data/Stocks,.txt,140391,3202
aqb.us.txt,market/Data/Stocks,.txt,8580,208
cbtx.us.txt,market/Data/Stocks,.txt,171,4
stng.us.txt,market/Data/Stocks,.txt,93555,1921
newtz.us.txt,market/Data/Stocks,.txt,14464,314
fpp.us.txt,market/Data/Stocks,.txt,141155,3197
gmre_a.us.txt,market/Data/Stocks,.txt,1661,38
toca.us.txt,market/Data/Stocks,.txt,6521,149
vtr.us.txt,market/Data/Stocks,.txt,158007,3202
lho.us.txt,market/Data/Stocks,.txt,156649,3202
kalu.us.txt,market/Data/Stocks,.txt,138155,2860
vno_l.us.txt,market/Data/Stocks,.txt,54907,1204
lsvx.us.txt,market/Data/Stocks,.txt,6025,137
wtr.us.txt,market/Data/Stocks,.txt,156328,3202
gpp.us.txt,market/Data/Stocks,.txt,28643,602
mitk.us.txt,market/Data/Stocks,.txt,218769,5600
afss.us.txt,market/Data/Stocks,.txt,28548,606
lrad.us.txt,market/Data/Stocks,.txt,150288,3201
cpla.us.txt,market/Data/Stocks,.txt,132959,2771
abm.us.txt,market/Data/Stocks,.txt,155209,3202
fgl.us.txt,market/Data/Stocks,.txt,46987,987
dhx.us.txt,market/Data/Stocks,.txt,105420,2602
vtrb.us.txt,market/Data/Stocks,.txt,55555,1181
mags.us.txt,market/Data/Stocks,.txt,124955,3161
tacow.us.txt,market/Data/Stocks,.txt,28518,724
bmy.us.txt,market/Data/Stocks,.txt,511656,10308
andx.us.txt,market/Data/Stocks,.txt,79678,1648
wcn.us.txt,market/Data/Stocks,.txt,124734,2602
pval.us.txt,market/Data/Stocks,.txt,124,3
pfo.us.txt,market/Data/Stocks,.txt,152033,3202
mgrc.us.txt,market/Data/Stocks,.txt,153384,3202
aciw.us.txt,market/Data/Stocks,.txt,148443,3202
mrdnw.us.txt,market/Data/Stocks,.txt,4749,115
ustb.us.txt,market/Data/Stocks,.txt,537,12
jnp.us.txt,market/Data/Stocks,.txt,131087,3201
ctrv.us.txt,market/Data/Stocks,.txt,38335,948
lob.us.txt,market/Data/Stocks,.txt,27931,584
site.us.txt,market/Data/Stocks,.txt,17024,381
lkq.us.txt,market/Data/Stocks,.txt,144312,3202
abmd.us.txt,market/Data/Stocks,.txt,140846,3200
ip.us.txt,market/Data/Stocks,.txt,592514,12076
snv.us.txt,market/Data/Stocks,.txt,338021,7013
mc.us.txt,market/Data/Stocks,.txt,43569,903
cubi_f.us.txt,market/Data/Stocks,.txt,12903,289
gpmt.us.txt,market/Data/Stocks,.txt,4697,100
esxb.us.txt,market/Data/Stocks,.txt,103037,2670
intl.us.txt,market/Data/Stocks,.txt,136537,3193
gecc.us.txt,market/Data/Stocks,.txt,11853,257
hear.us.txt,market/Data/Stocks,.txt,58307,1420
pfbc.us.txt,market/Data/Stocks,.txt,75178,1587
mbfip.us.txt,market/Data/Stocks,.txt,34624,746
grfs.us.txt,market/Data/Stocks,.txt,78841,1623
sppp.us.txt,market/Data/Stocks,.txt,49882,1235
wdc.us.txt,market/Data/Stocks,.txt,158491,3202
omaa.us.txt,market/Data/Stocks,.txt,14264,311
acc.us.txt,market/Data/Stocks,.txt,156038,3202
iqdg.us.txt,market/Data/Stocks,.txt,16694,367
clw.us.txt,market/Data/Stocks,.txt,99588,2250
tig.us.txt,market/Data/Stocks,.txt,9845,225
slf.us.txt,market/Data/Stocks,.txt,155564,3202
omer.us.txt,market/Data/Stocks,.txt,85867,2040
hth.us.txt,market/Data/Stocks,.txt,154199,3202
chd.us.txt,market/Data/Stocks,.txt,157762,3202
mbii.us.txt,market/Data/Stocks,.txt,44091,1080
blw.us.txt,market/Data/Stocks,.txt,153653,3202
tpgh.us.txt,market/Data/Stocks,.txt,686,17
eiv.us.txt,market/Data/Stocks,.txt,150455,3202
w.us.txt,market/Data/Stocks,.txt,35156,786
wrb_d.us.txt,market/Data/Stocks,.txt,16165,368
bfam.us.txt,market/Data/Stocks,.txt,53367,1211
eme.us.txt,market/Data/Stocks,.txt,155628,3202
jpm_g.us.txt,market/Data/Stocks,.txt,27075,611
jhs.us.txt,market/Data/Stocks,.txt,150379,3202
pbyi.us.txt,market/Data/Stocks,.txt,57427,1275
goodp.us.txt,market/Data/Stocks,.txt,64863,1406
ifrx.us.txt,market/Data/Stocks,.txt,167,4
entr.us.txt,market/Data/Stocks,.txt,135,3
nvcr.us.txt,market/Data/Stocks,.txt,22703,534
gevo.us.txt,market/Data/Stocks,.txt,65000,1698
mkc-v.us.txt,market/Data/Stocks,.txt,70017,1526
nee_q.us.txt,market/Data/Stocks,.txt,23020,524
etho.us.txt,market/Data/Stocks,.txt,22351,486
chmi.us.txt,market/Data/Stocks,.txt,49364,1036
glad.us.txt,market/Data/Stocks,.txt,153952,3202
ptn.us.txt,market/Data/Stocks,.txt,126207,3201
tco_j.us.txt,market/Data/Stocks,.txt,59469,1314
cmco.us.txt,market/Data/Stocks,.txt,153652,3202
iret_c.us.txt,market/Data/Stocks,.txt,1261,29
mpaa.us.txt,market/Data/Stocks,.txt,125459,3044
ucba.us.txt,market/Data/Stocks,.txt,98653,2155
omfl.us.txt,market/Data/Stocks,.txt,87,2
lm.us.txt,market/Data/Stocks,.txt,157785,3202
yerr.us.txt,market/Data/Stocks,.txt,6261,146
exas.us.txt,market/Data/Stocks,.txt,133868,3201
gcvrz.us.txt,market/Data/Stocks,.txt,69594,1664
inn_c.us.txt,market/Data/Stocks,.txt,48272,1073
hban.us.txt,market/Data/Stocks,.txt,341957,6965
rox.us.txt,market/Data/Stocks,.txt,115630,2904
sce_b.us.txt,market/Data/Stocks,.txt,55093,1228
brk-a.us.txt,market/Data/Stocks,.txt,380164,9073
lsxma.us.txt,market/Data/Stocks,.txt,17828,399
ctdd.us.txt,market/Data/Stocks,.txt,6176,139
apts.us.txt,market/Data/Stocks,.txt,78912,1663
asr.us.txt,market/Data/Stocks,.txt,153304,3202
fwona.us.txt,market/Data/Stocks,.txt,139370,2897
defa.us.txt,market/Data/Stocks,.txt,18801,429
glbz.us.txt,market/Data/Stocks,.txt,89124,1949
trcrw.us.txt,market/Data/Stocks,.txt,159,4
pcg_h.us.txt,market/Data/Stocks,.txt,49563,1115
vtgn.us.txt,market/Data/Stocks,.txt,15410,382
dalt.us.txt,market/Data/Stocks,.txt,1371,31
psc.us.txt,market/Data/Stocks,.txt,5480,120
bhge.us.txt,market/Data/Stocks,.txt,4515,92
self.us.txt,market/Data/Stocks,.txt,21501,461
fngn.us.txt,market/Data/Stocks,.txt,93568,1932
apdn.us.txt,market/Data/Stocks,.txt,137178,3524
gainm.us.txt,market/Data/Stocks,.txt,12351,270
dhxm.us.txt,market/Data/Stocks,.txt,21320,462
cmssu.us.txt,market/Data/Stocks,.txt,555,13
ncmi.us.txt,market/Data/Stocks,.txt,130642,2712
jll.us.txt,market/Data/Stocks,.txt,155604,3202
ospru.us.txt,market/Data/Stocks,.txt,2565,64
otex.us.txt,market/Data/Stocks,.txt,156709,3202
nuv.us.txt,market/Data/Stocks,.txt,154555,3202
lzb.us.txt,market/Data/Stocks,.txt,155029,3202
gfn.us.txt,market/Data/Stocks,.txt,103518,2703
emi.us.txt,market/Data/Stocks,.txt,135488,2946
len-b.us.txt,market/Data/Stocks,.txt,85807,1820
rlj.us.txt,market/Data/Stocks,.txt,79906,1638
ypf.us.txt,market/Data/Stocks,.txt,152985,3201
kl.us.txt,market/Data/Stocks,.txt,2897,62
omam.us.txt,market/Data/Stocks,.txt,37704,781
tik.us.txt,market/Data/Stocks,.txt,89762,2379
cdr_b.us.txt,market/Data/Stocks,.txt,61783,1359
htd.us.txt,market/Data/Stocks,.txt,153936,3202
chh.us.txt,market/Data/Stocks,.txt,154989,3202
useq.us.txt,market/Data/Stocks,.txt,3907,86
pcg_d.us.txt,market/Data/Stocks,.txt,68058,1523
kor.us.txt,market/Data/Stocks,.txt,2224,51
agfs.us.txt,market/Data/Stocks,.txt,31937,795
flow.us.txt,market/Data/Stocks,.txt,23969,537
pso.us.txt,market/Data/Stocks,.txt,154057,3202
hewl.us.txt,market/Data/Stocks,.txt,13169,288
fprx.us.txt,market/Data/Stocks,.txt,46284,1048
nat.us.txt,market/Data/Stocks,.txt,156676,3202
jpm-ws.us.txt,market/Data/Stocks,.txt,78633,1820
sbrap.us.txt,market/Data/Stocks,.txt,52568,1127
royt.us.txt,market/Data/Stocks,.txt,67183,1393
oilu.us.txt,market/Data/Stocks,.txt,7262,161
irlr.us.txt,market/Data/Stocks,.txt,168,4
wea.us.txt,market/Data/Stocks,.txt,151609,3202
dtus.us.txt,market/Data/Stocks,.txt,61070,1432
exel.us.txt,market/Data/Stocks,.txt,134117,3202
boe.us.txt,market/Data/Stocks,.txt,150314,3139
wash.us.txt,market/Data/Stocks,.txt,152062,3202
pds.us.txt,market/Data/Stocks,.txt,153458,3202
unf.us.txt,market/Data/Stocks,.txt,152848,3202
kool.us.txt,market/Data/Stocks,.txt,124014,3202
uamy.us.txt,market/Data/Stocks,.txt,105689,2669
fosl.us.txt,market/Data/Stocks,.txt,144667,3202
sb_d.us.txt,market/Data/Stocks,.txt,36251,834
fac.us.txt,market/Data/Stocks,.txt,125550,3156
macqw.us.txt,market/Data/Stocks,.txt,3747,92
crai.us.txt,market/Data/Stocks,.txt,152655,3202
lrcx.us.txt,market/Data/Stocks,.txt,343338,6957
var.us.txt,market/Data/Stocks,.txt,143246,3202
djd.us.txt,market/Data/Stocks,.txt,19619,426
hr.us.txt,market/Data/Stocks,.txt,155942,3202
coe.us.txt,market/Data/Stocks,.txt,15487,358
npk.us.txt,market/Data/Stocks,.txt,151531,3202
bif.us.txt,market/Data/Stocks,.txt,152833,3201
vmet.us.txt,market/Data/Stocks,.txt,0,0
rmd.us.txt,market/Data/Stocks,.txt,157124,3202
spsb.us.txt,market/Data/Stocks,.txt,96369,1990
insm.us.txt,market/Data/Stocks,.txt,71973,1667
ntx.us.txt,market/Data/Stocks,.txt,149866,3195
eht.us.txt,market/Data/Stocks,.txt,16938,371
apvo.us.txt,market/Data/Stocks,.txt,13501,333
svvc.us.txt,market/Data/Stocks,.txt,73634,1647
enbl.us.txt,market/Data/Stocks,.txt,43871,906
atxi.us.txt,market/Data/Stocks,.txt,3849,98
opk.us.txt,market/Data/Stocks,.txt,129567,3170
bivv.us.txt,market/Data/Stocks,.txt,9564,212
nq.us.txt,market/Data/Stocks,.txt,67594,1642
san_c.us.txt,market/Data/Stocks,.txt,81725,1791
cif.us.txt,market/Data/Stocks,.txt,153172,3202
dht.us.txt,market/Data/Stocks,.txt,145828,3043
hqy.us.txt,market/Data/Stocks,.txt,36843,830
cmu.us.txt,market/Data/Stocks,.txt,152538,3202
wpm.us.txt,market/Data/Stocks,.txt,157907,3199
kmb.us.txt,market/Data/Stocks,.txt,408641,8296
gto.us.txt,market/Data/Stocks,.txt,18933,407
cste.us.txt,market/Data/Stocks,.txt,65207,1422
wafd.us.txt,market/Data/Stocks,.txt,156049,3202
kiq.us.txt,market/Data/Stocks,.txt,33017,772
aqn.us.txt,market/Data/Stocks,.txt,11369,241
mlp.us.txt,market/Data/Stocks,.txt,127363,3192
eemo.us.txt,market/Data/Stocks,.txt,8092,174
ngvc.us.txt,market/Data/Stocks,.txt,58089,1336
vale-p.us.txt,market/Data/Stocks,.txt,28961,682
botz.us.txt,market/Data/Stocks,.txt,13252,292
nsu.us.txt,market/Data/Stocks,.txt,155223,3202
trns.us.txt,market/Data/Stocks,.txt,108182,2782
cvna.us.txt,market/Data/Stocks,.txt,6212,139
sji.us.txt,market/Data/Stocks,.txt,155203,3202
cnk.us.txt,market/Data/Stocks,.txt,129657,2661
uscr.us.txt,market/Data/Stocks,.txt,71301,1688
hrg.us.txt,market/Data/Stocks,.txt,128143,3155
mo.us.txt,market/Data/Stocks,.txt,624792,12075
noah.us.txt,market/Data/Stocks,.txt,79879,1762
roku.us.txt,market/Data/Stocks,.txt,1497,33
hvt.us.txt,market/Data/Stocks,.txt,152663,3202
ael.us.txt,market/Data/Stocks,.txt,154241,3202
tier.us.txt,market/Data/Stocks,.txt,30006,624
hbano.us.txt,market/Data/Stocks,.txt,19625,414
pra.us.txt,market/Data/Stocks,.txt,155358,3202
gsb.us.txt,market/Data/Stocks,.txt,150247,3167
fwrd.us.txt,market/Data/Stocks,.txt,154599,3202
ktec.us.txt,market/Data/Stocks,.txt,126773,3049
mon.us.txt,market/Data/Stocks,.txt,212141,4291
fsb.us.txt,market/Data/Stocks,.txt,30679,729
txt.us.txt,market/Data/Stocks,.txt,409031,8331
athx.us.txt,market/Data/Stocks,.txt,101076,2537
novt.us.txt,market/Data/Stocks,.txt,135257,3203
dlph.us.txt,market/Data/Stocks,.txt,74431,1505
umbf.us.txt,market/Data/Stocks,.txt,154776,3202
syf.us.txt,market/Data/Stocks,.txt,41052,830
ltbr.us.txt,market/Data/Stocks,.txt,125219,3202
rol.us.txt,market/Data/Stocks,.txt,155452,3202
bkn.us.txt,market/Data/Stocks,.txt,151634,3202
eno.us.txt,market/Data/Stocks,.txt,19481,414
inuv.us.txt,market/Data/Stocks,.txt,122618,3194
earn.us.txt,market/Data/Stocks,.txt,54070,1145
flxs.us.txt,market/Data/Stocks,.txt,147780,3159
olbk.us.txt,market/Data/Stocks,.txt,121768,2620
nexa.us.txt,market/Data/Stocks,.txt,527,12
nndm.us.txt,market/Data/Stocks,.txt,16624,416
geh.us.txt,market/Data/Stocks,.txt,57525,1206
navg.us.txt,market/Data/Stocks,.txt,152976,3202
orc.us.txt,market/Data/Stocks,.txt,56671,1197
sol.us.txt,market/Data/Stocks,.txt,100920,2467
myd.us.txt,market/Data/Stocks,.txt,152218,3202
pntr.us.txt,market/Data/Stocks,.txt,104501,2724
kiorw.us.txt,market/Data/Stocks,.txt,244,6
mark.us.txt,market/Data/Stocks,.txt,136298,3628
wre.us.txt,market/Data/Stocks,.txt,155633,3202
infy.us.txt,market/Data/Stocks,.txt,158552,3202
miiiu.us.txt,market/Data/Stocks,.txt,11458,273
esnd.us.txt,market/Data/Stocks,.txt,155213,3202
husv.us.txt,market/Data/Stocks,.txt,14272,305
usb_h.us.txt,market/Data/Stocks,.txt,84501,1820
epr_c.us.txt,market/Data/Stocks,.txt,79208,1741
vvv.us.txt,market/Data/Stocks,.txt,13957,288
frt.us.txt,market/Data/Stocks,.txt,155715,3202
invh.us.txt,market/Data/Stocks,.txt,9711,199
wbt.us.txt,market/Data/Stocks,.txt,19203,428
vdsi.us.txt,market/Data/Stocks,.txt,134950,3202
c.us.txt,market/Data/Stocks,.txt,590535,12075
bpfhp.us.txt,market/Data/Stocks,.txt,48048,1036
powl.us.txt,market/Data/Stocks,.txt,152242,3202
uis.us.txt,market/Data/Stocks,.txt,432761,10308
sprt.us.txt,market/Data/Stocks,.txt,141897,3202
pcf.us.txt,market/Data/Stocks,.txt,152492,3202
bhp.us.txt,market/Data/Stocks,.txt,158541,3202
frme.us.txt,market/Data/Stocks,.txt,153060,3202
sien.us.txt,market/Data/Stocks,.txt,31976,767
ttmi.us.txt,market/Data/Stocks,.txt,136197,3202
kt.us.txt,market/Data/Stocks,.txt,142861,3202
ssys.us.txt,market/Data/Stocks,.txt,142685,3202
agd.us.txt,market/Data/Stocks,.txt,135835,2847
shen.us.txt,market/Data/Stocks,.txt,153692,3202
tis.us.txt,market/Data/Stocks,.txt,136990,2923
ago_b.us.txt,market/Data/Stocks,.txt,83113,1813
nbr.us.txt,market/Data/Stocks,.txt,330857,6727
dfnl.us.txt,market/Data/Stocks,.txt,8472,189
crus.us.txt,market/Data/Stocks,.txt,138815,3202
ebix.us.txt,market/Data/Stocks,.txt,151902,3155
jhg.us.txt,market/Data/Stocks,.txt,214378,4375
wrld.us.txt,market/Data/Stocks,.txt,141230,3202
erii.us.txt,market/Data/Stocks,.txt,96050,2360
xper.us.txt,market/Data/Stocks,.txt,155517,3202
lov.us.txt,market/Data/Stocks,.txt,111213,2857
iec.us.txt,market/Data/Stocks,.txt,119272,3085
cswc.us.txt,market/Data/Stocks,.txt,152756,3199
agge.us.txt,market/Data/Stocks,.txt,17527,379
knd.us.txt,market/Data/Stocks,.txt,154109,3202
qtwo.us.txt,market/Data/Stocks,.txt,40255,922
xitk.us.txt,market/Data/Stocks,.txt,18120,407
stag_c.us.txt,market/Data/Stocks,.txt,16209,371
nvee.us.txt,market/Data/Stocks,.txt,39488,949
mov.us.txt,market/Data/Stocks,.txt,154112,3202
hone.us.txt,market/Data/Stocks,.txt,15126,346
crsp.us.txt,market/Data/Stocks,.txt,11857,270
mictw.us.txt,market/Data/Stocks,.txt,20104,482
bibl.us.txt,market/Data/Stocks,.txt,406,9
afge.us.txt,market/Data/Stocks,.txt,37124,790
cers.us.txt,market/Data/Stocks,.txt,129662,3202
scln.us.txt,market/Data/Stocks,.txt,128955,3182
blhy.us.txt,market/Data/Stocks,.txt,11227,237
intx.us.txt,market/Data/Stocks,.txt,144661,3198
bns.us.txt,market/Data/Stocks,.txt,155427,3202
pffd.us.txt,market/Data/Stocks,.txt,1983,44
irmd.us.txt,market/Data/Stocks,.txt,34889,841
nsm.us.txt,market/Data/Stocks,.txt,63890,1432
jctcf.us.txt,market/Data/Stocks,.txt,103014,2522
cns.us.txt,market/Data/Stocks,.txt,154258,3202
jpus.us.txt,market/Data/Stocks,.txt,21461,470
vbtx.us.txt,market/Data/Stocks,.txt,33123,770
udbi.us.txt,market/Data/Stocks,.txt,7062,156
ismd.us.txt,market/Data/Stocks,.txt,8048,173
aet.us.txt,market/Data/Stocks,.txt,507401,10307
tkc.us.txt,market/Data/Stocks,.txt,155224,3202
pypl.us.txt,market/Data/Stocks,.txt,27246,597
ibn.us.txt,market/Data/Stocks,.txt,159252,3202
suns.us.txt,market/Data/Stocks,.txt,80017,1686
eacq.us.txt,market/Data/Stocks,.txt,11940,308
hrtg.us.txt,market/Data/Stocks,.txt,42151,877
eslt.us.txt,market/Data/Stocks,.txt,151108,3202
kala.us.txt,market/Data/Stocks,.txt,3634,82
pqg.us.txt,market/Data/Stocks,.txt,1407,32
atom.us.txt,market/Data/Stocks,.txt,12635,319
ivr_b.us.txt,market/Data/Stocks,.txt,35285,796
wbih.us.txt,market/Data/Stocks,.txt,38384,809
dotau.us.txt,market/Data/Stocks,.txt,1436,33
pbh.us.txt,market/Data/Stocks,.txt,138690,3202
cald.us.txt,market/Data/Stocks,.txt,131633,3201
sgry.us.txt,market/Data/Stocks,.txt,23186,535
bhvn.us.txt,market/Data/Stocks,.txt,5975,135
rio.us.txt,market/Data/Stocks,.txt,158353,3203
pbr-a.us.txt,market/Data/Stocks,.txt,84770,1820
htbi.us.txt,market/Data/Stocks,.txt,57731,1343
bnso.us.txt,market/Data/Stocks,.txt,107450,2750
ni.us.txt,market/Data/Stocks,.txt,410139,8336
vgi.us.txt,market/Data/Stocks,.txt,68616,1441
dewj.us.txt,market/Data/Stocks,.txt,18551,426
cubs.us.txt,market/Data/Stocks,.txt,44693,968
aby.us.txt,market/Data/Stocks,.txt,41795,863
tcmd.us.txt,market/Data/Stocks,.txt,14476,328
acerw.us.txt,market/Data/Stocks,.txt,28068,636
zais.us.txt,market/Data/Stocks,.txt,43109,1051
mxf.us.txt,market/Data/Stocks,.txt,152465,3202
smit.us.txt,market/Data/Stocks,.txt,99094,2582
hrs.us.txt,market/Data/Stocks,.txt,156778,3202
gain.us.txt,market/Data/Stocks,.txt,150520,3121
roka.us.txt,market/Data/Stocks,.txt,32717,840
snn.us.txt,market/Data/Stocks,.txt,155021,3202
sxcp.us.txt,market/Data/Stocks,.txt,58077,1215
pei.us.txt,market/Data/Stocks,.txt,155570,3202
intt.us.txt,market/Data/Stocks,.txt,120391,3100
cake.us.txt,market/Data/Stocks,.txt,156686,3202
irs.us.txt,market/Data/Stocks,.txt,152770,3202
rnn.us.txt,market/Data/Stocks,.txt,99599,2723
ctaa.us.txt,market/Data/Stocks,.txt,21396,451
nsa.us.txt,market/Data/Stocks,.txt,31262,647
ally.us.txt,market/Data/Stocks,.txt,44949,907
bcacr.us.txt,market/Data/Stocks,.txt,2109,51
fsv.us.txt,market/Data/Stocks,.txt,29372,620
sage.us.txt,market/Data/Stocks,.txt,37141,839
wire.us.txt,market/Data/Stocks,.txt,154172,3202
ncom.us.txt,market/Data/Stocks,.txt,28317,671
ard.us.txt,market/Data/Stocks,.txt,7901,170
zg.us.txt,market/Data/Stocks,.txt,75786,1591
abio.us.txt,market/Data/Stocks,.txt,136880,3202
gsv.us.txt,market/Data/Stocks,.txt,55300,1366
ctrn.us.txt,market/Data/Stocks,.txt,150938,3146
pru.us.txt,market/Data/Stocks,.txt,198635,4006
chkr.us.txt,market/Data/Stocks,.txt,72460,1509
seic.us.txt,market/Data/Stocks,.txt,155987,3202
masi.us.txt,market/Data/Stocks,.txt,115258,2587
gseu.us.txt,market/Data/Stocks,.txt,17821,386
ne.us.txt,market/Data/Stocks,.txt,341504,6963
cir.us.txt,market/Data/Stocks,.txt,153286,3202
smp.us.txt,market/Data/Stocks,.txt,153647,3202
thq.us.txt,market/Data/Stocks,.txt,40137,832
roll.us.txt,market/Data/Stocks,.txt,145234,3088
cma.us.txt,market/Data/Stocks,.txt,341205,6964
crcm.us.txt,market/Data/Stocks,.txt,39828,960
dbvt.us.txt,market/Data/Stocks,.txt,33957,772
haha.us.txt,market/Data/Stocks,.txt,875,19
vcv.us.txt,market/Data/Stocks,.txt,151384,3201
cyrxw.us.txt,market/Data/Stocks,.txt,14964,380
rmp.us.txt,market/Data/Stocks,.txt,34873,733
insy.us.txt,market/Data/Stocks,.txt,58764,1293
gpja.us.txt,market/Data/Stocks,.txt,1503,35
alog.us.txt,market/Data/Stocks,.txt,153110,3202
els.us.txt,market/Data/Stocks,.txt,155595,3202
bosc.us.txt,market/Data/Stocks,.txt,110893,2846
ric.us.txt,market/Data/Stocks,.txt,127748,3202
hebt.us.txt,market/Data/Stocks,.txt,8878,223
ggt.us.txt,market/Data/Stocks,.txt,152822,3202
ntl.us.txt,market/Data/Stocks,.txt,144801,3117
bma.us.txt,market/Data/Stocks,.txt,140933,2932
acnb.us.txt,market/Data/Stocks,.txt,131499,2846
hbb.us.txt,market/Data/Stocks,.txt,1320,31
yy.us.txt,market/Data/Stocks,.txt,55649,1254
shsp.us.txt,market/Data/Stocks,.txt,59163,1382
atkr.us.txt,market/Data/Stocks,.txt,16062,361
ntic.us.txt,market/Data/Stocks,.txt,114875,2895
xent.us.txt,market/Data/Stocks,.txt,36446,835
wbid.us.txt,market/Data/Stocks,.txt,37751,809
kelyb.us.txt,market/Data/Stocks,.txt,1801,40
ppsi.us.txt,market/Data/Stocks,.txt,32065,839
asns.us.txt,market/Data/Stocks,.txt,0,0
gmlpp.us.txt,market/Data/Stocks,.txt,454,10
fph.us.txt,market/Data/Stocks,.txt,5733,131
xweb.us.txt,market/Data/Stocks,.txt,7326,162
comm.us.txt,market/Data/Stocks,.txt,45954,1021
wabc.us.txt,market/Data/Stocks,.txt,154983,3202
eyegw.us.txt,market/Data/Stocks,.txt,12783,324
hyhg.us.txt,market/Data/Stocks,.txt,53058,1127
fnbg.us.txt,market/Data/Stocks,.txt,37014,797
schw_d.us.txt,market/Data/Stocks,.txt,18840,425
acglp.us.txt,market/Data/Stocks,.txt,13024,281
jof.us.txt,market/Data/Stocks,.txt,152194,3202
pgti.us.txt,market/Data/Stocks,.txt,118229,2864
immr.us.txt,market/Data/Stocks,.txt,131965,3202
ensg.us.txt,market/Data/Stocks,.txt,122110,2521
kof.us.txt,market/Data/Stocks,.txt,153694,3202
aeis.us.txt,market/Data/Stocks,.txt,140964,3202
nes.us.txt,market/Data/Stocks,.txt,952,23
infu.us.txt,market/Data/Stocks,.txt,90937,2357
wri.us.txt,market/Data/Stocks,.txt,156646,3202
ctws.us.txt,market/Data/Stocks,.txt,151620,3202
ida.us.txt,market/Data/Stocks,.txt,155509,3202
ccrc.us.txt,market/Data/Stocks,.txt,20843,479
lnt.us.txt,market/Data/Stocks,.txt,157556,3202
grx.us.txt,market/Data/Stocks,.txt,123734,2619
gild.us.txt,market/Data/Stocks,.txt,328964,6497
opht.us.txt,market/Data/Stocks,.txt,45443,1043
lgih.us.txt,market/Data/Stocks,.txt,44909,1012
aobc.us.txt,market/Data/Stocks,.txt,136104,3202
amid.us.txt,market/Data/Stocks,.txt,75502,1585
hf.us.txt,market/Data/Stocks,.txt,129873,2715
faar.us.txt,market/Data/Stocks,.txt,12149,270
thst.us.txt,market/Data/Stocks,.txt,42212,1068
vdth.us.txt,market/Data/Stocks,.txt,27110,662
psmb.us.txt,market/Data/Stocks,.txt,7825,175
djco.us.txt,market/Data/Stocks,.txt,83211,2045
nro.us.txt,market/Data/Stocks,.txt,154936,3202
ssnc.us.txt,market/Data/Stocks,.txt,92956,1921
frt_c.us.txt,market/Data/Stocks,.txt,1277,29
otel.us.txt,market/Data/Stocks,.txt,42378,1081
apt.us.txt,market/Data/Stocks,.txt,126338,3202
miy.us.txt,market/Data/Stocks,.txt,150451,3202
lilak.us.txt,market/Data/Stocks,.txt,26729,600
erie.us.txt,market/Data/Stocks,.txt,152708,3202
pave.us.txt,market/Data/Stocks,.txt,7813,174
nee_i.us.txt,market/Data/Stocks,.txt,57189,1252
refr.us.txt,market/Data/Stocks,.txt,126365,3201
icl.us.txt,market/Data/Stocks,.txt,37773,792
dmrl.us.txt,market/Data/Stocks,.txt,1113,25
din.us.txt,market/Data/Stocks,.txt,154788,3202
htgx.us.txt,market/Data/Stocks,.txt,38865,837
mgcd.us.txt,market/Data/Stocks,.txt,141392,3046
ndraw.us.txt,market/Data/Stocks,.txt,1205,30
o.us.txt,market/Data/Stocks,.txt,157428,3202
nymtp.us.txt,market/Data/Stocks,.txt,52346,1117
sieb.us.txt,market/Data/Stocks,.txt,112001,2448
asfi.us.txt,market/Data/Stocks,.txt,142146,3189
rfda.us.txt,market/Data/Stocks,.txt,15281,328
jw-a.us.txt,market/Data/Stocks,.txt,87929,1820
dsu.us.txt,market/Data/Stocks,.txt,153867,3202
vips.us.txt,market/Data/Stocks,.txt,64852,1421
srv.us.txt,market/Data/Stocks,.txt,122029,2574
ddls.us.txt,market/Data/Stocks,.txt,18811,420
pstg.us.txt,market/Data/Stocks,.txt,23895,531
ccxi.us.txt,market/Data/Stocks,.txt,59455,1450
brg.us.txt,market/Data/Stocks,.txt,43350,916
altr.us.txt,market/Data/Stocks,.txt,389,9
pw_a.us.txt,market/Data/Stocks,.txt,12375,289
splp.us.txt,market/Data/Stocks,.txt,61646,1341
sgms.us.txt,market/Data/Stocks,.txt,139717,3202
mdrx.us.txt,market/Data/Stocks,.txt,141413,3202
jpm_d-cl.us.txt,market/Data/Stocks,.txt,384,9
msb.us.txt,market/Data/Stocks,.txt,153306,3202
bl.us.txt,market/Data/Stocks,.txt,11659,263
fteo.us.txt,market/Data/Stocks,.txt,29634,661
amcn.us.txt,market/Data/Stocks,.txt,101800,2522
plus.us.txt,market/Data/Stocks,.txt,138532,3195
cah.us.txt,market/Data/Stocks,.txt,370060,7520
rndv.us.txt,market/Data/Stocks,.txt,3397,74
mfnc.us.txt,market/Data/Stocks,.txt,100978,2202
pnm.us.txt,market/Data/Stocks,.txt,155545,3202
nxe.us.txt,market/Data/Stocks,.txt,5077,125
edi.us.txt,market/Data/Stocks,.txt,60357,1270
trec.us.txt,market/Data/Stocks,.txt,126052,3161
krp.us.txt,market/Data/Stocks,.txt,9260,196
bah.us.txt,market/Data/Stocks,.txt,85637,1757
eacqu.us.txt,market/Data/Stocks,.txt,918,22
csod.us.txt,market/Data/Stocks,.txt,74305,1672
bzun.us.txt,market/Data/Stocks,.txt,26829,627
jfr.us.txt,market/Data/Stocks,.txt,154611,3202
peri.us.txt,market/Data/Stocks,.txt,61996,1511
mcs.us.txt,market/Data/Stocks,.txt,152777,3202
tti.us.txt,market/Data/Stocks,.txt,136524,3202
tpz.us.txt,market/Data/Stocks,.txt,99338,2090
tanni.us.txt,market/Data/Stocks,.txt,15940,345
wfc_n.us.txt,market/Data/Stocks,.txt,60642,1319
uti.us.txt,market/Data/Stocks,.txt,150446,3202
iif.us.txt,market/Data/Stocks,.txt,153158,3202
slra.us.txt,market/Data/Stocks,.txt,58269,1236
ezpw.us.txt,market/Data/Stocks,.txt,138239,3202
pbctp.us.txt,market/Data/Stocks,.txt,10966,239
catc.us.txt,market/Data/Stocks,.txt,586,14
cobz.us.txt,market/Data/Stocks,.txt,152851,3202
etx.us.txt,market/Data/Stocks,.txt,55537,1169
relx.us.txt,market/Data/Stocks,.txt,153517,3202
cbs-a.us.txt,market/Data/Stocks,.txt,83679,1799
ea.us.txt,market/Data/Stocks,.txt,68091,1484
live.us.txt,market/Data/Stocks,.txt,118734,3001
landp.us.txt,market/Data/Stocks,.txt,13206,291
ar.us.txt,market/Data/Stocks,.txt,46708,1032
ghc.us.txt,market/Data/Stocks,.txt,152338,3202
mfin.us.txt,market/Data/Stocks,.txt,151640,3202
ainv.us.txt,market/Data/Stocks,.txt,157538,3202
psdv.us.txt,market/Data/Stocks,.txt,124477,3163
rft.us.txt,market/Data/Stocks,.txt,41451,889
psa_e.us.txt,market/Data/Stocks,.txt,12041,271
glp.us.txt,market/Data/Stocks,.txt,145920,3053
serv.us.txt,market/Data/Stocks,.txt,38275,853
ofg_b.us.txt,market/Data/Stocks,.txt,65175,1449
qvcb.us.txt,market/Data/Stocks,.txt,65142,1570
whr.us.txt,market/Data/Stocks,.txt,422014,8678
bgio.us.txt,market/Data/Stocks,.txt,7907,183
ntwk.us.txt,market/Data/Stocks,.txt,123266,3202
dd_a.us.txt,market/Data/Stocks,.txt,63301,1438
bbgi.us.txt,market/Data/Stocks,.txt,143650,3073
brg_d.us.txt,market/Data/Stocks,.txt,11458,264
cb.us.txt,market/Data/Stocks,.txt,304131,6202
krys.us.txt,market/Data/Stocks,.txt,1632,39
gjs.us.txt,market/Data/Stocks,.txt,58555,1269
qadb.us.txt,market/Data/Stocks,.txt,136505,2919
kkr_a.us.txt,market/Data/Stocks,.txt,18377,413
snhy.us.txt,market/Data/Stocks,.txt,153451,3202
chscm.us.txt,market/Data/Stocks,.txt,37870,797
ddr_j.us.txt,market/Data/Stocks,.txt,59525,1315
eat.us.txt,market/Data/Stocks,.txt,157638,3202
chrw.us.txt,market/Data/Stocks,.txt,247797,5049
pm.us.txt,market/Data/Stocks,.txt,121156,2434
mac.us.txt,market/Data/Stocks,.txt,157385,3202
fxjp.us.txt,market/Data/Stocks,.txt,297,7
gatx.us.txt,market/Data/Stocks,.txt,155466,3202
fmdg.us.txt,market/Data/Stocks,.txt,2178,48
swk.us.txt,market/Data/Stocks,.txt,396766,8161
emsd.us.txt,market/Data/Stocks,.txt,21367,473
bctf.us.txt,market/Data/Stocks,.txt,26575,587
hgsh.us.txt,market/Data/Stocks,.txt,85459,2162
teva.us.txt,market/Data/Stocks,.txt,343445,6938
sltb.us.txt,market/Data/Stocks,.txt,35794,773
chek.us.txt,market/Data/Stocks,.txt,25337,637
evh.us.txt,market/Data/Stocks,.txt,26955,617
sci.us.txt,market/Data/Stocks,.txt,156439,3202
hotr.us.txt,market/Data/Stocks,.txt,46330,1206
leju.us.txt,market/Data/Stocks,.txt,38203,902
quik.us.txt,market/Data/Stocks,.txt,128842,3202
crmt.us.txt,market/Data/Stocks,.txt,138671,3202
vmo.us.txt,market/Data/Stocks,.txt,152133,3202
do.us.txt,market/Data/Stocks,.txt,156665,3202
mua.us.txt,market/Data/Stocks,.txt,151192,3202
usna.us.txt,market/Data/Stocks,.txt,146897,3202
inbkl.us.txt,market/Data/Stocks,.txt,10076,224
acst.us.txt,market/Data/Stocks,.txt,46978,1211
all.us.txt,market/Data/Stocks,.txt,303717,6155
bmrn.us.txt,market/Data/Stocks,.txt,143372,3200
rci.us.txt,market/Data/Stocks,.txt,155584,3202
mtge.us.txt,market/Data/Stocks,.txt,76823,1579
nymx.us.txt,market/Data/Stocks,.txt,126836,3200
gim.us.txt,market/Data/Stocks,.txt,155429,3202
bcx.us.txt,market/Data/Stocks,.txt,80286,1665
whlm.us.txt,market/Data/Stocks,.txt,19351,506
emgf.us.txt,market/Data/Stocks,.txt,20090,443
jco.us.txt,market/Data/Stocks,.txt,6851,160
dysl.us.txt,market/Data/Stocks,.txt,103893,2678
atax.us.txt,market/Data/Stocks,.txt,151595,3183
bery.us.txt,market/Data/Stocks,.txt,57656,1286
omi.us.txt,market/Data/Stocks,.txt,155638,3202
virc.us.txt,market/Data/Stocks,.txt,128260,3001
ddjp.us.txt,market/Data/Stocks,.txt,18730,425
nee_g-cl.us.txt,market/Data/Stocks,.txt,888,20
sgoc.us.txt,market/Data/Stocks,.txt,50748,1275
esba.us.txt,market/Data/Stocks,.txt,47342,1012
nmi.us.txt,market/Data/Stocks,.txt,149376,3199
lfvn.us.txt,market/Data/Stocks,.txt,53673,1301
rst.us.txt,market/Data/Stocks,.txt,91225,2162
arcx.us.txt,market/Data/Stocks,.txt,47842,1012
dlr_c.us.txt,market/Data/Stocks,.txt,1848,42
pxs.us.txt,market/Data/Stocks,.txt,19713,488
hgsd.us.txt,market/Data/Stocks,.txt,19149,429
bse.us.txt,market/Data/Stocks,.txt,148230,3200
itus.us.txt,market/Data/Stocks,.txt,296036,7166
mnov.us.txt,market/Data/Stocks,.txt,101574,2607
putw.us.txt,market/Data/Stocks,.txt,19914,435
rfap.us.txt,market/Data/Stocks,.txt,14785,320
tr.us.txt,market/Data/Stocks,.txt,87066,1820
vrml.us.txt,market/Data/Stocks,.txt,78808,1964
mind.us.txt,market/Data/Stocks,.txt,133630,3201
dvd.us.txt,market/Data/Stocks,.txt,149448,3167
knsl.us.txt,market/Data/Stocks,.txt,15459,328
anik.us.txt,market/Data/Stocks,.txt,135537,3202
lvs.us.txt,market/Data/Stocks,.txt,159425,3202
tues.us.txt,market/Data/Stocks,.txt,133584,3202
rnet.us.txt,market/Data/Stocks,.txt,75366,1738
gnl.us.txt,market/Data/Stocks,.txt,30072,620
cowz.us.txt,market/Data/Stocks,.txt,10419,226
ptgx.us.txt,market/Data/Stocks,.txt,13943,318
sohu.us.txt,market/Data/Stocks,.txt,142200,3202
pegi.us.txt,market/Data/Stocks,.txt,50639,1041
uthr.us.txt,market/Data/Stocks,.txt,146202,3202
ohgi.us.txt,market/Data/Stocks,.txt,73782,1837
buff.us.txt,market/Data/Stocks,.txt,26315,585
gpt_a.us.txt,market/Data/Stocks,.txt,19129,430
dax.us.txt,market/Data/Stocks,.txt,34495,744
glng.us.txt,market/Data/Stocks,.txt,155026,3202
wdfc.us.txt,market/Data/Stocks,.txt,152883,3202
wtba.us.txt,market/Data/Stocks,.txt,151166,3201
srax.us.txt,market/Data/Stocks,.txt,10948,269
agm_a.us.txt,market/Data/Stocks,.txt,37008,875
ihd.us.txt,market/Data/Stocks,.txt,78988,1649
wuba.us.txt,market/Data/Stocks,.txt,45201,1017
rtix.us.txt,market/Data/Stocks,.txt,128919,3202
miii.us.txt,market/Data/Stocks,.txt,6370,160
ome.us.txt,market/Data/Stocks,.txt,153013,3199
stdy.us.txt,market/Data/Stocks,.txt,25955,666
bgg.us.txt,market/Data/Stocks,.txt,155493,3202
rick.us.txt,market/Data/Stocks,.txt,151929,3202
ebf.us.txt,market/Data/Stocks,.txt,154071,3202
nymt.us.txt,market/Data/Stocks,.txt,152449,3174
cfco.us.txt,market/Data/Stocks,.txt,11735,277
mmdmu.us.txt,market/Data/Stocks,.txt,3739,87
wmc.us.txt,market/Data/Stocks,.txt,67125,1388
pset.us.txt,market/Data/Stocks,.txt,1924,42
vnda.us.txt,market/Data/Stocks,.txt,122805,2918
cgg.us.txt,market/Data/Stocks,.txt,146191,3192
pbee.us.txt,market/Data/Stocks,.txt,1114,27
vmc.us.txt,market/Data/Stocks,.txt,364719,7522
fcbc.us.txt,market/Data/Stocks,.txt,151752,3202
igld.us.txt,market/Data/Stocks,.txt,124280,3059
pfis.us.txt,market/Data/Stocks,.txt,42282,908
aeti.us.txt,market/Data/Stocks,.txt,118156,3088
aht_f.us.txt,market/Data/Stocks,.txt,14832,334
hska.us.txt,market/Data/Stocks,.txt,125652,3200
itgr.us.txt,market/Data/Stocks,.txt,140762,3202
msn.us.txt,market/Data/Stocks,.txt,146905,3175
vygr.us.txt,market/Data/Stocks,.txt,21818,506
jets.us.txt,market/Data/Stocks,.txt,28822,619
ivlu.us.txt,market/Data/Stocks,.txt,22321,481
dde.us.txt,market/Data/Stocks,.txt,142086,3201
ldr.us.txt,market/Data/Stocks,.txt,151514,3185
ing.us.txt,market/Data/Stocks,.txt,157684,3202
pmbc.us.txt,market/Data/Stocks,.txt,126146,3181
hydb.us.txt,market/Data/Stocks,.txt,3253,72
bvx.us.txt,market/Data/Stocks,.txt,124613,3196
salm.us.txt,market/Data/Stocks,.txt,150542,3176
mdr.us.txt,market/Data/Stocks,.txt,139316,3202
crk.us.txt,market/Data/Stocks,.txt,148256,3202
prtk.us.txt,market/Data/Stocks,.txt,131556,2894
cpss.us.txt,market/Data/Stocks,.txt,126126,3200
hmnf.us.txt,market/Data/Stocks,.txt,115020,2883
stbz.us.txt,market/Data/Stocks,.txt,79320,1657
hawk.us.txt,market/Data/Stocks,.txt,50656,1153
plbc.us.txt,market/Data/Stocks,.txt,120945,2621
drio.us.txt,market/Data/Stocks,.txt,47227,1161
cvx.us.txt,market/Data/Stocks,.txt,594243,12074
ltc.us.txt,market/Data/Stocks,.txt,155153,3202
banr.us.txt,market/Data/Stocks,.txt,77248,1605
bac_a.us.txt,market/Data/Stocks,.txt,17415,392
slab.us.txt,market/Data/Stocks,.txt,142263,3202
ondk.us.txt,market/Data/Stocks,.txt,30546,733
flqg.us.txt,market/Data/Stocks,.txt,12710,279
mvis.us.txt,market/Data/Stocks,.txt,132459,3202
cbz.us.txt,market/Data/Stocks,.txt,130313,3202
amn.us.txt,market/Data/Stocks,.txt,137635,3202
tait.us.txt,market/Data/Stocks,.txt,104209,2256
cetxp.us.txt,market/Data/Stocks,.txt,6268,141
znga.us.txt,market/Data/Stocks,.txt,62817,1485
cdzi.us.txt,market/Data/Stocks,.txt,129254,3152
pzc.us.txt,market/Data/Stocks,.txt,151768,3202
wfhy.us.txt,market/Data/Stocks,.txt,15563,354
lmos.us.txt,market/Data/Stocks,.txt,69836,1517
lgl.us.txt,market/Data/Stocks,.txt,101016,2614
cato.us.txt,market/Data/Stocks,.txt,154779,3202
dpg.us.txt,market/Data/Stocks,.txt,76393,1585
fmbh.us.txt,market/Data/Stocks,.txt,91601,1980
idsa.us.txt,market/Data/Stocks,.txt,126792,3173
hmy.us.txt,market/Data/Stocks,.txt,259790,5317
bldp.us.txt,market/Data/Stocks,.txt,130250,3202
kemp.us.txt,market/Data/Stocks,.txt,18098,416
glyc.us.txt,market/Data/Stocks,.txt,39283,969
sync.us.txt,market/Data/Stocks,.txt,58112,1450
tphs.us.txt,market/Data/Stocks,.txt,18574,474
hsii.us.txt,market/Data/Stocks,.txt,154064,3202
cris.us.txt,market/Data/Stocks,.txt,129445,3202
celc.us.txt,market/Data/Stocks,.txt,1730,39
ccl.us.txt,market/Data/Stocks,.txt,358273,7272
alx.us.txt,market/Data/Stocks,.txt,149847,3201
jpt.us.txt,market/Data/Stocks,.txt,9557,202
atrc.us.txt,market/Data/Stocks,.txt,128724,3089
nwli.us.txt,market/Data/Stocks,.txt,148470,3191
edge.us.txt,market/Data/Stocks,.txt,22470,535
ardm.us.txt,market/Data/Stocks,.txt,33824,853
ti-a.us.txt,market/Data/Stocks,.txt,85458,1820
all_c.us.txt,market/Data/Stocks,.txt,46654,1036
snoaw.us.txt,market/Data/Stocks,.txt,27852,670
bios.us.txt,market/Data/Stocks,.txt,130490,3202
spr.us.txt,market/Data/Stocks,.txt,135599,2764
goex.us.txt,market/Data/Stocks,.txt,82931,1765
jgh.us.txt,market/Data/Stocks,.txt,35749,747
cibr.us.txt,market/Data/Stocks,.txt,27794,595
mbi.us.txt,market/Data/Stocks,.txt,331972,7654
nflx.us.txt,market/Data/Stocks,.txt,158146,3202
pkd.us.txt,market/Data/Stocks,.txt,130547,3202
gnt.us.txt,market/Data/Stocks,.txt,81974,1708
ge.us.txt,market/Data/Stocks,.txt,705515,14059
brgl.us.txt,market/Data/Stocks,.txt,766,17
slnow.us.txt,market/Data/Stocks,.txt,20838,535
ttek.us.txt,market/Data/Stocks,.txt,155073,3202
chubk.us.txt,market/Data/Stocks,.txt,14547,330
dezu.us.txt,market/Data/Stocks,.txt,18785,424
cart.us.txt,market/Data/Stocks,.txt,81380,2120
afsi_b.us.txt,market/Data/Stocks,.txt,29861,679
pola.us.txt,market/Data/Stocks,.txt,9526,236
nnc.us.txt,market/Data/Stocks,.txt,148827,3183
dffn.us.txt,market/Data/Stocks,.txt,9996,246
wyy.us.txt,market/Data/Stocks,.txt,128660,3193
bstc.us.txt,market/Data/Stocks,.txt,119993,2923
args.us.txt,market/Data/Stocks,.txt,38728,950
ssl.us.txt,market/Data/Stocks,.txt,155573,3202
rcon.us.txt,market/Data/Stocks,.txt,82705,2080
wrlsw.us.txt,market/Data/Stocks,.txt,1746,44
rilyl.us.txt,market/Data/Stocks,.txt,9963,220
py.us.txt,market/Data/Stocks,.txt,4875,107
vrig.us.txt,market/Data/Stocks,.txt,12985,276
vbiv.us.txt,market/Data/Stocks,.txt,81467,1782
med.us.txt,market/Data/Stocks,.txt,154588,3202
tnp_d.us.txt,market/Data/Stocks,.txt,28367,639
nls.us.txt,market/Data/Stocks,.txt,134178,3202
alsk.us.txt,market/Data/Stocks,.txt,144738,3202
rell.us.txt,market/Data/Stocks,.txt,151492,3202
idsy.us.txt,market/Data/Stocks,.txt,128372,3199
lts_a.us.txt,market/Data/Stocks,.txt,50976,1125
acer.us.txt,market/Data/Stocks,.txt,136500,3126
zb_g.us.txt,market/Data/Stocks,.txt,54200,1200
vz.us.txt,market/Data/Stocks,.txt,426448,8565
tbbk.us.txt,market/Data/Stocks,.txt,132554,3202
aldw.us.txt,market/Data/Stocks,.txt,60254,1255
abrn.us.txt,market/Data/Stocks,.txt,40707,876
rbs.us.txt,market/Data/Stocks,.txt,109609,2541
whf.us.txt,market/Data/Stocks,.txt,58185,1245
bac_y.us.txt,market/Data/Stocks,.txt,31102,704
cbb.us.txt,market/Data/Stocks,.txt,135586,3202
strs.us.txt,market/Data/Stocks,.txt,129860,2820
icad.us.txt,market/Data/Stocks,.txt,125975,3202
hfbc.us.txt,market/Data/Stocks,.txt,130156,2805
tcbk.us.txt,market/Data/Stocks,.txt,152335,3202
dcp.us.txt,market/Data/Stocks,.txt,145465,3008
sbs.us.txt,market/Data/Stocks,.txt,157084,3202
zfgn.us.txt,market/Data/Stocks,.txt,36075,859
mnr_c.us.txt,market/Data/Stocks,.txt,13114,294
tail.us.txt,market/Data/Stocks,.txt,7101,153
brs.us.txt,market/Data/Stocks,.txt,154658,3202
kex.us.txt,market/Data/Stocks,.txt,142211,3202
nom.us.txt,market/Data/Stocks,.txt,127417,2760
dgica.us.txt,market/Data/Stocks,.txt,151482,3202
tcrz.us.txt,market/Data/Stocks,.txt,20905,451
prts.us.txt,market/Data/Stocks,.txt,107512,2709
crs.us.txt,market/Data/Stocks,.txt,155790,3202
lngr.us.txt,market/Data/Stocks,.txt,9135,204
mbwm.us.txt,market/Data/Stocks,.txt,151497,3200
rndb.us.txt,market/Data/Stocks,.txt,14580,331
tmusp.us.txt,market/Data/Stocks,.txt,24318,517
snmp.us.txt,market/Data/Stocks,.txt,128973,2766
jhmf.us.txt,market/Data/Stocks,.txt,21250,461
dmlp.us.txt,market/Data/Stocks,.txt,152757,3202
nxq.us.txt,market/Data/Stocks,.txt,150332,3202
bf-a.us.txt,market/Data/Stocks,.txt,85655,1818
cdns.us.txt,market/Data/Stocks,.txt,142372,3202
bml_l.us.txt,market/Data/Stocks,.txt,84337,1820
bx.us.txt,market/Data/Stocks,.txt,129437,2619
ceo.us.txt,market/Data/Stocks,.txt,155106,3201
yndx.us.txt,market/Data/Stocks,.txt,73681,1629
icfi.us.txt,market/Data/Stocks,.txt,121972,2802
yext.us.txt,market/Data/Stocks,.txt,6625,149
sam.us.txt,market/Data/Stocks,.txt,144078,3202
dlhc.us.txt,market/Data/Stocks,.txt,113017,2936
cunb.us.txt,market/Data/Stocks,.txt,53198,1251
mksi.us.txt,market/Data/Stocks,.txt,155215,3202
plug.us.txt,market/Data/Stocks,.txt,67341,1612
anh.us.txt,market/Data/Stocks,.txt,157376,3202
asur.us.txt,market/Data/Stocks,.txt,130909,3116
pre_h.us.txt,market/Data/Stocks,.txt,17042,385
shop.us.txt,market/Data/Stocks,.txt,28226,627
mtw.us.txt,market/Data/Stocks,.txt,156664,3202
hqcl.us.txt,market/Data/Stocks,.txt,127705,2745
vly.us.txt,market/Data/Stocks,.txt,156236,3202
fccy.us.txt,market/Data/Stocks,.txt,116700,2537
sfl.us.txt,market/Data/Stocks,.txt,154859,3202
brac.us.txt,market/Data/Stocks,.txt,481,12
ifon.us.txt,market/Data/Stocks,.txt,122998,3169
ctic.us.txt,market/Data/Stocks,.txt,64038,1616
gpe_a-cl.us.txt,market/Data/Stocks,.txt,1037,23
bbn.us.txt,market/Data/Stocks,.txt,87904,1814
ego.us.txt,market/Data/Stocks,.txt,156904,3202
banf.us.txt,market/Data/Stocks,.txt,152499,3202
bsac.us.txt,market/Data/Stocks,.txt,154988,3202
flqs.us.txt,market/Data/Stocks,.txt,4967,115
arrs.us.txt,market/Data/Stocks,.txt,142430,3202
lcnb.us.txt,market/Data/Stocks,.txt,69408,1491
cacg.us.txt,market/Data/Stocks,.txt,5857,131
zbh.us.txt,market/Data/Stocks,.txt,201731,4093
icvt.us.txt,market/Data/Stocks,.txt,24495,531
sui_a.us.txt,market/Data/Stocks,.txt,49265,1102
mck.us.txt,market/Data/Stocks,.txt,284282,5786
re.us.txt,market/Data/Stocks,.txt,155531,3202
dps.us.txt,market/Data/Stocks,.txt,118650,2405
ras_a.us.txt,market/Data/Stocks,.txt,82962,1818
cur.us.txt,market/Data/Stocks,.txt,116864,2743
wfc_v.us.txt,market/Data/Stocks,.txt,24211,545
mrtn.us.txt,market/Data/Stocks,.txt,154633,3202
tpb.us.txt,market/Data/Stocks,.txt,16628,382
deltw.us.txt,market/Data/Stocks,.txt,17050,414
bur.us.txt,market/Data/Stocks,.txt,50365,1277
esgd.us.txt,market/Data/Stocks,.txt,13077,287
spke.us.txt,market/Data/Stocks,.txt,39673,832
bt.us.txt,market/Data/Stocks,.txt,155123,3202
gabr.us.txt,market/Data/Stocks,.txt,137,3
ncsm.us.txt,market/Data/Stocks,.txt,6136,139
dwtr.us.txt,market/Data/Stocks,.txt,25061,529
fdef.us.txt,market/Data/Stocks,.txt,150776,3195
gblil.us.txt,market/Data/Stocks,.txt,6710,148
wayn.us.txt,market/Data/Stocks,.txt,104958,2276
mtem.us.txt,market/Data/Stocks,.txt,138467,3202
hunt.us.txt,market/Data/Stocks,.txt,3405,87
pfmt.us.txt,market/Data/Stocks,.txt,54178,1324
gov.us.txt,market/Data/Stocks,.txt,103483,2129
bap.us.txt,market/Data/Stocks,.txt,155114,3201
rgse.us.txt,market/Data/Stocks,.txt,95893,2397
pdfs.us.txt,market/Data/Stocks,.txt,134954,3202
gdv_d.us.txt,market/Data/Stocks,.txt,78085,1722
ocip.us.txt,market/Data/Stocks,.txt,48330,1034
jag.us.txt,market/Data/Stocks,.txt,8989,202
sfix.us.txt,market/Data/Stocks,.txt,0,0
naov.us.txt,market/Data/Stocks,.txt,275,7
two.us.txt,market/Data/Stocks,.txt,99397,2024
dsm.us.txt,market/Data/Stocks,.txt,154124,3202
ayx.us.txt,market/Data/Stocks,.txt,7293,163
xplr.us.txt,market/Data/Stocks,.txt,49378,1252
ldf.us.txt,market/Data/Stocks,.txt,150527,3201
ins.us.txt,market/Data/Stocks,.txt,112613,2472
rpai.us.txt,market/Data/Stocks,.txt,69075,1412
gs_k.us.txt,market/Data/Stocks,.txt,40079,891
noa.us.txt,market/Data/Stocks,.txt,131887,2763
jmpc.us.txt,market/Data/Stocks,.txt,40226,868
bsqr.us.txt,market/Data/Stocks,.txt,125225,3180
stm.us.txt,market/Data/Stocks,.txt,157601,3202
mfv.us.txt,market/Data/Stocks,.txt,151348,3202
metc.us.txt,market/Data/Stocks,.txt,8080,197
bbt_g.us.txt,market/Data/Stocks,.txt,52105,1143
nflt.us.txt,market/Data/Stocks,.txt,26969,570
uvsp.us.txt,market/Data/Stocks,.txt,151840,3202
yume.us.txt,market/Data/Stocks,.txt,51588,1077
dvem.us.txt,market/Data/Stocks,.txt,17049,369
htld.us.txt,market/Data/Stocks,.txt,155664,3202
bbdo.us.txt,market/Data/Stocks,.txt,52842,1150
alt.us.txt,market/Data/Stocks,.txt,139824,3009
ozm.us.txt,market/Data/Stocks,.txt,122616,2518
advm.us.txt,market/Data/Stocks,.txt,34233,830
vmw.us.txt,market/Data/Stocks,.txt,116885,2583
atro.us.txt,market/Data/Stocks,.txt,375645,7790
sgb.us.txt,market/Data/Stocks,.txt,106074,2313
dfvs.us.txt,market/Data/Stocks,.txt,2330,52
bgs.us.txt,market/Data/Stocks,.txt,127693,2639
zumz.us.txt,market/Data/Stocks,.txt,138681,3154
ebr.us.txt,market/Data/Stocks,.txt,11104,274
spyd.us.txt,market/Data/Stocks,.txt,24418,519
csml.us.txt,market/Data/Stocks,.txt,5925,126
rigl.us.txt,market/Data/Stocks,.txt,132569,3202
mdgl.us.txt,market/Data/Stocks,.txt,119336,2714
dvp.us.txt,market/Data/Stocks,.txt,35485,760
csq.us.txt,market/Data/Stocks,.txt,155611,3202
pkbk.us.txt,market/Data/Stocks,.txt,135092,2925
erc.us.txt,market/Data/Stocks,.txt,153969,3202
coda.us.txt,market/Data/Stocks,.txt,3323,82
evp.us.txt,market/Data/Stocks,.txt,139797,3046
sbbc.us.txt,market/Data/Stocks,.txt,6524,146
adus.us.txt,market/Data/Stocks,.txt,83892,2023
sqzz.us.txt,market/Data/Stocks,.txt,3355,76
dnbf.us.txt,market/Data/Stocks,.txt,100173,2180
acta.us.txt,market/Data/Stocks,.txt,135055,3202
mrt.us.txt,market/Data/Stocks,.txt,13392,284
sblkl.us.txt,market/Data/Stocks,.txt,34218,739
dal.us.txt,market/Data/Stocks,.txt,491259,9549
ten.us.txt,market/Data/Stocks,.txt,155255,3202
srun.us.txt,market/Data/Stocks,.txt,5857,136
optt.us.txt,market/Data/Stocks,.txt,103014,2660
wppgy.us.txt,market/Data/Stocks,.txt,153355,3202
tpor.us.txt,market/Data/Stocks,.txt,4397,99
cown.us.txt,market/Data/Stocks,.txt,121495,2856
afb.us.txt,market/Data/Stocks,.txt,151431,3202
lbai.us.txt,market/Data/Stocks,.txt,151783,3202
dnkn.us.txt,market/Data/Stocks,.txt,77672,1585
prov.us.txt,market/Data/Stocks,.txt,149718,3175
cme.us.txt,market/Data/Stocks,.txt,158640,3202
fgp.us.txt,market/Data/Stocks,.txt,154657,3202
tlf.us.txt,market/Data/Stocks,.txt,136948,3066
sig.us.txt,market/Data/Stocks,.txt,154532,3202
emitf.us.txt,market/Data/Stocks,.txt,124745,3070
rmt.us.txt,market/Data/Stocks,.txt,153927,3202
call.us.txt,market/Data/Stocks,.txt,131112,3141
rig.us.txt,market/Data/Stocks,.txt,301832,6160
nptn.us.txt,market/Data/Stocks,.txt,69401,1705
pfs.us.txt,market/Data/Stocks,.txt,154696,3202
iqi.us.txt,market/Data/Stocks,.txt,151807,3202
bme.us.txt,market/Data/Stocks,.txt,151164,3182
ggp.us.txt,market/Data/Stocks,.txt,158911,3202
vlrx.us.txt,market/Data/Stocks,.txt,9217,242
tvpt.us.txt,market/Data/Stocks,.txt,38373,791
vtn.us.txt,market/Data/Stocks,.txt,149746,3202
snhnl.us.txt,market/Data/Stocks,.txt,15972,345
ngg.us.txt,market/Data/Stocks,.txt,154475,3202
vteb.us.txt,market/Data/Stocks,.txt,26820,561
nmk_c.us.txt,market/Data/Stocks,.txt,25450,590
spdn.us.txt,market/Data/Stocks,.txt,16847,362
cmfn.us.txt,market/Data/Stocks,.txt,44056,951
gpl.us.txt,market/Data/Stocks,.txt,122816,3039
peix.us.txt,market/Data/Stocks,.txt,66582,1600
depo.us.txt,market/Data/Stocks,.txt,133663,3202
belfa.us.txt,market/Data/Stocks,.txt,122246,2643
aqua.us.txt,market/Data/Stocks,.txt,351,8
ottw.us.txt,market/Data/Stocks,.txt,11408,252
bgca.us.txt,market/Data/Stocks,.txt,63420,1351
forr.us.txt,market/Data/Stocks,.txt,152772,3202
xrf.us.txt,market/Data/Stocks,.txt,5607,139
blvdw.us.txt,market/Data/Stocks,.txt,11364,286
glpg.us.txt,market/Data/Stocks,.txt,62531,1467
botj.us.txt,market/Data/Stocks,.txt,52312,1137
rmniu.us.txt,market/Data/Stocks,.txt,7264,179
trnc.us.txt,market/Data/Stocks,.txt,37574,825
eoi.us.txt,market/Data/Stocks,.txt,154457,3202
nxst.us.txt,market/Data/Stocks,.txt,152887,3195
dglt.us.txt,market/Data/Stocks,.txt,29761,720
valx.us.txt,market/Data/Stocks,.txt,33012,714
knl.us.txt,market/Data/Stocks,.txt,154967,3202
uihc.us.txt,market/Data/Stocks,.txt,59598,1244
cetx.us.txt,market/Data/Stocks,.txt,27809,603
ssw_e.us.txt,market/Data/Stocks,.txt,42205,945
ms_k.us.txt,market/Data/Stocks,.txt,8698,196
nvcn.us.txt,market/Data/Stocks,.txt,50614,1226
gssc.us.txt,market/Data/Stocks,.txt,3338,73
cdtx.us.txt,market/Data/Stocks,.txt,27084,653
czfc.us.txt,market/Data/Stocks,.txt,85445,1854
clns_e.us.txt,market/Data/Stocks,.txt,9464,212
parr.us.txt,market/Data/Stocks,.txt,36710,836
ptr.us.txt,market/Data/Stocks,.txt,155010,3200
dfnd.us.txt,market/Data/Stocks,.txt,16180,369
plxp.us.txt,market/Data/Stocks,.txt,37736,926
mule.us.txt,market/Data/Stocks,.txt,7487,168
shi.us.txt,market/Data/Stocks,.txt,151908,3201
vnom.us.txt,market/Data/Stocks,.txt,41143,860
fbm.us.txt,market/Data/Stocks,.txt,8522,192
nvtr.us.txt,market/Data/Stocks,.txt,17306,422
umh.us.txt,market/Data/Stocks,.txt,150701,3202
rhi.us.txt,market/Data/Stocks,.txt,314832,6443
k.us.txt,market/Data/Stocks,.txt,406837,8296
ipg.us.txt,market/Data/Stocks,.txt,370780,7565
blk.us.txt,market/Data/Stocks,.txt,155709,3202
pcn.us.txt,market/Data/Stocks,.txt,154674,3202
fbio.us.txt,market/Data/Stocks,.txt,59775,1485
itt.us.txt,market/Data/Stocks,.txt,271257,5513
oew.us.txt,market/Data/Stocks,.txt,10253,223
atacr.us.txt,market/Data/Stocks,.txt,1630,40
pmt_a.us.txt,market/Data/Stocks,.txt,7629,171
job.us.txt,market/Data/Stocks,.txt,104466,2939
dgii.us.txt,market/Data/Stocks,.txt,134863,3202
mnp.us.txt,market/Data/Stocks,.txt,148811,3189
nad.us.txt,market/Data/Stocks,.txt,151687,3202
ako-a.us.txt,market/Data/Stocks,.txt,76770,1660
aemd.us.txt,market/Data/Stocks,.txt,23951,591
ide.us.txt,market/Data/Stocks,.txt,93435,1965
crd-a.us.txt,market/Data/Stocks,.txt,85681,1818
lq.us.txt,market/Data/Stocks,.txt,40793,908
itic.us.txt,market/Data/Stocks,.txt,131931,2856
ostk.us.txt,market/Data/Stocks,.txt,139348,3202
ygyi.us.txt,market/Data/Stocks,.txt,4059,102
hsy.us.txt,market/Data/Stocks,.txt,399205,8161
myl.us.txt,market/Data/Stocks,.txt,145066,3202
eryp.us.txt,market/Data/Stocks,.txt,87,2
cray.us.txt,market/Data/Stocks,.txt,134815,3202
oeuh.us.txt,market/Data/Stocks,.txt,24172,520
eng.us.txt,market/Data/Stocks,.txt,129347,3202
revg.us.txt,market/Data/Stocks,.txt,9749,202
nrk.us.txt,market/Data/Stocks,.txt,146701,3163
stnlu.us.txt,market/Data/Stocks,.txt,307,7
wab.us.txt,market/Data/Stocks,.txt,156055,3202
apto.us.txt,market/Data/Stocks,.txt,67064,1588
bcli.us.txt,market/Data/Stocks,.txt,31700,787
lyl.us.txt,market/Data/Stocks,.txt,722,17
rhe.us.txt,market/Data/Stocks,.txt,1285,31
g.us.txt,market/Data/Stocks,.txt,126063,2591
emhy.us.txt,market/Data/Stocks,.txt,65294,1374
csbk.us.txt,market/Data/Stocks,.txt,150525,3202
bval.us.txt,market/Data/Stocks,.txt,3790,84
vjet.us.txt,market/Data/Stocks,.txt,42052,1025
sndx.us.txt,market/Data/Stocks,.txt,18742,430
ibkr.us.txt,market/Data/Stocks,.txt,129019,2653
wfc.us.txt,market/Data/Stocks,.txt,415789,8324
kim_j.us.txt,market/Data/Stocks,.txt,60645,1332
rf_a.us.txt,market/Data/Stocks,.txt,58120,1265
alna.us.txt,market/Data/Stocks,.txt,337,8
mdlx.us.txt,market/Data/Stocks,.txt,14397,313
she.us.txt,market/Data/Stocks,.txt,18349,399
jpst.us.txt,market/Data/Stocks,.txt,5209,113
oc.us.txt,market/Data/Stocks,.txt,138060,2807
cht.us.txt,market/Data/Stocks,.txt,155642,3203
prnt.us.txt,market/Data/Stocks,.txt,15233,334
vfc.us.txt,market/Data/Stocks,.txt,401673,8158
khc.us.txt,market/Data/Stocks,.txt,29353,597
pavm.us.txt,market/Data/Stocks,.txt,10359,266
ago_f.us.txt,market/Data/Stocks,.txt,83376,1818
lmb.us.txt,market/Data/Stocks,.txt,10346,238
inap.us.txt,market/Data/Stocks,.txt,129751,3202
clns_i.us.txt,market/Data/Stocks,.txt,4904,111
icd.us.txt,market/Data/Stocks,.txt,33087,824
nulv.us.txt,market/Data/Stocks,.txt,9684,222
ato.us.txt,market/Data/Stocks,.txt,155480,3202
cnhx.us.txt,market/Data/Stocks,.txt,300,7
ms_g.us.txt,market/Data/Stocks,.txt,40107,891
oaks.us.txt,market/Data/Stocks,.txt,56427,1172
pope.us.txt,market/Data/Stocks,.txt,139242,3004
exac.us.txt,market/Data/Stocks,.txt,137193,3202
nrg.us.txt,market/Data/Stocks,.txt,158761,3202
pdli.us.txt,market/Data/Stocks,.txt,155811,3202
bkj.us.txt,market/Data/Stocks,.txt,89416,1956
pzza.us.txt,market/Data/Stocks,.txt,155603,3202
gel.us.txt,market/Data/Stocks,.txt,154532,3202
ebr-b.us.txt,market/Data/Stocks,.txt,11912,272
rkda.us.txt,market/Data/Stocks,.txt,25759,631
org.us.txt,market/Data/Stocks,.txt,13188,288
iipr_a.us.txt,market/Data/Stocks,.txt,593,14
kldw.us.txt,market/Data/Stocks,.txt,26202,567
clsn.us.txt,market/Data/Stocks,.txt,141161,3202
hmst.us.txt,market/Data/Stocks,.txt,65229,1450
knop.us.txt,market/Data/Stocks,.txt,55398,1160
okta.us.txt,market/Data/Stocks,.txt,6800,153
bxe.us.txt,market/Data/Stocks,.txt,53175,1294
src_a.us.txt,market/Data/Stocks,.txt,524,12
reed.us.txt,market/Data/Stocks,.txt,105543,2730
ctsh.us.txt,market/Data/Stocks,.txt,158614,3202
hewp.us.txt,market/Data/Stocks,.txt,27418,591
vra.us.txt,market/Data/Stocks,.txt,78282,1776
sxt.us.txt,market/Data/Stocks,.txt,155217,3202
ashx.us.txt,market/Data/Stocks,.txt,14281,316
asb.us.txt,market/Data/Stocks,.txt,35260,727
fvc.us.txt,market/Data/Stocks,.txt,19858,418
vvr.us.txt,market/Data/Stocks,.txt,156021,3202
ffsg.us.txt,market/Data/Stocks,.txt,411,9
bracu.us.txt,market/Data/Stocks,.txt,1233,28
cxe.us.txt,market/Data/Stocks,.txt,153443,3202
cldr.us.txt,market/Data/Stocks,.txt,6239,139
rgls.us.txt,market/Data/Stocks,.txt,52974,1286
gts.us.txt,market/Data/Stocks,.txt,109311,2502
sbot.us.txt,market/Data/Stocks,.txt,20563,510
sunw.us.txt,market/Data/Stocks,.txt,74074,1812
iknx.us.txt,market/Data/Stocks,.txt,94107,2143
rushb.us.txt,market/Data/Stocks,.txt,134877,3182
dxyn.us.txt,market/Data/Stocks,.txt,127412,3177
kim.us.txt,market/Data/Stocks,.txt,158353,3202
lll.us.txt,market/Data/Stocks,.txt,156487,3202
orex.us.txt,market/Data/Stocks,.txt,106327,2659
iart.us.txt,market/Data/Stocks,.txt,148935,3202
tmk_b.us.txt,market/Data/Stocks,.txt,59085,1290
dbes.us.txt,market/Data/Stocks,.txt,8232,191
jrjr.us.txt,market/Data/Stocks,.txt,67793,1804
frc_f.us.txt,market/Data/Stocks,.txt,27155,622
fts.us.txt,market/Data/Stocks,.txt,12963,272
wbil.us.txt,market/Data/Stocks,.txt,37785,809
ocx.us.txt,market/Data/Stocks,.txt,18155,470
gco.us.txt,market/Data/Stocks,.txt,141822,3202
gtyhw.us.txt,market/Data/Stocks,.txt,3574,93
trib.us.txt,market/Data/Stocks,.txt,148702,3202
reph.us.txt,market/Data/Stocks,.txt,37480,930
bmi.us.txt,market/Data/Stocks,.txt,154259,3202
abr_b.us.txt,market/Data/Stocks,.txt,46474,1043
dusl.us.txt,market/Data/Stocks,.txt,3838,86
nm.us.txt,market/Data/Stocks,.txt,151857,3200
fco.us.txt,market/Data/Stocks,.txt,152439,3202
ciz.us.txt,market/Data/Stocks,.txt,36092,772
elmd.us.txt,market/Data/Stocks,.txt,67301,1736
vgm.us.txt,market/Data/Stocks,.txt,152090,3202
cmi.us.txt,market/Data/Stocks,.txt,406377,8286
enfc.us.txt,market/Data/Stocks,.txt,32294,764
lor.us.txt,market/Data/Stocks,.txt,147001,3118
zbra.us.txt,market/Data/Stocks,.txt,142807,3202
tpvg.us.txt,market/Data/Stocks,.txt,44059,932
wso.us.txt,market/Data/Stocks,.txt,155409,3202
hnna.us.txt,market/Data/Stocks,.txt,41389,885
arl.us.txt,market/Data/Stocks,.txt,113189,2942
spts.us.txt,market/Data/Stocks,.txt,60737,1293
func.us.txt,market/Data/Stocks,.txt,123803,3103
par.us.txt,market/Data/Stocks,.txt,126579,3198
ptie.us.txt,market/Data/Stocks,.txt,146843,3201
trno.us.txt,market/Data/Stocks,.txt,93684,1955
vstm.us.txt,market/Data/Stocks,.txt,59763,1455
ivh.us.txt,market/Data/Stocks,.txt,53747,1126
aac.us.txt,market/Data/Stocks,.txt,33723,786
tot.us.txt,market/Data/Stocks,.txt,158255,3202
ms.us.txt,market/Data/Stocks,.txt,160776,3202
clvs.us.txt,market/Data/Stocks,.txt,66967,1506
aep.us.txt,market/Data/Stocks,.txt,587334,12076
glbr.us.txt,market/Data/Stocks,.txt,76928,1746
nly_c.us.txt,market/Data/Stocks,.txt,62864,1376
modn.us.txt,market/Data/Stocks,.txt,49856,1174
gilt.us.txt,market/Data/Stocks,.txt,126992,3197
nap.us.txt,market/Data/Stocks,.txt,35559,756
lnd.us.txt,market/Data/Stocks,.txt,45570,982
oec.us.txt,market/Data/Stocks,.txt,39828,834
bac-ws-b.us.txt,market/Data/Stocks,.txt,29128,681
farm.us.txt,market/Data/Stocks,.txt,136505,3202
xntk.us.txt,market/Data/Stocks,.txt,151150,3198
hayn.us.txt,market/Data/Stocks,.txt,142583,2987
admp.us.txt,market/Data/Stocks,.txt,222544,5471
awi.us.txt,market/Data/Stocks,.txt,133588,2792
ens.us.txt,market/Data/Stocks,.txt,154977,3202
rop.us.txt,market/Data/Stocks,.txt,155746,3202
ism.us.txt,market/Data/Stocks,.txt,82376,1771
sce_j.us.txt,market/Data/Stocks,.txt,24605,559
unb.us.txt,market/Data/Stocks,.txt,123970,2692
ucbi.us.txt,market/Data/Stocks,.txt,76988,1592
bemo.us.txt,market/Data/Stocks,.txt,16455,361
pbip.us.txt,market/Data/Stocks,.txt,123349,2661
le.us.txt,market/Data/Stocks,.txt,40293,919
fet.us.txt,market/Data/Stocks,.txt,62381,1408
rmax.us.txt,market/Data/Stocks,.txt,49317,1038
banc_c.us.txt,market/Data/Stocks,.txt,27355,625
nbn.us.txt,market/Data/Stocks,.txt,120426,2608
gure.us.txt,market/Data/Stocks,.txt,64479,1603
chma.us.txt,market/Data/Stocks,.txt,23851,589
fibk.us.txt,market/Data/Stocks,.txt,92247,1926
ptf.us.txt,market/Data/Stocks,.txt,129830,2776
sbnb.us.txt,market/Data/Stocks,.txt,33089,710
lii.us.txt,market/Data/Stocks,.txt,155607,3202
ewgs.us.txt,market/Data/Stocks,.txt,59993,1292
asb_d.us.txt,market/Data/Stocks,.txt,12856,288
vray.us.txt,market/Data/Stocks,.txt,16530,411
apd.us.txt,market/Data/Stocks,.txt,427192,8726
holi.us.txt,market/Data/Stocks,.txt,141901,3012
aljj.us.txt,market/Data/Stocks,.txt,15233,381
fnte.us.txt,market/Data/Stocks,.txt,3527,89
alny.us.txt,market/Data/Stocks,.txt,141151,3202
rds-a.us.txt,market/Data/Stocks,.txt,89954,1820
hps.us.txt,market/Data/Stocks,.txt,153232,3202
mzf.us.txt,market/Data/Stocks,.txt,150988,3202
hmta.us.txt,market/Data/Stocks,.txt,6105,147
agx.us.txt,market/Data/Stocks,.txt,133257,2812
chl.us.txt,market/Data/Stocks,.txt,156975,3202
cmrx.us.txt,market/Data/Stocks,.txt,49641,1159
resn.us.txt,market/Data/Stocks,.txt,34991,872
oiil.us.txt,market/Data/Stocks,.txt,15667,359
mxwl.us.txt,market/Data/Stocks,.txt,135129,3202
snbc.us.txt,market/Data/Stocks,.txt,150901,3202
lvlt.us.txt,market/Data/Stocks,.txt,217324,4920
tol.us.txt,market/Data/Stocks,.txt,159112,3202
sjm.us.txt,market/Data/Stocks,.txt,156092,3202
cno.us.txt,market/Data/Stocks,.txt,157694,3202
hrc.us.txt,market/Data/Stocks,.txt,155377,3202
cgnt.us.txt,market/Data/Stocks,.txt,120852,3168
ix.us.txt,market/Data/Stocks,.txt,151006,3202
aeh.us.txt,market/Data/Stocks,.txt,86811,1820
vrtu.us.txt,market/Data/Stocks,.txt,111257,2590
wwd.us.txt,market/Data/Stocks,.txt,155336,3203
ryb.us.txt,market/Data/Stocks,.txt,1483,34
giii.us.txt,market/Data/Stocks,.txt,141910,3182
exa.us.txt,market/Data/Stocks,.txt,57671,1352
aggy.us.txt,market/Data/Stocks,.txt,23864,511
knx.us.txt,market/Data/Stocks,.txt,85355,1737
cys.us.txt,market/Data/Stocks,.txt,104494,2122
jeld.us.txt,market/Data/Stocks,.txt,9004,202
hcsg.us.txt,market/Data/Stocks,.txt,155093,3202
hal.us.txt,market/Data/Stocks,.txt,448075,9044
atlo.us.txt,market/Data/Stocks,.txt,144597,3089
cccl.us.txt,market/Data/Stocks,.txt,97454,2202
ipar.us.txt,market/Data/Stocks,.txt,153113,3202
calx.us.txt,market/Data/Stocks,.txt,79433,1926
boss.us.txt,market/Data/Stocks,.txt,8129,187
npo.us.txt,market/Data/Stocks,.txt,154489,3202
ibkco.us.txt,market/Data/Stocks,.txt,15306,331
elc.us.txt,market/Data/Stocks,.txt,14520,312
nnbr.us.txt,market/Data/Stocks,.txt,80924,1685
insi.us.txt,market/Data/Stocks,.txt,70730,1491
jmom.us.txt,market/Data/Stocks,.txt,83,2
pbt.us.txt,market/Data/Stocks,.txt,153980,3202
bsjo.us.txt,market/Data/Stocks,.txt,13254,283
pfg.us.txt,market/Data/Stocks,.txt,199397,4044
eigi.us.txt,market/Data/Stocks,.txt,43391,1021
hun.us.txt,market/Data/Stocks,.txt,157895,3202
cib.us.txt,market/Data/Stocks,.txt,155454,3202
ckpt.us.txt,market/Data/Stocks,.txt,4465,122
rttr.us.txt,market/Data/Stocks,.txt,24932,604
xnet.us.txt,market/Data/Stocks,.txt,34629,855
vcf.us.txt,market/Data/Stocks,.txt,145826,3146
psb_v.us.txt,market/Data/Stocks,.txt,52866,1176
abe.us.txt,market/Data/Stocks,.txt,150266,3191
indu.us.txt,market/Data/Stocks,.txt,2152,53
ngs.us.txt,market/Data/Stocks,.txt,138077,3202
evbn.us.txt,market/Data/Stocks,.txt,121028,2626
kmf.us.txt,market/Data/Stocks,.txt,84233,1752
arnc.us.txt,market/Data/Stocks,.txt,12856,261
expd.us.txt,market/Data/Stocks,.txt,339603,6934
gpx.us.txt,market/Data/Stocks,.txt,133041,3202
bzm.us.txt,market/Data/Stocks,.txt,133373,2877
ftk.us.txt,market/Data/Stocks,.txt,135818,3194
ogs.us.txt,market/Data/Stocks,.txt,46223,952
jmf.us.txt,market/Data/Stocks,.txt,81289,1685
nxtm.us.txt,market/Data/Stocks,.txt,131101,3033
ozrk.us.txt,market/Data/Stocks,.txt,155445,3202
sskn.us.txt,market/Data/Stocks,.txt,116096,3018
aosl.us.txt,market/Data/Stocks,.txt,78428,1900
auy.us.txt,market/Data/Stocks,.txt,158904,3202
hes.us.txt,market/Data/Stocks,.txt,158437,3202
mlnk.us.txt,market/Data/Stocks,.txt,129943,3202
avk.us.txt,market/Data/Stocks,.txt,153332,3202
abeow.us.txt,market/Data/Stocks,.txt,19640,516
crws.us.txt,market/Data/Stocks,.txt,136984,2891
cerc.us.txt,market/Data/Stocks,.txt,20865,501
ocfc.us.txt,market/Data/Stocks,.txt,152015,3202
atlc.us.txt,market/Data/Stocks,.txt,126344,3103
syn.us.txt,market/Data/Stocks,.txt,119538,2999
svbi.us.txt,market/Data/Stocks,.txt,113403,2907
gold.us.txt,market/Data/Stocks,.txt,155752,3202
pri.us.txt,market/Data/Stocks,.txt,92869,1920
pati.us.txt,market/Data/Stocks,.txt,22167,536
sgbx.us.txt,market/Data/Stocks,.txt,3964,100
ryn.us.txt,market/Data/Stocks,.txt,157257,3202
antm.us.txt,market/Data/Stocks,.txt,306976,6241
idhd.us.txt,market/Data/Stocks,.txt,10676,237
it.us.txt,market/Data/Stocks,.txt,142909,3202
ocul.us.txt,market/Data/Stocks,.txt,35451,834
gsbd.us.txt,market/Data/Stocks,.txt,32223,672
cgnx.us.txt,market/Data/Stocks,.txt,155366,3202
cnc.us.txt,market/Data/Stocks,.txt,147363,3202
isig.us.txt,market/Data/Stocks,.txt,144325,3153
snr.us.txt,market/Data/Stocks,.txt,36200,758
hdee.us.txt,market/Data/Stocks,.txt,9917,227
mg.us.txt,market/Data/Stocks,.txt,89167,2040
aed.us.txt,market/Data/Stocks,.txt,86527,1820
nwn.us.txt,market/Data/Stocks,.txt,154658,3202
gdv.us.txt,market/Data/Stocks,.txt,155032,3202
alle.us.txt,market/Data/Stocks,.txt,48268,994
gpic.us.txt,market/Data/Stocks,.txt,139513,3001
rnr.us.txt,market/Data/Stocks,.txt,155694,3202
pkoh.us.txt,market/Data/Stocks,.txt,152339,3202
bndc.us.txt,market/Data/Stocks,.txt,3476,76
mhk.us.txt,market/Data/Stocks,.txt,147145,3202
cbpo.us.txt,market/Data/Stocks,.txt,101236,2404
fpt.us.txt,market/Data/Stocks,.txt,148185,3201
arnc_.us.txt,market/Data/Stocks,.txt,6336,161
edit.us.txt,market/Data/Stocks,.txt,20112,450
cstm.us.txt,market/Data/Stocks,.txt,47946,1129
gpt.us.txt,market/Data/Stocks,.txt,54954,1131
matx.us.txt,market/Data/Stocks,.txt,155532,3202
lgcyp.us.txt,market/Data/Stocks,.txt,38227,882
zdge.us.txt,market/Data/Stocks,.txt,14655,366
thm.us.txt,market/Data/Stocks,.txt,112654,2764
hsgx.us.txt,market/Data/Stocks,.txt,29569,741
lpnt.us.txt,market/Data/Stocks,.txt,142202,3202
asys.us.txt,market/Data/Stocks,.txt,129860,3200
inse.us.txt,market/Data/Stocks,.txt,8691,216
gef-b.us.txt,market/Data/Stocks,.txt,84215,1806
ntp.us.txt,market/Data/Stocks,.txt,154103,3202
pfk.us.txt,market/Data/Stocks,.txt,82231,1774
hk-ws.us.txt,market/Data/Stocks,.txt,6660,173
prim.us.txt,market/Data/Stocks,.txt,124364,2591
myndw.us.txt,market/Data/Stocks,.txt,3109,77
com.us.txt,market/Data/Stocks,.txt,5207,114
five.us.txt,market/Data/Stocks,.txt,59853,1340
hwkn.us.txt,market/Data/Stocks,.txt,149439,3165
asv.us.txt,market/Data/Stocks,.txt,5000,129
jpgb.us.txt,market/Data/Stocks,.txt,6946,152
scmp.us.txt,market/Data/Stocks,.txt,106636,2591
bpth.us.txt,market/Data/Stocks,.txt,84380,2127
blmt.us.txt,market/Data/Stocks,.txt,64953,1534
bkhu.us.txt,market/Data/Stocks,.txt,21445,457
frd.us.txt,market/Data/Stocks,.txt,150068,3192
infi.us.txt,market/Data/Stocks,.txt,132257,3202
wsky.us.txt,market/Data/Stocks,.txt,11931,259
neo.us.txt,market/Data/Stocks,.txt,50391,1241
ilmn.us.txt,market/Data/Stocks,.txt,146540,3202
edow.us.txt,market/Data/Stocks,.txt,2287,51
c-ws-a.us.txt,market/Data/Stocks,.txt,29338,670
selb.us.txt,market/Data/Stocks,.txt,15313,352
esnt.us.txt,market/Data/Stocks,.txt,45260,1017
cytxw.us.txt,market/Data/Stocks,.txt,11050,263
tmp.us.txt,market/Data/Stocks,.txt,151915,3201
cls.us.txt,market/Data/Stocks,.txt,136066,3202
slb.us.txt,market/Data/Stocks,.txt,447996,9046
cpix.us.txt,market/Data/Stocks,.txt,82467,2074
agt.us.txt,market/Data/Stocks,.txt,6148,139
gff.us.txt,market/Data/Stocks,.txt,154233,3202
s.us.txt,market/Data/Stocks,.txt,152762,3201
csfl.us.txt,market/Data/Stocks,.txt,150596,3177
cvly.us.txt,market/Data/Stocks,.txt,126354,2721
onsiz.us.txt,market/Data/Stocks,.txt,9212,224
ndls.us.txt,market/Data/Stocks,.txt,46881,1104
mmv.us.txt,market/Data/Stocks,.txt,140727,3046
rdfn.us.txt,market/Data/Stocks,.txt,3420,76
clgx.us.txt,market/Data/Stocks,.txt,143192,3202
imnp.us.txt,market/Data/Stocks,.txt,31571,814
axsm.us.txt,market/Data/Stocks,.txt,19739,500
hcp.us.txt,market/Data/Stocks,.txt,158406,3202
aph.us.txt,market/Data/Stocks,.txt,157476,3202
mie.us.txt,market/Data/Stocks,.txt,56025,1170
syrs.us.txt,market/Data/Stocks,.txt,15233,347
ubrt.us.txt,market/Data/Stocks,.txt,817,18
igc.us.txt,market/Data/Stocks,.txt,109702,2883
wtiu.us.txt,market/Data/Stocks,.txt,9614,216
nbb.us.txt,market/Data/Stocks,.txt,91354,1902
kmpa.us.txt,market/Data/Stocks,.txt,43187,927
spex.us.txt,market/Data/Stocks,.txt,67192,1590
arkr.us.txt,market/Data/Stocks,.txt,142905,3086
ccur.us.txt,market/Data/Stocks,.txt,151281,3194
bp.us.txt,market/Data/Stocks,.txt,159527,3202
for.us.txt,market/Data/Stocks,.txt,109449,2496
disck.us.txt,market/Data/Stocks,.txt,106529,2305
osbcp.us.txt,market/Data/Stocks,.txt,73870,1595
liqt.us.txt,market/Data/Stocks,.txt,40534,991
isbc.us.txt,market/Data/Stocks,.txt,148492,3044
quot.us.txt,market/Data/Stocks,.txt,40232,931
fc.us.txt,market/Data/Stocks,.txt,130297,3202
oxy.us.txt,market/Data/Stocks,.txt,446787,9046
cat.us.txt,market/Data/Stocks,.txt,595344,12076
uslm.us.txt,market/Data/Stocks,.txt,148842,3186
crox.us.txt,market/Data/Stocks,.txt,130031,2963
wina.us.txt,market/Data/Stocks,.txt,139035,2985
voc.us.txt,market/Data/Stocks,.txt,78385,1642
ccoi.us.txt,market/Data/Stocks,.txt,154956,3202
snmx.us.txt,market/Data/Stocks,.txt,131818,3202
labl.us.txt,market/Data/Stocks,.txt,151706,3201
bdcz.us.txt,market/Data/Stocks,.txt,779,17
rev.us.txt,market/Data/Stocks,.txt,136056,3202
tnxp.us.txt,market/Data/Stocks,.txt,48842,1267
ighg.us.txt,market/Data/Stocks,.txt,47591,1008
edu.us.txt,market/Data/Stocks,.txt,138376,2817
aimt.us.txt,market/Data/Stocks,.txt,25438,574
aamc.us.txt,market/Data/Stocks,.txt,50642,1212
hnw.us.txt,market/Data/Stocks,.txt,125102,2638
ul.us.txt,market/Data/Stocks,.txt,157271,3202
scci.us.txt,market/Data/Stocks,.txt,0,0
mdb.us.txt,market/Data/Stocks,.txt,796,18
myok.us.txt,market/Data/Stocks,.txt,22029,515
fonr.us.txt,market/Data/Stocks,.txt,129448,3201
prph.us.txt,market/Data/Stocks,.txt,121375,3114
blcm.us.txt,market/Data/Stocks,.txt,32355,732
cfc_b.us.txt,market/Data/Stocks,.txt,84752,1820
vslr.us.txt,market/Data/Stocks,.txt,32372,787
fleu.us.txt,market/Data/Stocks,.txt,11977,255
nsa_a.us.txt,market/Data/Stocks,.txt,983,22
dxus.us.txt,market/Data/Stocks,.txt,6542,142
kep.us.txt,market/Data/Stocks,.txt,152772,3202
sgmo.us.txt,market/Data/Stocks,.txt,131899,3202
sdvy.us.txt,market/Data/Stocks,.txt,260,6
tci.us.txt,market/Data/Stocks,.txt,108245,2698
fll.us.txt,market/Data/Stocks,.txt,123339,3163
an.us.txt,market/Data/Stocks,.txt,282638,6461
lcahw.us.txt,market/Data/Stocks,.txt,4604,119
psa_y.us.txt,market/Data/Stocks,.txt,41282,924
bset.us.txt,market/Data/Stocks,.txt,152074,3202
spxn.us.txt,market/Data/Stocks,.txt,1766,39
lts.us.txt,market/Data/Stocks,.txt,155042,3202
pmo.us.txt,market/Data/Stocks,.txt,152105,3202
bfy.us.txt,market/Data/Stocks,.txt,147921,3198
cacc.us.txt,market/Data/Stocks,.txt,141839,3189
xmx.us.txt,market/Data/Stocks,.txt,3842,83
amsc.us.txt,market/Data/Stocks,.txt,130386,3202
dpw.us.txt,market/Data/Stocks,.txt,116240,2986
mco.us.txt,market/Data/Stocks,.txt,212070,4305
ra.us.txt,market/Data/Stocks,.txt,11369,237
fdus.us.txt,market/Data/Stocks,.txt,76660,1610
imdz.us.txt,market/Data/Stocks,.txt,34894,835
wfc_r.us.txt,market/Data/Stocks,.txt,44523,983
vr.us.txt,market/Data/Stocks,.txt,126354,2597
capl.us.txt,market/Data/Stocks,.txt,60849,1271
chct.us.txt,market/Data/Stocks,.txt,29695,627
imi.us.txt,market/Data/Stocks,.txt,60068,1502
opgnw.us.txt,market/Data/Stocks,.txt,19029,445
chgg.us.txt,market/Data/Stocks,.txt,41413,1008
mhld.us.txt,market/Data/Stocks,.txt,115700,2397
eccb.us.txt,market/Data/Stocks,.txt,12043,264
eqc_d.us.txt,market/Data/Stocks,.txt,34944,797
tve.us.txt,market/Data/Stocks,.txt,85983,1820
ssd.us.txt,market/Data/Stocks,.txt,155237,3202
axr.us.txt,market/Data/Stocks,.txt,124396,3060
pq.us.txt,market/Data/Stocks,.txt,136244,3202
trv.us.txt,market/Data/Stocks,.txt,158604,3202
rada.us.txt,market/Data/Stocks,.txt,110836,2901
csu.us.txt,market/Data/Stocks,.txt,134049,3202
rdnt.us.txt,market/Data/Stocks,.txt,126070,3173
mbrx.us.txt,market/Data/Stocks,.txt,15115,367
chad.us.txt,market/Data/Stocks,.txt,26756,609
uve.us.txt,market/Data/Stocks,.txt,147686,3053
arch.us.txt,market/Data/Stocks,.txt,13370,279
asrvp.us.txt,market/Data/Stocks,.txt,49783,1082
evt.us.txt,market/Data/Stocks,.txt,154711,3202
fnko.us.txt,market/Data/Stocks,.txt,323,8
mvc.us.txt,market/Data/Stocks,.txt,151618,3202
gm.us.txt,market/Data/Stocks,.txt,88447,1760
aon.us.txt,market/Data/Stocks,.txt,158049,3202
usmc.us.txt,market/Data/Stocks,.txt,819,18
ttec.us.txt,market/Data/Stocks,.txt,154343,3202
whlrd.us.txt,market/Data/Stocks,.txt,11855,262
gjo.us.txt,market/Data/Stocks,.txt,52256,1135
caas.us.txt,market/Data/Stocks,.txt,146855,3200
sti.us.txt,market/Data/Stocks,.txt,369491,7530
hlg.us.txt,market/Data/Stocks,.txt,15686,412
cpk.us.txt,market/Data/Stocks,.txt,152210,3202
jcs.us.txt,market/Data/Stocks,.txt,148585,3185
umh_b.us.txt,market/Data/Stocks,.txt,19375,440
itrn.us.txt,market/Data/Stocks,.txt,143768,3054
sanm.us.txt,market/Data/Stocks,.txt,262676,6122
ions.us.txt,market/Data/Stocks,.txt,139145,3201
fmciu.us.txt,market/Data/Stocks,.txt,3931,91
ctx.us.txt,market/Data/Stocks,.txt,66840,1414
yuma.us.txt,market/Data/Stocks,.txt,115332,3108
so.us.txt,market/Data/Stocks,.txt,444293,9044
mbuu.us.txt,market/Data/Stocks,.txt,41981,955
ilg.us.txt,market/Data/Stocks,.txt,112827,2331
bpk.us.txt,market/Data/Stocks,.txt,151710,3202
nghc.us.txt,market/Data/Stocks,.txt,45334,942
wfig.us.txt,market/Data/Stocks,.txt,16186,367
hifs.us.txt,market/Data/Stocks,.txt,111319,2413
iht.us.txt,market/Data/Stocks,.txt,84113,1826
btx.us.txt,market/Data/Stocks,.txt,124957,3151
alrm.us.txt,market/Data/Stocks,.txt,26797,602
fnb_e.us.txt,market/Data/Stocks,.txt,45059,1009
hrzn.us.txt,market/Data/Stocks,.txt,83660,1769
dcom.us.txt,market/Data/Stocks,.txt,154206,3202
artna.us.txt,market/Data/Stocks,.txt,150869,3198
ahc.us.txt,market/Data/Stocks,.txt,118442,2465
ds.us.txt,market/Data/Stocks,.txt,8945,220
ccd.us.txt,market/Data/Stocks,.txt,31899,665
sgf.us.txt,market/Data/Stocks,.txt,150230,3202
emci.us.txt,market/Data/Stocks,.txt,151728,3202
main.us.txt,market/Data/Stocks,.txt,121951,2540
wms.us.txt,market/Data/Stocks,.txt,40241,834
bcd.us.txt,market/Data/Stocks,.txt,3621,83
ibcp.us.txt,market/Data/Stocks,.txt,151864,3203
artx.us.txt,market/Data/Stocks,.txt,127372,3198
dxcm.us.txt,market/Data/Stocks,.txt,136573,3169
anh_a.us.txt,market/Data/Stocks,.txt,76860,1693
team.us.txt,market/Data/Stocks,.txt,21689,486
ead.us.txt,market/Data/Stocks,.txt,155482,3202
lite.us.txt,market/Data/Stocks,.txt,25340,575
mvo.us.txt,market/Data/Stocks,.txt,130113,2726
ffkt.us.txt,market/Data/Stocks,.txt,148933,3183
jill.us.txt,market/Data/Stocks,.txt,7670,174
sdt.us.txt,market/Data/Stocks,.txt,80260,1658
cde.us.txt,market/Data/Stocks,.txt,136485,3202
isca.us.txt,market/Data/Stocks,.txt,153932,3202
cr.us.txt,market/Data/Stocks,.txt,402094,8324
tef.us.txt,market/Data/Stocks,.txt,156655,3202
afsi_f.us.txt,market/Data/Stocks,.txt,12592,283
nlsn.us.txt,market/Data/Stocks,.txt,84145,1711
mays.us.txt,market/Data/Stocks,.txt,46919,1194
codi.us.txt,market/Data/Stocks,.txt,139389,2899
gst_b.us.txt,market/Data/Stocks,.txt,44132,1006
aplp.us.txt,market/Data/Stocks,.txt,133937,2789
renx.us.txt,market/Data/Stocks,.txt,153794,3202
mmdm.us.txt,market/Data/Stocks,.txt,3357,85
oxlcm.us.txt,market/Data/Stocks,.txt,4405,99
wear.us.txt,market/Data/Stocks,.txt,10267,233
oacq.us.txt,market/Data/Stocks,.txt,7657,187
mas.us.txt,market/Data/Stocks,.txt,426031,8680
sail.us.txt,market/Data/Stocks,.txt,0,0
rven.us.txt,market/Data/Stocks,.txt,7292,181
jphy.us.txt,market/Data/Stocks,.txt,12186,271
petz.us.txt,market/Data/Stocks,.txt,1654,38
rcky.us.txt,market/Data/Stocks,.txt,150777,3199
plm.us.txt,market/Data/Stocks,.txt,130107,3201
oney.us.txt,market/Data/Stocks,.txt,10397,228
lfeq.us.txt,market/Data/Stocks,.txt,1018,23
msfg.us.txt,market/Data/Stocks,.txt,152145,3202
bch.us.txt,market/Data/Stocks,.txt,150828,3197
fmn.us.txt,market/Data/Stocks,.txt,149000,3201
rfun.us.txt,market/Data/Stocks,.txt,15715,340
tfx.us.txt,market/Data/Stocks,.txt,155238,3202
celg.us.txt,market/Data/Stocks,.txt,153267,3202
met_a.us.txt,market/Data/Stocks,.txt,84095,1820
tcca.us.txt,market/Data/Stocks,.txt,58149,1249
tbk.us.txt,market/Data/Stocks,.txt,32627,760
crmd.us.txt,market/Data/Stocks,.txt,73638,1846
ztr.us.txt,market/Data/Stocks,.txt,152549,3202
kopn.us.txt,market/Data/Stocks,.txt,129322,3202
nmy.us.txt,market/Data/Stocks,.txt,150009,3201
btt.us.txt,market/Data/Stocks,.txt,63246,1311
ogen.us.txt,market/Data/Stocks,.txt,46708,1157
ste.us.txt,market/Data/Stocks,.txt,155393,3202
lpsn.us.txt,market/Data/Stocks,.txt,132761,3202
mtb_c.us.txt,market/Data/Stocks,.txt,526,12
krma.us.txt,market/Data/Stocks,.txt,15126,328
cpg.us.txt,market/Data/Stocks,.txt,135197,2833
sc.us.txt,market/Data/Stocks,.txt,47378,961
ctt.us.txt,market/Data/Stocks,.txt,46950,988
kcapl.us.txt,market/Data/Stocks,.txt,2412,55
sphs.us.txt,market/Data/Stocks,.txt,62693,1500
codi_a.us.txt,market/Data/Stocks,.txt,4088,93
gs_c.us.txt,market/Data/Stocks,.txt,83856,1819
ese.us.txt,market/Data/Stocks,.txt,154184,3202
lmhb.us.txt,market/Data/Stocks,.txt,14686,314
glop_a.us.txt,market/Data/Stocks,.txt,5516,125
iiin.us.txt,market/Data/Stocks,.txt,153156,3202
svu.us.txt,market/Data/Stocks,.txt,386703,8161
tst.us.txt,market/Data/Stocks,.txt,150482,3203
cnat.us.txt,market/Data/Stocks,.txt,44206,1086
lnce.us.txt,market/Data/Stocks,.txt,154815,3202
gogl.us.txt,market/Data/Stocks,.txt,145185,3202
srf.us.txt,market/Data/Stocks,.txt,67859,1441
fdrr.us.txt,market/Data/Stocks,.txt,13731,292
dse.us.txt,market/Data/Stocks,.txt,40979,852
tsro.us.txt,market/Data/Stocks,.txt,60943,1354
lmrkp.us.txt,market/Data/Stocks,.txt,16996,366
bdge.us.txt,market/Data/Stocks,.txt,143062,3041
bax.us.txt,market/Data/Stocks,.txt,448062,9044
bml_h.us.txt,market/Data/Stocks,.txt,83879,1819
cboe.us.txt,market/Data/Stocks,.txt,90938,1869
vicl.us.txt,market/Data/Stocks,.txt,124495,3202
meet.us.txt,market/Data/Stocks,.txt,126561,3200
hson.us.txt,market/Data/Stocks,.txt,150547,3202
mwa.us.txt,market/Data/Stocks,.txt,141271,2888
prgx.us.txt,market/Data/Stocks,.txt,126888,3202
vtnr.us.txt,market/Data/Stocks,.txt,47931,1197
abev.us.txt,market/Data/Stocks,.txt,126069,2520
buz.us.txt,market/Data/Stocks,.txt,11606,258
esgl.us.txt,market/Data/Stocks,.txt,6273,137
eth.us.txt,market/Data/Stocks,.txt,155338,3202
cats.us.txt,market/Data/Stocks,.txt,42686,1106
mcc.us.txt,market/Data/Stocks,.txt,82606,1708
rm.us.txt,market/Data/Stocks,.txt,61783,1418
pery.us.txt,market/Data/Stocks,.txt,148958,3202
sivbo.us.txt,market/Data/Stocks,.txt,67386,1459
cuz.us.txt,market/Data/Stocks,.txt,156056,3202
azn.us.txt,market/Data/Stocks,.txt,158604,3202
mgp.us.txt,market/Data/Stocks,.txt,19244,397
pbsk.us.txt,market/Data/Stocks,.txt,52856,1146
rcii.us.txt,market/Data/Stocks,.txt,156016,3202
psa_u.us.txt,market/Data/Stocks,.txt,62092,1360
bbf.us.txt,market/Data/Stocks,.txt,149598,3198
ghs.us.txt,market/Data/Stocks,.txt,12984,285
ctmx.us.txt,market/Data/Stocks,.txt,23268,530
pmc.us.txt,market/Data/Stocks,.txt,114492,2601
dskew.us.txt,market/Data/Stocks,.txt,18956,469
nihd.us.txt,market/Data/Stocks,.txt,24605,594
ect.us.txt,market/Data/Stocks,.txt,88517,1857
cffn.us.txt,market/Data/Stocks,.txt,153765,3203
bcei.us.txt,market/Data/Stocks,.txt,72998,1486
lpl.us.txt,market/Data/Stocks,.txt,153014,3202
cbf.us.txt,market/Data/Stocks,.txt,62424,1296
cemi.us.txt,market/Data/Stocks,.txt,106626,2748
jrvr.us.txt,market/Data/Stocks,.txt,35056,735
rock.us.txt,market/Data/Stocks,.txt,139736,3202
mtfbw.us.txt,market/Data/Stocks,.txt,6745,174
ab.us.txt,market/Data/Stocks,.txt,155555,3202
dct.us.txt,market/Data/Stocks,.txt,134388,2749
fdbc.us.txt,market/Data/Stocks,.txt,715,18
dial.us.txt,market/Data/Stocks,.txt,945,21
mp_d.us.txt,market/Data/Stocks,.txt,61044,1357
eqm.us.txt,market/Data/Stocks,.txt,65568,1355
hls.us.txt,market/Data/Stocks,.txt,155862,3202
cpe_a.us.txt,market/Data/Stocks,.txt,49868,1122
ctl.us.txt,market/Data/Stocks,.txt,371009,7566
seneb.us.txt,market/Data/Stocks,.txt,60699,1508
ntgr.us.txt,market/Data/Stocks,.txt,141525,3202
atec.us.txt,market/Data/Stocks,.txt,119792,2884
spn.us.txt,market/Data/Stocks,.txt,155793,3202
trch.us.txt,market/Data/Stocks,.txt,40348,985
ipos.us.txt,market/Data/Stocks,.txt,1811,40
mdco.us.txt,market/Data/Stocks,.txt,141367,3200
bgc.us.txt,market/Data/Stocks,.txt,156119,3202
wit.us.txt,market/Data/Stocks,.txt,156992,3202
grow.us.txt,market/Data/Stocks,.txt,152880,3196
pcar.us.txt,market/Data/Stocks,.txt,389869,7902
hele.us.txt,market/Data/Stocks,.txt,141320,3202
gnrx.us.txt,market/Data/Stocks,.txt,15943,351
rgr.us.txt,market/Data/Stocks,.txt,154635,3202
susa.us.txt,market/Data/Stocks,.txt,150024,3198
cvgi.us.txt,market/Data/Stocks,.txt,133317,3202
ubs.us.txt,market/Data/Stocks,.txt,36358,744
sca.us.txt,market/Data/Stocks,.txt,2403,54
hcac-u.us.txt,market/Data/Stocks,.txt,3953,91
dg.us.txt,market/Data/Stocks,.txt,99469,2014
mui.us.txt,market/Data/Stocks,.txt,151351,3202
spmv.us.txt,market/Data/Stocks,.txt,3665,85
dlr_g.us.txt,market/Data/Stocks,.txt,52637,1160
twnkw.us.txt,market/Data/Stocks,.txt,15779,393
cnacu.us.txt,market/Data/Stocks,.txt,3554,82
aubn.us.txt,market/Data/Stocks,.txt,108663,2355
rwc.us.txt,market/Data/Stocks,.txt,150956,3189
mog-b.us.txt,market/Data/Stocks,.txt,49953,1219
eudv.us.txt,market/Data/Stocks,.txt,21004,457
llit.us.txt,market/Data/Stocks,.txt,73537,1859
star_i.us.txt,market/Data/Stocks,.txt,27879,645
pe.us.txt,market/Data/Stocks,.txt,39841,877
gab_g.us.txt,market/Data/Stocks,.txt,56128,1246
prqr.us.txt,market/Data/Stocks,.txt,32132,796
ssp.us.txt,market/Data/Stocks,.txt,151659,3202
amh_f.us.txt,market/Data/Stocks,.txt,6195,140
csa.us.txt,market/Data/Stocks,.txt,21610,467
samg.us.txt,market/Data/Stocks,.txt,51971,1105
tv.us.txt,market/Data/Stocks,.txt,157693,3202
newr.us.txt,market/Data/Stocks,.txt,32554,736
pkx.us.txt,market/Data/Stocks,.txt,155169,3202
qcom.us.txt,market/Data/Stocks,.txt,328940,6528
esrx.us.txt,market/Data/Stocks,.txt,285837,6402
mcep.us.txt,market/Data/Stocks,.txt,67224,1485
mmsi.us.txt,market/Data/Stocks,.txt,145514,3202
tgna.us.txt,market/Data/Stocks,.txt,401722,8158
icch.us.txt,market/Data/Stocks,.txt,4442,103
cyrn.us.txt,market/Data/Stocks,.txt,125581,3197
deo.us.txt,market/Data/Stocks,.txt,155744,3202
whlrp.us.txt,market/Data/Stocks,.txt,38980,838
asps.us.txt,market/Data/Stocks,.txt,92912,2083
cj.us.txt,market/Data/Stocks,.txt,7860,176
sti-ws-b.us.txt,market/Data/Stocks,.txt,16909,427
pih.us.txt,market/Data/Stocks,.txt,35445,902
shldw.us.txt,market/Data/Stocks,.txt,28302,719
lpt.us.txt,market/Data/Stocks,.txt,156874,3202
ecl.us.txt,market/Data/Stocks,.txt,367573,7525
rnvaz.us.txt,market/Data/Stocks,.txt,13421,301
bac_e.us.txt,market/Data/Stocks,.txt,84125,1820
sswn.us.txt,market/Data/Stocks,.txt,42696,908
wetf.us.txt,market/Data/Stocks,.txt,77709,1587
mtg.us.txt,market/Data/Stocks,.txt,287901,6619
soja.us.txt,market/Data/Stocks,.txt,25223,528
nspr.us.txt,market/Data/Stocks,.txt,45759,1159
eyld.us.txt,market/Data/Stocks,.txt,15316,335
mktx.us.txt,market/Data/Stocks,.txt,154292,3202
aiy.us.txt,market/Data/Stocks,.txt,52073,1106
iin.us.txt,market/Data/Stocks,.txt,113949,2975
cmre_d.us.txt,market/Data/Stocks,.txt,27715,629
tyme.us.txt,market/Data/Stocks,.txt,2975,75
epc.us.txt,market/Data/Stocks,.txt,214760,4438
imrnw.us.txt,market/Data/Stocks,.txt,2122,54
pzg.us.txt,market/Data/Stocks,.txt,140345,3047
etp.us.txt,market/Data/Stocks,.txt,155739,3202
cub.us.txt,market/Data/Stocks,.txt,153559,3202
play.us.txt,market/Data/Stocks,.txt,34738,780
gars.us.txt,market/Data/Stocks,.txt,54697,1169
fomx.us.txt,market/Data/Stocks,.txt,32486,796
amwd.us.txt,market/Data/Stocks,.txt,146050,3202
tpr.us.txt,market/Data/Stocks,.txt,158700,3202
rexr.us.txt,market/Data/Stocks,.txt,52654,1090
gof.us.txt,market/Data/Stocks,.txt,123690,2595
evlmc.us.txt,market/Data/Stocks,.txt,14656,341
wow.us.txt,market/Data/Stocks,.txt,5336,120
tdw-ws-b.us.txt,market/Data/Stocks,.txt,1072,28
ndro.us.txt,market/Data/Stocks,.txt,72720,1515
fof.us.txt,market/Data/Stocks,.txt,131952,2764
gsit.us.txt,market/Data/Stocks,.txt,105436,2676
becn.us.txt,market/Data/Stocks,.txt,141891,3202
ds_d.us.txt,market/Data/Stocks,.txt,7891,179
ajg.us.txt,market/Data/Stocks,.txt,156045,3202
seb.us.txt,market/Data/Stocks,.txt,269447,5605
hckt.us.txt,market/Data/Stocks,.txt,153671,3202
oxm.us.txt,market/Data/Stocks,.txt,154440,3202
vly-ws.us.txt,market/Data/Stocks,.txt,39937,1028
bro.us.txt,market/Data/Stocks,.txt,156211,3202
tpyp.us.txt,market/Data/Stocks,.txt,25791,553
srcl.us.txt,market/Data/Stocks,.txt,145563,3202
ked.us.txt,market/Data/Stocks,.txt,133874,2807
agle.us.txt,market/Data/Stocks,.txt,16455,406
oacqu.us.txt,market/Data/Stocks,.txt,410,10
betr.us.txt,market/Data/Stocks,.txt,24840,575
cidm.us.txt,market/Data/Stocks,.txt,122531,3200
prto.us.txt,market/Data/Stocks,.txt,31162,771
ambcw.us.txt,market/Data/Stocks,.txt,43771,1076
svm.us.txt,market/Data/Stocks,.txt,5322,127
rfdi.us.txt,market/Data/Stocks,.txt,18593,397
nmrx.us.txt,market/Data/Stocks,.txt,125504,3151
ahl_d.us.txt,market/Data/Stocks,.txt,12760,288
ry.us.txt,market/Data/Stocks,.txt,156545,3202
azz.us.txt,market/Data/Stocks,.txt,153895,3197
azrx.us.txt,market/Data/Stocks,.txt,10861,273
ttm.us.txt,market/Data/Stocks,.txt,155746,3202
visi.us.txt,market/Data/Stocks,.txt,31959,811
izea.us.txt,market/Data/Stocks,.txt,16734,418
wfc_j.us.txt,market/Data/Stocks,.txt,85171,1820
lare.us.txt,market/Data/Stocks,.txt,15064,330
ares.us.txt,market/Data/Stocks,.txt,42169,891
mstr.us.txt,market/Data/Stocks,.txt,147139,3202
eccz.us.txt,market/Data/Stocks,.txt,19463,422
ee.us.txt,market/Data/Stocks,.txt,155164,3202
tgb.us.txt,market/Data/Stocks,.txt,131580,3202
cof_f.us.txt,market/Data/Stocks,.txt,24775,559
crhm.us.txt,market/Data/Stocks,.txt,21639,550
diax.us.txt,market/Data/Stocks,.txt,34769,728
cfa.us.txt,market/Data/Stocks,.txt,34574,739
fsct.us.txt,market/Data/Stocks,.txt,513,12
flt.us.txt,market/Data/Stocks,.txt,81198,1738
mpx.us.txt,market/Data/Stocks,.txt,151931,3202
cfbi.us.txt,market/Data/Stocks,.txt,5856,134
psa_a.us.txt,market/Data/Stocks,.txt,32473,741
spxv.us.txt,market/Data/Stocks,.txt,167,4
rfp.us.txt,market/Data/Stocks,.txt,74321,1735
pid.us.txt,market/Data/Stocks,.txt,148102,3062
bac_i.us.txt,market/Data/Stocks,.txt,84073,1820
glt.us.txt,market/Data/Stocks,.txt,154858,3202
lpx.us.txt,market/Data/Stocks,.txt,388443,9043
rbc.us.txt,market/Data/Stocks,.txt,155357,3202
clnt.us.txt,market/Data/Stocks,.txt,65434,1611
crc.us.txt,market/Data/Stocks,.txt,33223,743
sva.us.txt,market/Data/Stocks,.txt,127990,3202
ampe.us.txt,market/Data/Stocks,.txt,67274,1633
myos.us.txt,market/Data/Stocks,.txt,62318,1629
hbm-ws.us.txt,market/Data/Stocks,.txt,26475,628
aegn.us.txt,market/Data/Stocks,.txt,67642,1522
nav_d.us.txt,market/Data/Stocks,.txt,11015,281
cfrx.us.txt,market/Data/Stocks,.txt,31593,796
brc.us.txt,market/Data/Stocks,.txt,155311,3202
ino.us.txt,market/Data/Stocks,.txt,127559,3202
rrr.us.txt,market/Data/Stocks,.txt,18825,392
esq.us.txt,market/Data/Stocks,.txt,4119,97
dvcr.us.txt,market/Data/Stocks,.txt,144310,3091
ggo_a.us.txt,market/Data/Stocks,.txt,1118,29
clyh.us.txt,market/Data/Stocks,.txt,13956,304
msf.us.txt,market/Data/Stocks,.txt,151185,3202
bh.us.txt,market/Data/Stocks,.txt,139066,3202
ftek.us.txt,market/Data/Stocks,.txt,131292,3202
zvv.us.txt,market/Data/Stocks,.txt,269,6
smfg.us.txt,market/Data/Stocks,.txt,154798,3203
cal.us.txt,market/Data/Stocks,.txt,155224,3202
itci.us.txt,market/Data/Stocks,.txt,43023,977
abus.us.txt,market/Data/Stocks,.txt,97335,2450
nuva.us.txt,market/Data/Stocks,.txt,142115,3202
pni.us.txt,market/Data/Stocks,.txt,149633,3202
fixd.us.txt,market/Data/Stocks,.txt,7543,162
jtpy.us.txt,market/Data/Stocks,.txt,45463,1186
bcbp.us.txt,market/Data/Stocks,.txt,128923,2774
imuc-ws.us.txt,market/Data/Stocks,.txt,5263,135
qxrr.us.txt,market/Data/Stocks,.txt,8913,198
ren.us.txt,market/Data/Stocks,.txt,105261,2530
scm.us.txt,market/Data/Stocks,.txt,59205,1263
cgo.us.txt,market/Data/Stocks,.txt,142782,3033
gnl_a.us.txt,market/Data/Stocks,.txt,1933,44
atrs.us.txt,market/Data/Stocks,.txt,129868,3202
hope.us.txt,market/Data/Stocks,.txt,72402,1496
fii.us.txt,market/Data/Stocks,.txt,239944,4908
dk.us.txt,market/Data/Stocks,.txt,140982,2904
epzm.us.txt,market/Data/Stocks,.txt,48909,1124
mue.us.txt,market/Data/Stocks,.txt,151861,3202
wspt.us.txt,market/Data/Stocks,.txt,0,0
gmz.us.txt,market/Data/Stocks,.txt,47720,999
wix.us.txt,market/Data/Stocks,.txt,44304,1013
rcm.us.txt,market/Data/Stocks,.txt,6863,169
ubnt.us.txt,market/Data/Stocks,.txt,71201,1527
wstg.us.txt,market/Data/Stocks,.txt,148960,3196
spyx.us.txt,market/Data/Stocks,.txt,22414,483
wmk.us.txt,market/Data/Stocks,.txt,152473,3202
arwr.us.txt,market/Data/Stocks,.txt,61069,1485
ggal.us.txt,market/Data/Stocks,.txt,153946,3202
gnrt.us.txt,market/Data/Stocks,.txt,24886,603
bioc.us.txt,market/Data/Stocks,.txt,39167,951
wd.us.txt,market/Data/Stocks,.txt,76198,1738
cps.us.txt,market/Data/Stocks,.txt,45375,1023
burl.us.txt,market/Data/Stocks,.txt,46520,1038
naii.us.txt,market/Data/Stocks,.txt,118557,3025
spb.us.txt,market/Data/Stocks,.txt,99692,2064
tyht.us.txt,market/Data/Stocks,.txt,11405,285
trtx.us.txt,market/Data/Stocks,.txt,3842,82
lby.us.txt,market/Data/Stocks,.txt,153316,3202
nmm.us.txt,market/Data/Stocks,.txt,117522,2519
fcau.us.txt,market/Data/Stocks,.txt,62844,1313
amfw.us.txt,market/Data/Stocks,.txt,32931,722
pega.us.txt,market/Data/Stocks,.txt,154768,3202
ter.us.txt,market/Data/Stocks,.txt,380453,7732
fcef.us.txt,market/Data/Stocks,.txt,12817,276
cf.us.txt,market/Data/Stocks,.txt,153382,3087
fnd.us.txt,market/Data/Stocks,.txt,6257,140
wtrx.us.txt,market/Data/Stocks,.txt,11562,257
uaa.us.txt,market/Data/Stocks,.txt,143612,3017
chrs.us.txt,market/Data/Stocks,.txt,33392,761
esrt.us.txt,market/Data/Stocks,.txt,50550,1038
tlra.us.txt,market/Data/Stocks,.txt,44344,1105
pi.us.txt,market/Data/Stocks,.txt,14917,333
plce.us.txt,market/Data/Stocks,.txt,155796,3202
mag.us.txt,market/Data/Stocks,.txt,127865,3139
ons.us.txt,market/Data/Stocks,.txt,14246,352
star_e.us.txt,market/Data/Stocks,.txt,28540,653
sfly.us.txt,market/Data/Stocks,.txt,123765,2801
met.us.txt,market/Data/Stocks,.txt,220440,4431
trn.us.txt,market/Data/Stocks,.txt,158113,3202
ibtx.us.txt,market/Data/Stocks,.txt,55380,1165
mtsc.us.txt,market/Data/Stocks,.txt,153091,3202
bsm.us.txt,market/Data/Stocks,.txt,30630,641
rex.us.txt,market/Data/Stocks,.txt,138493,3202
bml_j.us.txt,market/Data/Stocks,.txt,84301,1820
gwgh.us.txt,market/Data/Stocks,.txt,31318,684
sbph.us.txt,market/Data/Stocks,.txt,16172,384
cei.us.txt,market/Data/Stocks,.txt,110269,2856
msp.us.txt,market/Data/Stocks,.txt,148519,3161
tdj.us.txt,market/Data/Stocks,.txt,79030,1669
impv.us.txt,market/Data/Stocks,.txt,66292,1510
bpmc.us.txt,market/Data/Stocks,.txt,28430,642
lulu.us.txt,market/Data/Stocks,.txt,118332,2595
ravn.us.txt,market/Data/Stocks,.txt,154249,3202
shld.us.txt,market/Data/Stocks,.txt,153043,3202
scph.us.txt,market/Data/Stocks,.txt,0,0
nghco.us.txt,market/Data/Stocks,.txt,31371,664
imte.us.txt,market/Data/Stocks,.txt,961,27
nkx.us.txt,market/Data/Stocks,.txt,148632,3189
ldl.us.txt,market/Data/Stocks,.txt,133378,3202
esg.us.txt,market/Data/Stocks,.txt,8188,179
nok.us.txt,market/Data/Stocks,.txt,160264,3202
rnwk.us.txt,market/Data/Stocks,.txt,61343,1541
gs_a.us.txt,market/Data/Stocks,.txt,84509,1820
sgma.us.txt,market/Data/Stocks,.txt,122838,3125
rrd.us.txt,market/Data/Stocks,.txt,397269,8154
bxmt.us.txt,market/Data/Stocks,.txt,153014,3202
splb.us.txt,market/Data/Stocks,.txt,103419,2177
dwt.us.txt,market/Data/Stocks,.txt,10744,233
ayr.us.txt,market/Data/Stocks,.txt,137508,2838
psa_w.us.txt,market/Data/Stocks,.txt,55447,1216
pir.us.txt,market/Data/Stocks,.txt,158131,3202
dave.us.txt,market/Data/Stocks,.txt,131751,3202
bbd.us.txt,market/Data/Stocks,.txt,160025,3202
gyro.us.txt,market/Data/Stocks,.txt,111138,2508
nyld.us.txt,market/Data/Stocks,.txt,30458,631
arry.us.txt,market/Data/Stocks,.txt,131924,3202
espr.us.txt,market/Data/Stocks,.txt,49118,1106
lho_i.us.txt,market/Data/Stocks,.txt,51673,1152
amp.us.txt,market/Data/Stocks,.txt,151068,3062
cbd.us.txt,market/Data/Stocks,.txt,154274,3202
es.us.txt,market/Data/Stocks,.txt,157863,3202
puk_a.us.txt,market/Data/Stocks,.txt,83718,1820
aic.us.txt,market/Data/Stocks,.txt,27857,602
pixy.us.txt,market/Data/Stocks,.txt,3870,95
hacw.us.txt,market/Data/Stocks,.txt,9464,209
cof_p.us.txt,market/Data/Stocks,.txt,60684,1315
avxl.us.txt,market/Data/Stocks,.txt,21117,516
tgt.us.txt,market/Data/Stocks,.txt,433035,8727
tnp_b.us.txt,market/Data/Stocks,.txt,48604,1079
lca.us.txt,market/Data/Stocks,.txt,5580,137
wsbc.us.txt,market/Data/Stocks,.txt,153040,3202
fhn_a.us.txt,market/Data/Stocks,.txt,54160,1203
esgn.us.txt,market/Data/Stocks,.txt,8643,189
nhf.us.txt,market/Data/Stocks,.txt,137271,2868
etj.us.txt,market/Data/Stocks,.txt,125806,2595
glow.us.txt,market/Data/Stocks,.txt,59240,1472
kdmn.us.txt,market/Data/Stocks,.txt,13259,329
mca.us.txt,market/Data/Stocks,.txt,150450,3202
acet.us.txt,market/Data/Stocks,.txt,153820,3202
sui.us.txt,market/Data/Stocks,.txt,154746,3202
zb_a.us.txt,market/Data/Stocks,.txt,80621,1763
yelp.us.txt,market/Data/Stocks,.txt,64670,1436
tph.us.txt,market/Data/Stocks,.txt,54357,1207
dtj.us.txt,market/Data/Stocks,.txt,17237,366
cigi.us.txt,market/Data/Stocks,.txt,28872,618
hmg.us.txt,market/Data/Stocks,.txt,63447,1387
laq.us.txt,market/Data/Stocks,.txt,149723,3192
eri.us.txt,market/Data/Stocks,.txt,33311,792
afsi_d.us.txt,market/Data/Stocks,.txt,29661,669
njv.us.txt,market/Data/Stocks,.txt,98780,2132
cisn-ws.us.txt,market/Data/Stocks,.txt,401,10
evok.us.txt,market/Data/Stocks,.txt,41925,1042
oxlco.us.txt,market/Data/Stocks,.txt,49629,1063
lvus.us.txt,market/Data/Stocks,.txt,5279,128
sho_f.us.txt,market/Data/Stocks,.txt,10164,235
dri.us.txt,market/Data/Stocks,.txt,278471,5662
adbe.us.txt,market/Data/Stocks,.txt,347190,7877
cwh.us.txt,market/Data/Stocks,.txt,13342,278
trx.us.txt,market/Data/Stocks,.txt,67096,1616
petx.us.txt,market/Data/Stocks,.txt,46761,1105
nanr.us.txt,market/Data/Stocks,.txt,22549,479
wnc.us.txt,market/Data/Stocks,.txt,155707,3202
gemp.us.txt,market/Data/Stocks,.txt,13524,322
ubio.us.txt,market/Data/Stocks,.txt,26641,605
anh_c.us.txt,market/Data/Stocks,.txt,27275,632
qtnt.us.txt,market/Data/Stocks,.txt,35289,871
prft.us.txt,market/Data/Stocks,.txt,137584,3202
aks.us.txt,market/Data/Stocks,.txt,148273,3202
mlss.us.txt,market/Data/Stocks,.txt,23802,613
ambr.us.txt,market/Data/Stocks,.txt,37782,921
cp.us.txt,market/Data/Stocks,.txt,156097,3202
trtn.us.txt,market/Data/Stocks,.txt,16157,337
teum.us.txt,market/Data/Stocks,.txt,59350,1495
rpt.us.txt,market/Data/Stocks,.txt,154730,3202
swks.us.txt,market/Data/Stocks,.txt,158449,3202
all_e.us.txt,market/Data/Stocks,.txt,41874,931
mindp.us.txt,market/Data/Stocks,.txt,13864,308
uuu.us.txt,market/Data/Stocks,.txt,114663,2951
cybe.us.txt,market/Data/Stocks,.txt,128870,3187
wr.us.txt,market/Data/Stocks,.txt,156696,3202
hli.us.txt,market/Data/Stocks,.txt,27190,569
cpe.us.txt,market/Data/Stocks,.txt,135350,3202
vza.us.txt,market/Data/Stocks,.txt,44337,938
sa.us.txt,market/Data/Stocks,.txt,136643,3202
rffc.us.txt,market/Data/Stocks,.txt,15128,327
ipl_d.us.txt,market/Data/Stocks,.txt,53102,1168
dwat.us.txt,market/Data/Stocks,.txt,29807,658
amrc.us.txt,market/Data/Stocks,.txt,74910,1843
ctv.us.txt,market/Data/Stocks,.txt,37208,786
ctlt.us.txt,market/Data/Stocks,.txt,37100,830
win.us.txt,market/Data/Stocks,.txt,156743,3202
dsxn.us.txt,market/Data/Stocks,.txt,28106,602
bgy.us.txt,market/Data/Stocks,.txt,127972,2638
mcft.us.txt,market/Data/Stocks,.txt,26615,588
trcr.us.txt,market/Data/Stocks,.txt,748,17
slda.us.txt,market/Data/Stocks,.txt,2823,65
agys.us.txt,market/Data/Stocks,.txt,134767,3202
mams.us.txt,market/Data/Stocks,.txt,40363,1020
jta.us.txt,market/Data/Stocks,.txt,151891,3202
tcgp.us.txt,market/Data/Stocks,.txt,1864,42
ccj.us.txt,market/Data/Stocks,.txt,158143,3202
acsf.us.txt,market/Data/Stocks,.txt,44885,965
mus.us.txt,market/Data/Stocks,.txt,151362,3202
xusa.us.txt,market/Data/Stocks,.txt,8850,201
tbi.us.txt,market/Data/Stocks,.txt,140604,3202
sgh.us.txt,market/Data/Stocks,.txt,5413,121
aqxp.us.txt,market/Data/Stocks,.txt,39199,931
hovnp.us.txt,market/Data/Stocks,.txt,70348,1765
cyrx.us.txt,market/Data/Stocks,.txt,120739,2640
crnt.us.txt,market/Data/Stocks,.txt,130583,3202
vno.us.txt,market/Data/Stocks,.txt,158076,3202
qgen.us.txt,market/Data/Stocks,.txt,155137,3202
cdk.us.txt,market/Data/Stocks,.txt,38644,794
actg.us.txt,market/Data/Stocks,.txt,150379,3202
ggp_a.us.txt,market/Data/Stocks,.txt,53657,1188
chuba.us.txt,market/Data/Stocks,.txt,14458,330
cxrx.us.txt,market/Data/Stocks,.txt,26673,600
puk_.us.txt,market/Data/Stocks,.txt,149480,3202
qval.us.txt,market/Data/Stocks,.txt,36035,770
mcef.us.txt,market/Data/Stocks,.txt,8675,187
vr_b.us.txt,market/Data/Stocks,.txt,4488,101
iamxw.us.txt,market/Data/Stocks,.txt,680,17
ccne.us.txt,market/Data/Stocks,.txt,143155,3053
egov.us.txt,market/Data/Stocks,.txt,154697,3202
axp.us.txt,market/Data/Stocks,.txt,572590,11557
dre.us.txt,market/Data/Stocks,.txt,157821,3202
trt.us.txt,market/Data/Stocks,.txt,112966,2898
men.us.txt,market/Data/Stocks,.txt,151847,3202
nni.us.txt,market/Data/Stocks,.txt,153845,3202
cavm.us.txt,market/Data/Stocks,.txt,118305,2655
evv.us.txt,market/Data/Stocks,.txt,154312,3202
gyb.us.txt,market/Data/Stocks,.txt,84222,1793
len.us.txt,market/Data/Stocks,.txt,158554,3202
bsti.us.txt,market/Data/Stocks,.txt,1756,39
cznc.us.txt,market/Data/Stocks,.txt,149847,3173
finl.us.txt,market/Data/Stocks,.txt,156040,3202
hsic.us.txt,market/Data/Stocks,.txt,253643,5544
qlc.us.txt,market/Data/Stocks,.txt,15927,346
stwd.us.txt,market/Data/Stocks,.txt,102122,2080
dq.us.txt,market/Data/Stocks,.txt,74783,1786
fis.us.txt,market/Data/Stocks,.txt,157753,3202
ccf.us.txt,market/Data/Stocks,.txt,146043,3106
pref.us.txt,market/Data/Stocks,.txt,3466,79
elgx.us.txt,market/Data/Stocks,.txt,133525,3202
tcco.us.txt,market/Data/Stocks,.txt,115212,2638
atri.us.txt,market/Data/Stocks,.txt,143672,3095
ibds.us.txt,market/Data/Stocks,.txt,1731,39
cotv.us.txt,market/Data/Stocks,.txt,16501,371
cabo.us.txt,market/Data/Stocks,.txt,28476,599
grx_b.us.txt,market/Data/Stocks,.txt,28759,663
jmei.us.txt,market/Data/Stocks,.txt,37355,882
mtch.us.txt,market/Data/Stocks,.txt,22502,500
vmot.us.txt,market/Data/Stocks,.txt,6218,135
gis.us.txt,market/Data/Stocks,.txt,427944,8681
ccih.us.txt,market/Data/Stocks,.txt,73652,1789
stk.us.txt,market/Data/Stocks,.txt,94975,2006
lbtyb.us.txt,market/Data/Stocks,.txt,2461,61
epix.us.txt,market/Data/Stocks,.txt,18046,454
yumc.us.txt,market/Data/Stocks,.txt,11794,260
ctz.us.txt,market/Data/Stocks,.txt,25689,542
fmciw.us.txt,market/Data/Stocks,.txt,3559,89
sm.us.txt,market/Data/Stocks,.txt,156954,3202
bpi.us.txt,market/Data/Stocks,.txt,93115,2163
eqix.us.txt,market/Data/Stocks,.txt,156224,3202
nid.us.txt,market/Data/Stocks,.txt,59549,1244
rtk.us.txt,market/Data/Stocks,.txt,142435,3182
btz.us.txt,market/Data/Stocks,.txt,132022,2742
dvax.us.txt,market/Data/Stocks,.txt,127476,3200
agnc.us.txt,market/Data/Stocks,.txt,118413,2393
hibb.us.txt,market/Data/Stocks,.txt,141863,3202
oxbrw.us.txt,market/Data/Stocks,.txt,22906,586
prty.us.txt,market/Data/Stocks,.txt,28492,652
cry.us.txt,market/Data/Stocks,.txt,151065,3202
rost.us.txt,market/Data/Stocks,.txt,401250,7902
un.us.txt,market/Data/Stocks,.txt,158281,3202
atge.us.txt,market/Data/Stocks,.txt,154911,3202
twi.us.txt,market/Data/Stocks,.txt,155183,3202
dwch.us.txt,market/Data/Stocks,.txt,124558,3128
laur.us.txt,market/Data/Stocks,.txt,8888,199
rnst.us.txt,market/Data/Stocks,.txt,153134,3202
nuag.us.txt,market/Data/Stocks,.txt,13106,280
nog.us.txt,market/Data/Stocks,.txt,110948,2632
cvrs.us.txt,market/Data/Stocks,.txt,30671,760
bxmx.us.txt,market/Data/Stocks,.txt,154399,3202
orig.us.txt,market/Data/Stocks,.txt,82932,1536
br.us.txt,market/Data/Stocks,.txt,130904,2682
hyi.us.txt,market/Data/Stocks,.txt,136520,2857
cee.us.txt,market/Data/Stocks,.txt,151672,3200
hmlp_a.us.txt,market/Data/Stocks,.txt,1144,26
oxfd.us.txt,market/Data/Stocks,.txt,43071,1001
tdf.us.txt,market/Data/Stocks,.txt,153628,3202
jsynr.us.txt,market/Data/Stocks,.txt,7609,186
pbct.us.txt,market/Data/Stocks,.txt,157241,3202
ubp_g.us.txt,market/Data/Stocks,.txt,20134,471
gop.us.txt,market/Data/Stocks,.txt,812,19
catyw.us.txt,market/Data/Stocks,.txt,1286,30
jhml.us.txt,market/Data/Stocks,.txt,24921,532
cveo.us.txt,market/Data/Stocks,.txt,36778,870
lcii.us.txt,market/Data/Stocks,.txt,154151,3202
xlre.us.txt,market/Data/Stocks,.txt,25239,526
hix.us.txt,market/Data/Stocks,.txt,155417,3202
rcmt.us.txt,market/Data/Stocks,.txt,147641,3189
bkep.us.txt,market/Data/Stocks,.txt,77660,1633
wfc_p.us.txt,market/Data/Stocks,.txt,53516,1171
fstr.us.txt,market/Data/Stocks,.txt,151094,3201
dtf.us.txt,market/Data/Stocks,.txt,149619,3195
bdsi.us.txt,market/Data/Stocks,.txt,127883,3198
nly.us.txt,market/Data/Stocks,.txt,160106,3202
lcm.us.txt,market/Data/Stocks,.txt,151453,3202
cbh.us.txt,market/Data/Stocks,.txt,4282,97
bedu.us.txt,market/Data/Stocks,.txt,5442,125
ican.us.txt,market/Data/Stocks,.txt,6792,148
atsg.us.txt,market/Data/Stocks,.txt,131271,3202
al.us.txt,market/Data/Stocks,.txt,80129,1647
mpb.us.txt,market/Data/Stocks,.txt,101162,2204
kpti.us.txt,market/Data/Stocks,.txt,43667,1013
andar.us.txt,market/Data/Stocks,.txt,7819,188
lcahu.us.txt,market/Data/Stocks,.txt,10371,240
egi.us.txt,market/Data/Stocks,.txt,128316,3166
pmm.us.txt,market/Data/Stocks,.txt,154719,3202
qsii.us.txt,market/Data/Stocks,.txt,154015,3202
cncr.us.txt,market/Data/Stocks,.txt,23814,525
wf.us.txt,market/Data/Stocks,.txt,148618,3186
scac.us.txt,market/Data/Stocks,.txt,3709,92
llnw.us.txt,market/Data/Stocks,.txt,106770,2629
bioa.us.txt,market/Data/Stocks,.txt,45791,1137
sanw.us.txt,market/Data/Stocks,.txt,73172,1863
aaoi.us.txt,market/Data/Stocks,.txt,46086,1042
jci.us.txt,market/Data/Stocks,.txt,373164,7528
cifs.us.txt,market/Data/Stocks,.txt,3043,69
rsls.us.txt,market/Data/Stocks,.txt,106887,2506
ghdx.us.txt,market/Data/Stocks,.txt,134082,3053
ggzrw.us.txt,market/Data/Stocks,.txt,246,6
su.us.txt,market/Data/Stocks,.txt,158883,3202
smsi.us.txt,market/Data/Stocks,.txt,131939,3202
ctb.us.txt,market/Data/Stocks,.txt,367482,7566
gass.us.txt,market/Data/Stocks,.txt,124077,3048
edgw.us.txt,market/Data/Stocks,.txt,122983,3161
sbac.us.txt,market/Data/Stocks,.txt,146748,3202
chfs.us.txt,market/Data/Stocks,.txt,53640,1411
eqc.us.txt,market/Data/Stocks,.txt,152112,3202
fmx.us.txt,market/Data/Stocks,.txt,156220,3202
mqt.us.txt,market/Data/Stocks,.txt,151989,3202
dbl.us.txt,market/Data/Stocks,.txt,69915,1458
vmi.us.txt,market/Data/Stocks,.txt,154599,3202
oneo.us.txt,market/Data/Stocks,.txt,17942,388
mdca.us.txt,market/Data/Stocks,.txt,151696,3202
ctxrw.us.txt,market/Data/Stocks,.txt,2525,65
cafd.us.txt,market/Data/Stocks,.txt,29349,607
lorl.us.txt,market/Data/Stocks,.txt,141292,3075
phh.us.txt,market/Data/Stocks,.txt,152003,3202
dhdg.us.txt,market/Data/Stocks,.txt,9405,213
star_g.us.txt,market/Data/Stocks,.txt,26757,617
pk.us.txt,market/Data/Stocks,.txt,11312,232
jdd.us.txt,market/Data/Stocks,.txt,151947,3202
dvn.us.txt,market/Data/Stocks,.txt,316296,6459
tx.us.txt,market/Data/Stocks,.txt,143817,2968
swm.us.txt,market/Data/Stocks,.txt,154359,3202
musa.us.txt,market/Data/Stocks,.txt,46999,1057
otic.us.txt,market/Data/Stocks,.txt,35760,821
dlr_i.us.txt,market/Data/Stocks,.txt,24563,557
cdxs.us.txt,market/Data/Stocks,.txt,76393,1906
seco.us.txt,market/Data/Stocks,.txt,1520,37
mcrb.us.txt,market/Data/Stocks,.txt,26322,602
evn.us.txt,market/Data/Stocks,.txt,151194,3202
renn.us.txt,market/Data/Stocks,.txt,68517,1643
tac.us.txt,market/Data/Stocks,.txt,152277,3202
blue.us.txt,market/Data/Stocks,.txt,49739,1111
civb.us.txt,market/Data/Stocks,.txt,137844,2979
roam.us.txt,market/Data/Stocks,.txt,26223,569
dea.us.txt,market/Data/Stocks,.txt,33566,699
tep.us.txt,market/Data/Stocks,.txt,54868,1136
akg.us.txt,market/Data/Stocks,.txt,116987,2933
dar.us.txt,market/Data/Stocks,.txt,138171,3202
gsht.us.txt,market/Data/Stocks,.txt,4094,103
fnf.us.txt,market/Data/Stocks,.txt,149898,3041
oaph.us.txt,market/Data/Stocks,.txt,19201,419
eea.us.txt,market/Data/Stocks,.txt,150051,3200
data.us.txt,market/Data/Stocks,.txt,49509,1101
inn_b-cl.us.txt,market/Data/Stocks,.txt,263,6
tcs.us.txt,market/Data/Stocks,.txt,43166,1016
sfr.us.txt,market/Data/Stocks,.txt,46203,950
gdot.us.txt,market/Data/Stocks,.txt,81743,1843
stra.us.txt,market/Data/Stocks,.txt,154253,3202
amd.us.txt,market/Data/Stocks,.txt,376163,8738
wyig.us.txt,market/Data/Stocks,.txt,868,22
usoi.us.txt,market/Data/Stocks,.txt,4531,99
mplx.us.txt,market/Data/Stocks,.txt,61748,1270
cof_d.us.txt,market/Data/Stocks,.txt,33793,760
aiw.us.txt,market/Data/Stocks,.txt,42976,934
hzo.us.txt,market/Data/Stocks,.txt,136562,3202
at.us.txt,market/Data/Stocks,.txt,143396,3059
chtr.us.txt,market/Data/Stocks,.txt,96266,1977
iret.us.txt,market/Data/Stocks,.txt,155087,3202
gpac.us.txt,market/Data/Stocks,.txt,6098,151
banx.us.txt,market/Data/Stocks,.txt,47610,1012
cfbk.us.txt,market/Data/Stocks,.txt,107904,2789
psa_c.us.txt,market/Data/Stocks,.txt,16681,376
spxt.us.txt,market/Data/Stocks,.txt,3841,84
mer_k.us.txt,market/Data/Stocks,.txt,84277,1820
glv.us.txt,market/Data/Stocks,.txt,151626,3202
flqm.us.txt,market/Data/Stocks,.txt,4706,108
teck.us.txt,market/Data/Stocks,.txt,156937,3192
rba.us.txt,market/Data/Stocks,.txt,155412,3202
ofg_d.us.txt,market/Data/Stocks,.txt,43971,989
mgf.us.txt,market/Data/Stocks,.txt,153738,3202
bsrr.us.txt,market/Data/Stocks,.txt,151086,3200
audc.us.txt,market/Data/Stocks,.txt,129420,3202
epm.us.txt,market/Data/Stocks,.txt,151390,3192
zionw.us.txt,market/Data/Stocks,.txt,63580,1632
ndra.us.txt,market/Data/Stocks,.txt,2836,73
msd.us.txt,market/Data/Stocks,.txt,153038,3202
ntrp.us.txt,market/Data/Stocks,.txt,36950,925
vigi.us.txt,market/Data/Stocks,.txt,20383,430
wldn.us.txt,market/Data/Stocks,.txt,104291,2607
pnk.us.txt,market/Data/Stocks,.txt,152555,3202
nxc.us.txt,market/Data/Stocks,.txt,147907,3200
cdna.us.txt,market/Data/Stocks,.txt,32975,838
tree.us.txt,market/Data/Stocks,.txt,98350,2331
gam_b.us.txt,market/Data/Stocks,.txt,81671,1796
jhmt.us.txt,market/Data/Stocks,.txt,22717,493
rprx.us.txt,market/Data/Stocks,.txt,132963,3203
dbit.us.txt,market/Data/Stocks,.txt,8270,191
prta.us.txt,market/Data/Stocks,.txt,54066,1231
biib.us.txt,market/Data/Stocks,.txt,325391,6587
dss.us.txt,market/Data/Stocks,.txt,64643,1598
cvr.us.txt,market/Data/Stocks,.txt,117251,2546
stfc.us.txt,market/Data/Stocks,.txt,152579,3202
sqlv.us.txt,market/Data/Stocks,.txt,2787,64
avhi.us.txt,market/Data/Stocks,.txt,137701,3202
usb.us.txt,market/Data/Stocks,.txt,375118,7562
tusk.us.txt,market/Data/Stocks,.txt,12071,273
ess.us.txt,market/Data/Stocks,.txt,155389,3202
cash.us.txt,market/Data/Stocks,.txt,137971,2950
seas.us.txt,market/Data/Stocks,.txt,55603,1153
lark.us.txt,market/Data/Stocks,.txt,101499,2204
pze.us.txt,market/Data/Stocks,.txt,94482,2045
ht_d.us.txt,market/Data/Stocks,.txt,16308,365
etr.us.txt,market/Data/Stocks,.txt,443106,9044
hil.us.txt,market/Data/Stocks,.txt,125904,3165
mcy.us.txt,market/Data/Stocks,.txt,154971,3202
ttc.us.txt,market/Data/Stocks,.txt,155843,3202
he_u.us.txt,market/Data/Stocks,.txt,39988,895
ewmc.us.txt,market/Data/Stocks,.txt,21110,453
jbk.us.txt,market/Data/Stocks,.txt,59053,1278
enzy.us.txt,market/Data/Stocks,.txt,41517,1039
tpic.us.txt,market/Data/Stocks,.txt,14724,332
frgi.us.txt,market/Data/Stocks,.txt,61280,1394
gnst.us.txt,market/Data/Stocks,.txt,0,0
civbp.us.txt,market/Data/Stocks,.txt,15430,339
wlk.us.txt,market/Data/Stocks,.txt,155929,3202
spxx.us.txt,market/Data/Stocks,.txt,143435,3014
pfnx.us.txt,market/Data/Stocks,.txt,34154,835
bfo.us.txt,market/Data/Stocks,.txt,148091,3170
tgls.us.txt,market/Data/Stocks,.txt,48098,1038
sglbw.us.txt,market/Data/Stocks,.txt,5053,132
pten.us.txt,market/Data/Stocks,.txt,294842,5994
strm.us.txt,market/Data/Stocks,.txt,124758,3189
cbl_d.us.txt,market/Data/Stocks,.txt,83415,1819
amh.us.txt,market/Data/Stocks,.txt,53056,1081
hl_b.us.txt,market/Data/Stocks,.txt,35221,802
cumb.us.txt,market/Data/Stocks,.txt,9592,207
cof_h.us.txt,market/Data/Stocks,.txt,10623,239
mpv.us.txt,market/Data/Stocks,.txt,149265,3200
pgnx.us.txt,market/Data/Stocks,.txt,133385,3201
cfo.us.txt,market/Data/Stocks,.txt,40023,845
pbdm.us.txt,market/Data/Stocks,.txt,1188,30
dcix.us.txt,market/Data/Stocks,.txt,91345,1715
nksh.us.txt,market/Data/Stocks,.txt,143351,3075
efnl.us.txt,market/Data/Stocks,.txt,61850,1327
sbgl.us.txt,market/Data/Stocks,.txt,58460,1191
hydd.us.txt,market/Data/Stocks,.txt,11488,260
oacqw.us.txt,market/Data/Stocks,.txt,16828,395
crm.us.txt,market/Data/Stocks,.txt,151048,3202
amtx.us.txt,market/Data/Stocks,.txt,80874,2210
mdt.us.txt,market/Data/Stocks,.txt,451211,9045
tcrd.us.txt,market/Data/Stocks,.txt,90874,1906
tsn.us.txt,market/Data/Stocks,.txt,158311,3202
nspr-ws-b.us.txt,market/Data/Stocks,.txt,663,16
osis.us.txt,market/Data/Stocks,.txt,140813,3202
ihit.us.txt,market/Data/Stocks,.txt,10525,244
ras.us.txt,market/Data/Stocks,.txt,155844,3202
gnty.us.txt,market/Data/Stocks,.txt,6114,132
udr.us.txt,market/Data/Stocks,.txt,158007,3202
pjt.us.txt,market/Data/Stocks,.txt,25466,534
rsys.us.txt,market/Data/Stocks,.txt,131472,3202
ndrm.us.txt,market/Data/Stocks,.txt,31868,737
rare.us.txt,market/Data/Stocks,.txt,42847,955
xyl.us.txt,market/Data/Stocks,.txt,74485,1517
ddc.us.txt,market/Data/Stocks,.txt,153262,3195
fizz.us.txt,market/Data/Stocks,.txt,152650,3201
plw.us.txt,market/Data/Stocks,.txt,120232,2541
luk.us.txt,market/Data/Stocks,.txt,157148,3202
ep_c.us.txt,market/Data/Stocks,.txt,78409,1738
bcr.us.txt,market/Data/Stocks,.txt,423596,8725
phd.us.txt,market/Data/Stocks,.txt,151919,3202
susc.us.txt,market/Data/Stocks,.txt,2121,46
praa.us.txt,market/Data/Stocks,.txt,148249,3202
enlk.us.txt,market/Data/Stocks,.txt,154436,3202
viv.us.txt,market/Data/Stocks,.txt,157746,3202
amat.us.txt,market/Data/Stocks,.txt,427863,8365
cga.us.txt,market/Data/Stocks,.txt,106604,2350
dfs.us.txt,market/Data/Stocks,.txt,129902,2624
de.us.txt,market/Data/Stocks,.txt,445228,9043
fig.us.txt,market/Data/Stocks,.txt,132071,2711
fsfg.us.txt,market/Data/Stocks,.txt,77713,1691
dfen.us.txt,market/Data/Stocks,.txt,6014,135
gkos.us.txt,market/Data/Stocks,.txt,26707,603
btn.us.txt,market/Data/Stocks,.txt,123941,3186
payx.us.txt,market/Data/Stocks,.txt,345167,6963
wafdw.us.txt,market/Data/Stocks,.txt,20518,549
esbk.us.txt,market/Data/Stocks,.txt,112461,2447
jce.us.txt,market/Data/Stocks,.txt,127668,2679
vrnt.us.txt,market/Data/Stocks,.txt,137178,3202
goau.us.txt,market/Data/Stocks,.txt,4275,96
hmlp.us.txt,market/Data/Stocks,.txt,39210,825
omc.us.txt,market/Data/Stocks,.txt,342919,6962
hmhc.us.txt,market/Data/Stocks,.txt,44446,1007
manu.us.txt,market/Data/Stocks,.txt,62466,1324
aeua.us.txt,market/Data/Stocks,.txt,28905,613
kst.us.txt,market/Data/Stocks,.txt,149615,3197
rdn.us.txt,market/Data/Stocks,.txt,157586,3202
slct.us.txt,market/Data/Stocks,.txt,97627,2513
symc.us.txt,market/Data/Stocks,.txt,347930,6965
lexeb.us.txt,market/Data/Stocks,.txt,598,14
ch.us.txt,market/Data/Stocks,.txt,149116,3202
bwp.us.txt,market/Data/Stocks,.txt,147247,3024
nlst.us.txt,market/Data/Stocks,.txt,111468,2751
cnacw.us.txt,market/Data/Stocks,.txt,1362,34
fldm.us.txt,market/Data/Stocks,.txt,73060,1698
finx.us.txt,market/Data/Stocks,.txt,11898,267
abco.us.txt,market/Data/Stocks,.txt,145314,3202
mcrn.us.txt,market/Data/Stocks,.txt,26672,603
pg.us.txt,market/Data/Stocks,.txt,598360,12076
drq.us.txt,market/Data/Stocks,.txt,142601,3202
amh_d.us.txt,market/Data/Stocks,.txt,16300,371
are_d.us.txt,market/Data/Stocks,.txt,18225,424
vntv.us.txt,market/Data/Stocks,.txt,63983,1422
acco.us.txt,market/Data/Stocks,.txt,128941,3085
mrvl.us.txt,market/Data/Stocks,.txt,217385,4364
wgo.us.txt,market/Data/Stocks,.txt,154662,3202
ely.us.txt,market/Data/Stocks,.txt,155282,3202
maga.us.txt,market/Data/Stocks,.txt,2166,48
gtyhu.us.txt,market/Data/Stocks,.txt,9667,225
orrf.us.txt,market/Data/Stocks,.txt,133082,2852
ulh.us.txt,market/Data/Stocks,.txt,151826,3202
ruth.us.txt,market/Data/Stocks,.txt,149724,3089
cix.us.txt,market/Data/Stocks,.txt,142279,3074
afl.us.txt,market/Data/Stocks,.txt,414399,8399
utes.us.txt,market/Data/Stocks,.txt,19232,418
ghyb.us.txt,market/Data/Stocks,.txt,1840,40
comg.us.txt,market/Data/Stocks,.txt,1693,39
tgtx.us.txt,market/Data/Stocks,.txt,47050,1124
send.us.txt,market/Data/Stocks,.txt,0,0
kio.us.txt,market/Data/Stocks,.txt,51786,1085
ncz.us.txt,market/Data/Stocks,.txt,155505,3202
uevm.us.txt,market/Data/Stocks,.txt,524,12
apam.us.txt,market/Data/Stocks,.txt,57070,1183
htus.us.txt,market/Data/Stocks,.txt,28238,603
frc_d.us.txt,market/Data/Stocks,.txt,52288,1150
clbs.us.txt,market/Data/Stocks,.txt,106064,3034
avdl.us.txt,market/Data/Stocks,.txt,132874,3202
lind.us.txt,market/Data/Stocks,.txt,32820,804
cnit.us.txt,market/Data/Stocks,.txt,109213,2728
glpi.us.txt,market/Data/Stocks,.txt,49393,1012
dhil.us.txt,market/Data/Stocks,.txt,146468,3141
chk_d.us.txt,market/Data/Stocks,.txt,82169,1820
mfem.us.txt,market/Data/Stocks,.txt,1976,45
hees.us.txt,market/Data/Stocks,.txt,143542,2969
bsmx.us.txt,market/Data/Stocks,.txt,62692,1292
vsto.us.txt,market/Data/Stocks,.txt,31053,695
eog.us.txt,market/Data/Stocks,.txt,348445,7082
pagp.us.txt,market/Data/Stocks,.txt,50286,1028
dkt.us.txt,market/Data/Stocks,.txt,87578,1820
clrb.us.txt,market/Data/Stocks,.txt,75368,2040
mxl.us.txt,market/Data/Stocks,.txt,80759,1926
ewre.us.txt,market/Data/Stocks,.txt,19312,417
sjw.us.txt,market/Data/Stocks,.txt,152683,3202
osk.us.txt,market/Data/Stocks,.txt,156450,3202
kura.us.txt,market/Data/Stocks,.txt,20276,510
aer.us.txt,market/Data/Stocks,.txt,121683,2764
snd.us.txt,market/Data/Stocks,.txt,11060,258
ylde.us.txt,market/Data/Stocks,.txt,1081,24
gcbc.us.txt,market/Data/Stocks,.txt,96950,2103
wsm.us.txt,market/Data/Stocks,.txt,157637,3202
avgr.us.txt,market/Data/Stocks,.txt,30051,704
nspr-ws.us.txt,market/Data/Stocks,.txt,1372,34
nvec.us.txt,market/Data/Stocks,.txt,152455,3202
jnpr.us.txt,market/Data/Stocks,.txt,230285,4625
vsm.us.txt,market/Data/Stocks,.txt,13371,281
syx.us.txt,market/Data/Stocks,.txt,152583,3202
mkc.us.txt,market/Data/Stocks,.txt,225891,4647
nee_c.us.txt,market/Data/Stocks,.txt,82540,1797
skys.us.txt,market/Data/Stocks,.txt,29557,741
arow.us.txt,market/Data/Stocks,.txt,151756,3202
esio.us.txt,market/Data/Stocks,.txt,148086,3202
nfg.us.txt,market/Data/Stocks,.txt,155615,3202
gern.us.txt,market/Data/Stocks,.txt,131436,3202
ssni.us.txt,market/Data/Stocks,.txt,51590,1179
nvgs.us.txt,market/Data/Stocks,.txt,50424,1167
jha.us.txt,market/Data/Stocks,.txt,22059,504
rfil.us.txt,market/Data/Stocks,.txt,147906,3140
adnt.us.txt,market/Data/Stocks,.txt,12649,260
cetv.us.txt,market/Data/Stocks,.txt,134741,3202
ms_e.us.txt,market/Data/Stocks,.txt,46911,1038
ofg.us.txt,market/Data/Stocks,.txt,154075,3202
iboc.us.txt,market/Data/Stocks,.txt,154779,3202
e.us.txt,market/Data/Stocks,.txt,155875,3202
cmpr.us.txt,market/Data/Stocks,.txt,135312,3052
ipi.us.txt,market/Data/Stocks,.txt,105684,2410
ble.us.txt,market/Data/Stocks,.txt,151585,3202
paas.us.txt,market/Data/Stocks,.txt,157433,3202
cmta.us.txt,market/Data/Stocks,.txt,3189,73
agro.us.txt,market/Data/Stocks,.txt,71579,1708
mdlz.us.txt,market/Data/Stocks,.txt,139840,2800
bhv.us.txt,market/Data/Stocks,.txt,128457,2766
clpr.us.txt,market/Data/Stocks,.txt,9158,192
kr.us.txt,market/Data/Stocks,.txt,518367,10307
hpi.us.txt,market/Data/Stocks,.txt,152937,3202
shg.us.txt,market/Data/Stocks,.txt,150365,3202
brqsw.us.txt,market/Data/Stocks,.txt,14452,346
fbc.us.txt,market/Data/Stocks,.txt,127576,3202
oa.us.txt,market/Data/Stocks,.txt,33731,695
htz.us.txt,market/Data/Stocks,.txt,134544,2767
ablx.us.txt,market/Data/Stocks,.txt,625,14
gva.us.txt,market/Data/Stocks,.txt,155554,3202
bxg.us.txt,market/Data/Stocks,.txt,0,0
lmfa.us.txt,market/Data/Stocks,.txt,17133,431
grr.us.txt,market/Data/Stocks,.txt,147050,3164
ggz_a.us.txt,market/Data/Stocks,.txt,13789,311
nyrt.us.txt,market/Data/Stocks,.txt,41215,904
ivfvc.us.txt,market/Data/Stocks,.txt,2190,51
epr_e.us.txt,market/Data/Stocks,.txt,77186,1703
mexx.us.txt,market/Data/Stocks,.txt,4653,104
amza.us.txt,market/Data/Stocks,.txt,37095,782
sabr.us.txt,market/Data/Stocks,.txt,44377,902
nxrt.us.txt,market/Data/Stocks,.txt,31580,662
xbio.us.txt,market/Data/Stocks,.txt,9757,241
bracw.us.txt,market/Data/Stocks,.txt,566,14
jobs.us.txt,market/Data/Stocks,.txt,140160,3201
sybt.us.txt,market/Data/Stocks,.txt,152292,3202
fnsr.us.txt,market/Data/Stocks,.txt,141651,3202
nre.us.txt,market/Data/Stocks,.txt,24412,512
oilk.us.txt,market/Data/Stocks,.txt,12166,283
bkh.us.txt,market/Data/Stocks,.txt,155289,3202
pdm.us.txt,market/Data/Stocks,.txt,95530,1955
wal.us.txt,market/Data/Stocks,.txt,133387,3116
gen.us.txt,market/Data/Stocks,.txt,108252,2646
lyb.us.txt,market/Data/Stocks,.txt,94174,1902
dni.us.txt,market/Data/Stocks,.txt,151438,3203
ckh.us.txt,market/Data/Stocks,.txt,154861,3202
euxl.us.txt,market/Data/Stocks,.txt,3508,79
idmo.us.txt,market/Data/Stocks,.txt,5868,127
hl.us.txt,market/Data/Stocks,.txt,158413,3202
fen.us.txt,market/Data/Stocks,.txt,152508,3202
nodk.us.txt,market/Data/Stocks,.txt,7281,168
cptag.us.txt,market/Data/Stocks,.txt,4914,114
sky.us.txt,market/Data/Stocks,.txt,140055,3202
hpe.us.txt,market/Data/Stocks,.txt,25447,512
cli.us.txt,market/Data/Stocks,.txt,156604,3202
usap.us.txt,market/Data/Stocks,.txt,137753,3202
tact.us.txt,market/Data/Stocks,.txt,150822,3195
agn.us.txt,market/Data/Stocks,.txt,304764,6229
spvm.us.txt,market/Data/Stocks,.txt,6401,147
i.us.txt,market/Data/Stocks,.txt,48941,1154
tcf_c.us.txt,market/Data/Stocks,.txt,55677,1221
moti.us.txt,market/Data/Stocks,.txt,21511,472
mfcb.us.txt,market/Data/Stocks,.txt,67473,1540
ajxa.us.txt,market/Data/Stocks,.txt,5552,124
entl.us.txt,market/Data/Stocks,.txt,30931,705
ms_i.us.txt,market/Data/Stocks,.txt,35269,791
atni.us.txt,market/Data/Stocks,.txt,150146,3157
ssw_g.us.txt,market/Data/Stocks,.txt,15609,354
btu_.us.txt,market/Data/Stocks,.txt,598,15
eric.us.txt,market/Data/Stocks,.txt,157030,3202
mlhr.us.txt,market/Data/Stocks,.txt,155354,3202
oksb.us.txt,market/Data/Stocks,.txt,151429,3186
ppc.us.txt,market/Data/Stocks,.txt,155834,3202
srne.us.txt,market/Data/Stocks,.txt,41515,1020
clns_g.us.txt,market/Data/Stocks,.txt,8055,184
dzsi.us.txt,market/Data/Stocks,.txt,125460,3202
ticc.us.txt,market/Data/Stocks,.txt,155210,3202
adp.us.txt,market/Data/Stocks,.txt,431267,8725
meoh.us.txt,market/Data/Stocks,.txt,155624,3202
ori.us.txt,market/Data/Stocks,.txt,157408,3202
myrg.us.txt,market/Data/Stocks,.txt,101815,2327
hcap.us.txt,market/Data/Stocks,.txt,52789,1140
shbi.us.txt,market/Data/Stocks,.txt,146200,3131
myn.us.txt,market/Data/Stocks,.txt,151894,3202
sybx.us.txt,market/Data/Stocks,.txt,23319,523
wes.us.txt,market/Data/Stocks,.txt,116007,2397
cys_a.us.txt,market/Data/Stocks,.txt,59544,1317
bkd.us.txt,market/Data/Stocks,.txt,134258,3015
ljpc.us.txt,market/Data/Stocks,.txt,41861,956
unt.us.txt,market/Data/Stocks,.txt,142140,3202
urbn.us.txt,market/Data/Stocks,.txt,145323,3202
geb.us.txt,market/Data/Stocks,.txt,61098,1280
schw_b.us.txt,market/Data/Stocks,.txt,29731,674
hfxj.us.txt,market/Data/Stocks,.txt,14086,305
nvda.us.txt,market/Data/Stocks,.txt,237020,4734
xelb.us.txt,market/Data/Stocks,.txt,31998,822
safm.us.txt,market/Data/Stocks,.txt,155533,3202
mnr.us.txt,market/Data/Stocks,.txt,153092,3201
jks.us.txt,market/Data/Stocks,.txt,82048,1890
blmn.us.txt,market/Data/Stocks,.txt,65099,1326
mara.us.txt,market/Data/Stocks,.txt,34116,832
neu.us.txt,market/Data/Stocks,.txt,153568,3202
bofi.us.txt,market/Data/Stocks,.txt,143375,3158
hesm.us.txt,market/Data/Stocks,.txt,7391,155
edom.us.txt,market/Data/Stocks,.txt,20718,468
oge.us.txt,market/Data/Stocks,.txt,156828,3202
frc_h.us.txt,market/Data/Stocks,.txt,4860,110
jpeh.us.txt,market/Data/Stocks,.txt,2368,53
jmp.us.txt,market/Data/Stocks,.txt,126304,2648
aaap.us.txt,market/Data/Stocks,.txt,21911,506
wbib.us.txt,market/Data/Stocks,.txt,37736,808
xbks.us.txt,market/Data/Stocks,.txt,65715,1628
vtl.us.txt,market/Data/Stocks,.txt,36833,902
hstm.us.txt,market/Data/Stocks,.txt,132561,3199
auo.us.txt,market/Data/Stocks,.txt,156673,3202
ibd.us.txt,market/Data/Stocks,.txt,3676,79
numv.us.txt,market/Data/Stocks,.txt,9758,225
gpn.us.txt,market/Data/Stocks,.txt,157179,3202
expr.us.txt,market/Data/Stocks,.txt,84544,1891
ncv.us.txt,market/Data/Stocks,.txt,155650,3202
sngxw.us.txt,market/Data/Stocks,.txt,5086,126
efbi.us.txt,market/Data/Stocks,.txt,3256,76
rlj_a.us.txt,market/Data/Stocks,.txt,2151,50
cit.us.txt,market/Data/Stocks,.txt,98396,1995
opy.us.txt,market/Data/Stocks,.txt,151883,3198
nc.us.txt,market/Data/Stocks,.txt,154389,3202
hjpx.us.txt,market/Data/Stocks,.txt,762,17
thw.us.txt,market/Data/Stocks,.txt,28965,602
cmg.us.txt,market/Data/Stocks,.txt,138428,2972
amkr.us.txt,market/Data/Stocks,.txt,134319,3202
dhf.us.txt,market/Data/Stocks,.txt,155579,3202
vrsn.us.txt,market/Data/Stocks,.txt,239130,4978
jp.us.txt,market/Data/Stocks,.txt,25148,559
mtbcp.us.txt,market/Data/Stocks,.txt,16154,349
pbb.us.txt,market/Data/Stocks,.txt,22564,478
aprn.us.txt,market/Data/Stocks,.txt,4013,96
bit.us.txt,market/Data/Stocks,.txt,57487,1190
snak.us.txt,market/Data/Stocks,.txt,128050,3202
elu.us.txt,market/Data/Stocks,.txt,53025,1129
tril.us.txt,market/Data/Stocks,.txt,61479,1463
vwr.us.txt,market/Data/Stocks,.txt,35060,786
fsp.us.txt,market/Data/Stocks,.txt,150215,3135
schw.us.txt,market/Data/Stocks,.txt,357597,7149
midd.us.txt,market/Data/Stocks,.txt,151650,3202
hei.us.txt,market/Data/Stocks,.txt,154553,3202
asix.us.txt,market/Data/Stocks,.txt,12573,281
syt.us.txt,market/Data/Stocks,.txt,154815,3200
ally_a.us.txt,market/Data/Stocks,.txt,30264,682
grub.us.txt,market/Data/Stocks,.txt,41069,911
armk.us.txt,market/Data/Stocks,.txt,48327,988
cswi.us.txt,market/Data/Stocks,.txt,22779,534
mzor.us.txt,market/Data/Stocks,.txt,49096,1124
wwr.us.txt,market/Data/Stocks,.txt,130764,3202
mxdu.us.txt,market/Data/Stocks,.txt,517,12
mbot.us.txt,market/Data/Stocks,.txt,69830,1581
osg.us.txt,market/Data/Stocks,.txt,21423,479
egrx.us.txt,market/Data/Stocks,.txt,41832,947
snh.us.txt,market/Data/Stocks,.txt,157653,3202
blvdu.us.txt,market/Data/Stocks,.txt,16910,407
pnc_q.us.txt,market/Data/Stocks,.txt,59120,1292
peo.us.txt,market/Data/Stocks,.txt,152827,3202
evri.us.txt,market/Data/Stocks,.txt,22867,561
bny.us.txt,market/Data/Stocks,.txt,150886,3202
cfnb.us.txt,market/Data/Stocks,.txt,124486,2728
celgz.us.txt,market/Data/Stocks,.txt,75671,1707
gdl.us.txt,market/Data/Stocks,.txt,129070,2721
tivo.us.txt,market/Data/Stocks,.txt,88872,1820
yrd.us.txt,market/Data/Stocks,.txt,23186,480
rmniw.us.txt,market/Data/Stocks,.txt,12609,314
irdmb.us.txt,market/Data/Stocks,.txt,16252,357
ast.us.txt,market/Data/Stocks,.txt,33627,838
rtec.us.txt,market/Data/Stocks,.txt,136810,3202
sti_a.us.txt,market/Data/Stocks,.txt,30045,684
ftxg.us.txt,market/Data/Stocks,.txt,9362,203
jemd.us.txt,market/Data/Stocks,.txt,1405,33
nem.us.txt,market/Data/Stocks,.txt,427121,8727
bxs.us.txt,market/Data/Stocks,.txt,155176,3202
grf.us.txt,market/Data/Stocks,.txt,118833,2588
mrns.us.txt,market/Data/Stocks,.txt,33744,829
skm.us.txt,market/Data/Stocks,.txt,156692,3202
hx.us.txt,market/Data/Stocks,.txt,296,7
coo.us.txt,market/Data/Stocks,.txt,155626,3202
hsc.us.txt,market/Data/Stocks,.txt,152829,3202
smhd.us.txt,market/Data/Stocks,.txt,32958,697
trow.us.txt,market/Data/Stocks,.txt,349176,7092
canf.us.txt,market/Data/Stocks,.txt,40049,1002
oeur.us.txt,market/Data/Stocks,.txt,25973,555
appf.us.txt,market/Data/Stocks,.txt,25744,602
kmda.us.txt,market/Data/Stocks,.txt,43531,1089
lyv.us.txt,market/Data/Stocks,.txt,131350,2999
sce_d.us.txt,market/Data/Stocks,.txt,64912,1458
zixi.us.txt,market/Data/Stocks,.txt,129513,3202
mmt.us.txt,market/Data/Stocks,.txt,155322,3202
acor.us.txt,market/Data/Stocks,.txt,130216,2960
ofs.us.txt,market/Data/Stocks,.txt,59783,1263
ltrpa.us.txt,market/Data/Stocks,.txt,35611,807
aroc.us.txt,market/Data/Stocks,.txt,24729,510
apopw.us.txt,market/Data/Stocks,.txt,9010,231
iga.us.txt,market/Data/Stocks,.txt,144265,3033
pcyo.us.txt,market/Data/Stocks,.txt,122802,3161
snsr.us.txt,market/Data/Stocks,.txt,13305,293
cohn.us.txt,market/Data/Stocks,.txt,145276,3178
wvfc.us.txt,market/Data/Stocks,.txt,81425,1776
lmt.us.txt,market/Data/Stocks,.txt,502039,10305
pth.us.txt,market/Data/Stocks,.txt,128166,2787
icow.us.txt,market/Data/Stocks,.txt,4548,101
vbf.us.txt,market/Data/Stocks,.txt,151990,3202
kf.us.txt,market/Data/Stocks,.txt,150338,3201
xpl.us.txt,market/Data/Stocks,.txt,117390,2979
ry_s-cl.us.txt,market/Data/Stocks,.txt,2167,49
dfs_b-cl.us.txt,market/Data/Stocks,.txt,358,8
mbio.us.txt,market/Data/Stocks,.txt,2494,59
bcom.us.txt,market/Data/Stocks,.txt,94779,2055
eip.us.txt,market/Data/Stocks,.txt,142648,3107
nymtn.us.txt,market/Data/Stocks,.txt,972,22
q.us.txt,market/Data/Stocks,.txt,50857,1139
igeb.us.txt,market/Data/Stocks,.txt,3777,86
spvu.us.txt,market/Data/Stocks,.txt,10016,218
tipt.us.txt,market/Data/Stocks,.txt,48551,1040
type.us.txt,market/Data/Stocks,.txt,124824,2597
bhb.us.txt,market/Data/Stocks,.txt,142033,3064
wrb_b.us.txt,market/Data/Stocks,.txt,51624,1141
wmgiz.us.txt,market/Data/Stocks,.txt,45879,995
jpm_a.us.txt,market/Data/Stocks,.txt,54537,1188
nextw.us.txt,market/Data/Stocks,.txt,10214,239
aau.us.txt,market/Data/Stocks,.txt,127281,3178
cna.us.txt,market/Data/Stocks,.txt,155460,3202
snp.us.txt,market/Data/Stocks,.txt,155175,3202
nwl.us.txt,market/Data/Stocks,.txt,411320,8401
irm.us.txt,market/Data/Stocks,.txt,157813,3202
pacw.us.txt,market/Data/Stocks,.txt,155231,3202
lvhi.us.txt,market/Data/Stocks,.txt,15049,326
eos.us.txt,market/Data/Stocks,.txt,155004,3202
rnp.us.txt,market/Data/Stocks,.txt,154728,3202
heq.us.txt,market/Data/Stocks,.txt,77335,1627
bncl.us.txt,market/Data/Stocks,.txt,124867,2603
mod.us.txt,market/Data/Stocks,.txt,137612,3202
qrvo.us.txt,market/Data/Stocks,.txt,31467,697
hei-a.us.txt,market/Data/Stocks,.txt,86531,1820
odc.us.txt,market/Data/Stocks,.txt,148752,3170
sach.us.txt,market/Data/Stocks,.txt,8927,191
osbc.us.txt,market/Data/Stocks,.txt,152183,3201
golf.us.txt,market/Data/Stocks,.txt,12534,263
ctrp.us.txt,market/Data/Stocks,.txt,147370,3202
prk.us.txt,market/Data/Stocks,.txt,152343,3202
patk.us.txt,market/Data/Stocks,.txt,135651,3042
gsh.us.txt,market/Data/Stocks,.txt,151367,3202
orbc.us.txt,market/Data/Stocks,.txt,112637,2776
daio.us.txt,market/Data/Stocks,.txt,121300,3109
xshd.us.txt,market/Data/Stocks,.txt,10964,237
tho.us.txt,market/Data/Stocks,.txt,155650,3202
corr_a.us.txt,market/Data/Stocks,.txt,29767,680
cuba.us.txt,market/Data/Stocks,.txt,146952,3154
hall.us.txt,market/Data/Stocks,.txt,126405,3089
san_i.us.txt,market/Data/Stocks,.txt,80043,1754
cil.us.txt,market/Data/Stocks,.txt,17488,381
veru.us.txt,market/Data/Stocks,.txt,143730,3162
psb_x.us.txt,market/Data/Stocks,.txt,1627,37
rmcf.us.txt,market/Data/Stocks,.txt,149095,3199
insg.us.txt,market/Data/Stocks,.txt,132946,3202
ubp_f-cl.us.txt,market/Data/Stocks,.txt,1114,25
pfi.us.txt,market/Data/Stocks,.txt,129012,2771
mhi.us.txt,market/Data/Stocks,.txt,151782,3202
vpg.us.txt,market/Data/Stocks,.txt,80275,1862
nfbk.us.txt,market/Data/Stocks,.txt,120685,2521
ocn.us.txt,market/Data/Stocks,.txt,136061,3202
thff.us.txt,market/Data/Stocks,.txt,151511,3202
rvlt.us.txt,market/Data/Stocks,.txt,113660,3029
crto.us.txt,market/Data/Stocks,.txt,44881,1018
wpg.us.txt,market/Data/Stocks,.txt,42512,872
psxp.us.txt,market/Data/Stocks,.txt,52639,1088
mapi.us.txt,market/Data/Stocks,.txt,0,0
gte.us.txt,market/Data/Stocks,.txt,122911,3020
wtt.us.txt,market/Data/Stocks,.txt,125517,3193
ehth.us.txt,market/Data/Stocks,.txt,122700,2791
heuv.us.txt,market/Data/Stocks,.txt,19739,443
c_c.us.txt,market/Data/Stocks,.txt,53297,1168
sito.us.txt,market/Data/Stocks,.txt,23035,572
gsd.us.txt,market/Data/Stocks,.txt,20082,443
exc.us.txt,market/Data/Stocks,.txt,469913,9548
gww.us.txt,market/Data/Stocks,.txt,402760,8296
evar.us.txt,market/Data/Stocks,.txt,35914,884
moh.us.txt,market/Data/Stocks,.txt,146781,3202
dxc.us.txt,market/Data/Stocks,.txt,7517,156
oflx.us.txt,market/Data/Stocks,.txt,141111,3030
hdrw.us.txt,market/Data/Stocks,.txt,19196,435
xel.us.txt,market/Data/Stocks,.txt,214280,4336
lvhe.us.txt,market/Data/Stocks,.txt,10834,242
fisv.us.txt,market/Data/Stocks,.txt,319471,6965
ibmk.us.txt,market/Data/Stocks,.txt,25294,547
ivr.us.txt,market/Data/Stocks,.txt,103231,2112
nss.us.txt,market/Data/Stocks,.txt,57027,1209
pfbi.us.txt,market/Data/Stocks,.txt,140966,3028
ctas.us.txt,market/Data/Stocks,.txt,339568,6963
pah.us.txt,market/Data/Stocks,.txt,42424,961
fdx.us.txt,market/Data/Stocks,.txt,468663,9548
dkl.us.txt,market/Data/Stocks,.txt,60428,1267
ford.us.txt,market/Data/Stocks,.txt,128246,3201
jnce.us.txt,market/Data/Stocks,.txt,8997,202
gladn.us.txt,market/Data/Stocks,.txt,1459,33
flir.us.txt,market/Data/Stocks,.txt,157043,3202
bdxa.us.txt,market/Data/Stocks,.txt,5576,124
ibp.us.txt,market/Data/Stocks,.txt,41195,946
arna.us.txt,market/Data/Stocks,.txt,129714,3201
regn.us.txt,market/Data/Stocks,.txt,146614,3201
ncb.us.txt,market/Data/Stocks,.txt,99343,2131
scon.us.txt,market/Data/Stocks,.txt,128791,3202
fti.us.txt,market/Data/Stocks,.txt,148059,3202
mhe.us.txt,market/Data/Stocks,.txt,134103,2917
hbp.us.txt,market/Data/Stocks,.txt,39081,986
home.us.txt,market/Data/Stocks,.txt,14373,323
atos.us.txt,market/Data/Stocks,.txt,52437,1261
plnt.us.txt,market/Data/Stocks,.txt,27057,574
bgsf.us.txt,market/Data/Stocks,.txt,29849,637
hfc.us.txt,market/Data/Stocks,.txt,79256,1603
asna.us.txt,market/Data/Stocks,.txt,144035,3203
rlgy.us.txt,market/Data/Stocks,.txt,62695,1281
trmk.us.txt,market/Data/Stocks,.txt,155280,3202
reta.us.txt,market/Data/Stocks,.txt,16304,371
rbus.us.txt,market/Data/Stocks,.txt,1465,35
bms.us.txt,market/Data/Stocks,.txt,403982,8347
ehr.us.txt,market/Data/Stocks,.txt,0,0
ptnr.us.txt,market/Data/Stocks,.txt,142978,3193
pfe.us.txt,market/Data/Stocks,.txt,455466,9043
thc.us.txt,market/Data/Stocks,.txt,399842,9043
rso_b.us.txt,market/Data/Stocks,.txt,58482,1287
aft.us.txt,market/Data/Stocks,.txt,80303,1685
nati.us.txt,market/Data/Stocks,.txt,155590,3202
dla.us.txt,market/Data/Stocks,.txt,132237,3174
psb_t.us.txt,market/Data/Stocks,.txt,63361,1386
tlp.us.txt,market/Data/Stocks,.txt,149653,3141
bwinb.us.txt,market/Data/Stocks,.txt,151217,3202
bdc_b.us.txt,market/Data/Stocks,.txt,14526,316
abg.us.txt,market/Data/Stocks,.txt,140421,3202
cms.us.txt,market/Data/Stocks,.txt,405146,8281
dhr.us.txt,market/Data/Stocks,.txt,372173,7563
gsat.us.txt,market/Data/Stocks,.txt,115054,2777
jd.us.txt,market/Data/Stocks,.txt,40047,878
tenx.us.txt,market/Data/Stocks,.txt,119607,3202
sce_h.us.txt,market/Data/Stocks,.txt,40849,930
lsxmk.us.txt,market/Data/Stocks,.txt,17872,399
orpn.us.txt,market/Data/Stocks,.txt,33002,830
wat.us.txt,market/Data/Stocks,.txt,246913,5532
tlys.us.txt,market/Data/Stocks,.txt,65689,1392
tgp_a.us.txt,market/Data/Stocks,.txt,12180,276
sor.us.txt,market/Data/Stocks,.txt,151543,3202
elon.us.txt,market/Data/Stocks,.txt,126337,3200
ahgp.us.txt,market/Data/Stocks,.txt,138763,2900
sb_b.us.txt,market/Data/Stocks,.txt,30584,702
ooma.us.txt,market/Data/Stocks,.txt,23426,588
ht.us.txt,market/Data/Stocks,.txt,154178,3202
rxn.us.txt,market/Data/Stocks,.txt,62962,1417
ontxw.us.txt,market/Data/Stocks,.txt,5812,152
pcg_b.us.txt,market/Data/Stocks,.txt,58727,1319
tpge-u.us.txt,market/Data/Stocks,.txt,4297,98
nea.us.txt,market/Data/Stocks,.txt,150521,3202
fitbi.us.txt,market/Data/Stocks,.txt,46679,983
dwin.us.txt,market/Data/Stocks,.txt,20091,425
asx.us.txt,market/Data/Stocks,.txt,156302,3201
dplo.us.txt,market/Data/Stocks,.txt,34771,780
faro.us.txt,market/Data/Stocks,.txt,139868,3202
wpg_h.us.txt,market/Data/Stocks,.txt,29706,678
awk.us.txt,market/Data/Stocks,.txt,117921,2409
hds.us.txt,market/Data/Stocks,.txt,50164,1105
fwonk.us.txt,market/Data/Stocks,.txt,37566,832
crvs.us.txt,market/Data/Stocks,.txt,18107,416
ltea.us.txt,market/Data/Stocks,.txt,13145,326
mtls.us.txt,market/Data/Stocks,.txt,34724,855
ns_b.us.txt,market/Data/Stocks,.txt,6020,135
camt.us.txt,market/Data/Stocks,.txt,125189,3175
emo.us.txt,market/Data/Stocks,.txt,77685,1617
hpq.us.txt,market/Data/Stocks,.txt,611146,12076
pirs.us.txt,market/Data/Stocks,.txt,27085,670
ival.us.txt,market/Data/Stocks,.txt,33373,721
chn.us.txt,market/Data/Stocks,.txt,152993,3202
omex.us.txt,market/Data/Stocks,.txt,133892,3202
roic.us.txt,market/Data/Stocks,.txt,120214,2496
dmo.us.txt,market/Data/Stocks,.txt,92554,1946
uzb.us.txt,market/Data/Stocks,.txt,34800,737
nbl.us.txt,market/Data/Stocks,.txt,158677,3202
nrim.us.txt,market/Data/Stocks,.txt,148632,3171
lmat.us.txt,market/Data/Stocks,.txt,129007,2734
atu.us.txt,market/Data/Stocks,.txt,155526,3202
jhy.us.txt,market/Data/Stocks,.txt,26030,580
xco.us.txt,market/Data/Stocks,.txt,138332,2962
mik.us.txt,market/Data/Stocks,.txt,38408,853
apf.us.txt,market/Data/Stocks,.txt,151189,3201
vti.us.txt,market/Data/ETFs,.txt,157987,3202
ibnd.us.txt,market/Data/ETFs,.txt,89341,1883
viov.us.txt,market/Data/ETFs,.txt,80146,1721
urty.us.txt,market/Data/ETFs,.txt,93916,1953
schr.us.txt,market/Data/ETFs,.txt,87017,1832
jnk.us.txt,market/Data/ETFs,.txt,123915,2503
pej.us.txt,market/Data/ETFs,.txt,147510,3119
eqwm.us.txt,market/Data/ETFs,.txt,25804,560
rusl.us.txt,market/Data/ETFs,.txt,74529,1628
feny.us.txt,market/Data/ETFs,.txt,49082,1019
lglv.us.txt,market/Data/ETFs,.txt,50393,1089
don.us.txt,market/Data/ETFs,.txt,137927,2873
dim.us.txt,market/Data/ETFs,.txt,135082,2870
vfh.us.txt,market/Data/ETFs,.txt,154462,3202
vug.us.txt,market/Data/ETFs,.txt,155319,3202
faus.us.txt,market/Data/ETFs,.txt,28360,618
eelv.us.txt,market/Data/ETFs,.txt,69253,1459
vqt.us.txt,market/Data/ETFs,.txt,81555,1736
xt.us.txt,market/Data/ETFs,.txt,29319,619
ujb.us.txt,market/Data/ETFs,.txt,593,13
iwm.us.txt,market/Data/ETFs,.txt,162105,3202
uym.us.txt,market/Data/ETFs,.txt,130384,2714
fieu.us.txt,market/Data/ETFs,.txt,47752,1041
ashs.us.txt,market/Data/ETFs,.txt,40020,873
chim.us.txt,market/Data/ETFs,.txt,73951,1606
dia.us.txt,market/Data/ETFs,.txt,159715,3202
xtn.us.txt,market/Data/ETFs,.txt,79077,1671
agg.us.txt,market/Data/ETFs,.txt,156635,3202
tip.us.txt,market/Data/ETFs,.txt,156116,3202
gbf.us.txt,market/Data/ETFs,.txt,127088,2716
fvd.us.txt,market/Data/ETFs,.txt,153438,3202
rvnu.us.txt,market/Data/ETFs,.txt,48015,1033
pst.us.txt,market/Data/ETFs,.txt,105768,2402
smlf.us.txt,market/Data/ETFs,.txt,24414,529
dnl.us.txt,market/Data/ETFs,.txt,132483,2836
know.us.txt,market/Data/ETFs,.txt,60841,1293
sil.us.txt,market/Data/ETFs,.txt,90763,1907
dxjf.us.txt,market/Data/ETFs,.txt,40087,856
puw.us.txt,market/Data/ETFs,.txt,126880,2719
usci.us.txt,market/Data/ETFs,.txt,80215,1829
mxi.us.txt,market/Data/ETFs,.txt,133511,2806
jjt.us.txt,market/Data/ETFs,.txt,4496,107
gsy.us.txt,market/Data/ETFs,.txt,73554,1547
hevy.us.txt,market/Data/ETFs,.txt,330,8
pvi.us.txt,market/Data/ETFs,.txt,119732,2511
sqqq.us.txt,market/Data/ETFs,.txt,92894,1953
iwy.us.txt,market/Data/ETFs,.txt,86481,1820
hdv.us.txt,market/Data/ETFs,.txt,80737,1665
gnma.us.txt,market/Data/ETFs,.txt,66019,1414
flot.us.txt,market/Data/ETFs,.txt,77659,1611
idv.us.txt,market/Data/ETFs,.txt,126557,2623
sdow.us.txt,market/Data/ETFs,.txt,89517,1953
ldri.us.txt,market/Data/ETFs,.txt,26343,575
midu.us.txt,market/Data/ETFs,.txt,107083,2228
schf.us.txt,market/Data/ETFs,.txt,97826,2021
mom.us.txt,market/Data/ETFs,.txt,39919,935
sye.us.txt,market/Data/ETFs,.txt,24759,540
prb.us.txt,market/Data/ETFs,.txt,89033,1918
moat.us.txt,market/Data/ETFs,.txt,66342,1396
rye.us.txt,market/Data/ETFs,.txt,127609,2722
iak.us.txt,market/Data/ETFs,.txt,135941,2886
tok.us.txt,market/Data/ETFs,.txt,114123,2449
ivw.us.txt,market/Data/ETFs,.txt,156257,3202
llsp.us.txt,market/Data/ETFs,.txt,20817,454
eld.us.txt,market/Data/ETFs,.txt,88206,1830
pbs.us.txt,market/Data/ETFs,.txt,147561,3116
fems.us.txt,market/Data/ETFs,.txt,60338,1280
emih.us.txt,market/Data/ETFs,.txt,18746,418
bsjh.us.txt,market/Data/ETFs,.txt,66116,1392
bnd.us.txt,market/Data/ETFs,.txt,130864,2670
mdyg.us.txt,market/Data/ETFs,.txt,137594,2944
vwo.us.txt,market/Data/ETFs,.txt,159196,3193
dxj.us.txt,market/Data/ETFs,.txt,137619,2849
brzu.us.txt,market/Data/ETFs,.txt,50011,1145
dxjr.us.txt,market/Data/ETFs,.txt,40593,865
mdiv.us.txt,market/Data/ETFs,.txt,63729,1319
bzf.us.txt,market/Data/ETFs,.txt,107958,2388
lstk.us.txt,market/Data/ETFs,.txt,6552,150
geur.us.txt,market/Data/ETFs,.txt,41681,895
jpge.us.txt,market/Data/ETFs,.txt,38457,832
scid.us.txt,market/Data/ETFs,.txt,18217,397
gal.us.txt,market/Data/ETFs,.txt,63961,1356
ugld.us.txt,market/Data/ETFs,.txt,66932,1527
xsw.us.txt,market/Data/ETFs,.txt,67319,1449
ptm.us.txt,market/Data/ETFs,.txt,100907,2358
dzz.us.txt,market/Data/ETFs,.txt,102170,2446
shv.us.txt,market/Data/ETFs,.txt,132426,2730
ffa.us.txt,market/Data/ETFs,.txt,152328,3202
inp.us.txt,market/Data/ETFs,.txt,120183,2741
koru.us.txt,market/Data/ETFs,.txt,48716,1118
slqd.us.txt,market/Data/ETFs,.txt,46569,998
fxi.us.txt,market/Data/ETFs,.txt,160612,3202
vxx.us.txt,market/Data/ETFs,.txt,111620,2213
flrn.us.txt,market/Data/ETFs,.txt,68096,1440
gulf.us.txt,market/Data/ETFs,.txt,107558,2298
pdbc.us.txt,market/Data/ETFs,.txt,33676,723
corp.us.txt,market/Data/ETFs,.txt,84251,1787
cbon.us.txt,market/Data/ETFs,.txt,31843,686
pplt.us.txt,market/Data/ETFs,.txt,91343,1976
soil.us.txt,market/Data/ETFs,.txt,73910,1605
epp.us.txt,market/Data/ETFs,.txt,156225,3202
iusg.us.txt,market/Data/ETFs,.txt,153584,3202
pzt.us.txt,market/Data/ETFs,.txt,117953,2519
dgl.us.txt,market/Data/ETFs,.txt,119152,2734
agzd.us.txt,market/Data/ETFs,.txt,39314,850
chep.us.txt,market/Data/ETFs,.txt,41282,977
spyg.us.txt,market/Data/ETFs,.txt,152363,3203
vig.us.txt,market/Data/ETFs,.txt,141094,2908
eum.us.txt,market/Data/ETFs,.txt,111712,2526
xhb.us.txt,market/Data/ETFs,.txt,146625,2964
soxs.us.txt,market/Data/ETFs,.txt,84688,1932
sh.us.txt,market/Data/ETFs,.txt,132168,2870
sso.us.txt,market/Data/ETFs,.txt,143466,2870
pxh.us.txt,market/Data/ETFs,.txt,122224,2551
sds.us.txt,market/Data/ETFs,.txt,136235,2855
iscf.us.txt,market/Data/ETFs,.txt,21291,463
ixn.us.txt,market/Data/ETFs,.txt,152278,3202
lbj.us.txt,market/Data/ETFs,.txt,89544,2000
uup.us.txt,market/Data/ETFs,.txt,122020,2703
svxy.us.txt,market/Data/ETFs,.txt,73390,1536
govt.us.txt,market/Data/ETFs,.txt,68683,1431
smdd.us.txt,market/Data/ETFs,.txt,85329,1928
dgro.us.txt,market/Data/ETFs,.txt,41449,863
emcb.us.txt,market/Data/ETFs,.txt,66665,1422
fxe.us.txt,market/Data/ETFs,.txt,145982,3001
ewq.us.txt,market/Data/ETFs,.txt,155162,3202
amu.us.txt,market/Data/ETFs,.txt,63750,1337
wmcr.us.txt,market/Data/ETFs,.txt,123482,2656
tdtf.us.txt,market/Data/ETFs,.txt,73373,1544
dto.us.txt,market/Data/ETFs,.txt,106125,2370
fyld.us.txt,market/Data/ETFs,.txt,46365,989
vis.us.txt,market/Data/ETFs,.txt,152728,3201
tviz.us.txt,market/Data/ETFs,.txt,67898,1647
dbe.us.txt,market/Data/ETFs,.txt,119686,2734
tbt.us.txt,market/Data/ETFs,.txt,111153,2402
dgrw.us.txt,market/Data/ETFs,.txt,54034,1128
qgbr.us.txt,market/Data/ETFs,.txt,20887,458
pcef.us.txt,market/Data/ETFs,.txt,93797,1948
ibdb.us.txt,market/Data/ETFs,.txt,49785,1067
efv.us.txt,market/Data/ETFs,.txt,148996,3090
ubt.us.txt,market/Data/ETFs,.txt,93053,1967
xle.us.txt,market/Data/ETFs,.txt,161343,3202
sgol.us.txt,market/Data/ETFs,.txt,98152,2060
eeh.us.txt,market/Data/ETFs,.txt,43343,1078
istb.us.txt,market/Data/ETFs,.txt,59333,1251
ure.us.txt,market/Data/ETFs,.txt,131396,2713
isra.us.txt,market/Data/ETFs,.txt,50938,1102
gqre.us.txt,market/Data/ETFs,.txt,45156,971
foil.us.txt,market/Data/ETFs,.txt,804,19
eqlt.us.txt,market/Data/ETFs,.txt,35701,780
gyen.us.txt,market/Data/ETFs,.txt,42286,910
pio.us.txt,market/Data/ETFs,.txt,125190,2625
eden.us.txt,market/Data/ETFs,.txt,64008,1367
ewi.us.txt,market/Data/ETFs,.txt,154385,3202
fpxi.us.txt,market/Data/ETFs,.txt,29494,631
bizd.us.txt,market/Data/ETFs,.txt,56648,1195
psct.us.txt,market/Data/ETFs,.txt,78940,1674
ltl.us.txt,market/Data/ETFs,.txt,84490,1817
tlte.us.txt,market/Data/ETFs,.txt,60613,1284
uge.us.txt,market/Data/ETFs,.txt,112861,2407
dgt.us.txt,market/Data/ETFs,.txt,146816,3145
mgc.us.txt,market/Data/ETFs,.txt,118521,2490
iyt.us.txt,market/Data/ETFs,.txt,155903,3202
syld.us.txt,market/Data/ETFs,.txt,53621,1133
xli.us.txt,market/Data/ETFs,.txt,159902,3202
ibdn.us.txt,market/Data/ETFs,.txt,30011,639
copx.us.txt,market/Data/ETFs,.txt,89265,1905
efz.us.txt,market/Data/ETFs,.txt,110937,2528
scj.us.txt,market/Data/ETFs,.txt,115648,2469
adre.us.txt,market/Data/ETFs,.txt,152917,3202
tbx.us.txt,market/Data/ETFs,.txt,70324,1623
mub.us.txt,market/Data/ETFs,.txt,123739,2564
erx.us.txt,market/Data/ETFs,.txt,111689,2270
csj.us.txt,market/Data/ETFs,.txt,131329,2730
ibcc.us.txt,market/Data/ETFs,.txt,50081,1079
bsch.us.txt,market/Data/ETFs,.txt,89060,1869
fjp.us.txt,market/Data/ETFs,.txt,67432,1437
eusa.us.txt,market/Data/ETFs,.txt,73930,1586
zsl.us.txt,market/Data/ETFs,.txt,99717,2252
wrei.us.txt,market/Data/ETFs,.txt,81482,1764
fxg.us.txt,market/Data/ETFs,.txt,121552,2544
ews.us.txt,market/Data/ETFs,.txt,156590,3202
gxg.us.txt,market/Data/ETFs,.txt,103576,2193
ravi.us.txt,market/Data/ETFs,.txt,54971,1185
bdcs.us.txt,market/Data/ETFs,.txt,76492,1619
iltb.us.txt,market/Data/ETFs,.txt,87511,1865
kre.us.txt,market/Data/ETFs,.txt,141686,2869
cape.us.txt,market/Data/ETFs,.txt,49216,1138
nlr.us.txt,market/Data/ETFs,.txt,118035,2522
feuz.us.txt,market/Data/ETFs,.txt,28190,607
drn.us.txt,market/Data/ETFs,.txt,100191,2098
pxj.us.txt,market/Data/ETFs,.txt,144442,3033
fmk.us.txt,market/Data/ETFs,.txt,68710,1486
gval.us.txt,market/Data/ETFs,.txt,43681,923
udow.us.txt,market/Data/ETFs,.txt,94013,1953
qcln.us.txt,market/Data/ETFs,.txt,127441,2705
ubn.us.txt,market/Data/ETFs,.txt,24995,606
bcm.us.txt,market/Data/ETFs,.txt,63602,1469
tur.us.txt,market/Data/ETFs,.txt,117055,2426
upro.us.txt,market/Data/ETFs,.txt,104474,2112
rwr.us.txt,market/Data/ETFs,.txt,155100,3202
pxf.us.txt,market/Data/ETFs,.txt,124575,2617
eudg.us.txt,market/Data/ETFs,.txt,40085,862
ftsd.us.txt,market/Data/ETFs,.txt,28825,624
aok.us.txt,market/Data/ETFs,.txt,106952,2258
fny.us.txt,market/Data/ETFs,.txt,76491,1630
euo.us.txt,market/Data/ETFs,.txt,101467,2257
agnd.us.txt,market/Data/ETFs,.txt,36171,781
gasl.us.txt,market/Data/ETFs,.txt,68946,1630
aaxj.us.txt,market/Data/ETFs,.txt,112879,2326
dbs.us.txt,market/Data/ETFs,.txt,117099,2707
qld.us.txt,market/Data/ETFs,.txt,141506,2870
ddp.us.txt,market/Data/ETFs,.txt,195,5
inr.us.txt,market/Data/ETFs,.txt,5189,118
dbmx.us.txt,market/Data/ETFs,.txt,21314,465
vxz.us.txt,market/Data/ETFs,.txt,99770,2214
sub.us.txt,market/Data/ETFs,.txt,106992,2268
ibdl.us.txt,market/Data/ETFs,.txt,33400,715
mmtm.us.txt,market/Data/ETFs,.txt,35403,772
tfi.us.txt,market/Data/ETFs,.txt,123597,2561
acwf.us.txt,market/Data/ETFs,.txt,18452,404
rpg.us.txt,market/Data/ETFs,.txt,139068,2926
ihi.us.txt,market/Data/ETFs,.txt,138364,2902
xlk.us.txt,market/Data/ETFs,.txt,159289,3202
yxi.us.txt,market/Data/ETFs,.txt,78206,1833
bscj.us.txt,market/Data/ETFs,.txt,66615,1405
def.us.txt,market/Data/ETFs,.txt,127881,2725
eusc.us.txt,market/Data/ETFs,.txt,29430,619
actx.us.txt,market/Data/ETFs,.txt,12438,273
size.us.txt,market/Data/ETFs,.txt,45493,985
rwj.us.txt,market/Data/ETFs,.txt,114570,2420
dxps.us.txt,market/Data/ETFs,.txt,49464,1061
xme.us.txt,market/Data/ETFs,.txt,141283,2868
vo.us.txt,market/Data/ETFs,.txt,154693,3202
xiv.us.txt,market/Data/ETFs,.txt,80430,1748
fhlc.us.txt,market/Data/ETFs,.txt,49041,1019
spxs.us.txt,market/Data/ETFs,.txt,103565,2271
tecl.us.txt,market/Data/ETFs,.txt,105890,2242
pmr.us.txt,market/Data/ETFs,.txt,140395,2989
sphb.us.txt,market/Data/ETFs,.txt,77795,1628
brf.us.txt,market/Data/ETFs,.txt,102248,2141
alts.us.txt,market/Data/ETFs,.txt,36118,777
ewg.us.txt,market/Data/ETFs,.txt,157587,3202
fxs.us.txt,market/Data/ETFs,.txt,124929,2698
flrt.us.txt,market/Data/ETFs,.txt,14408,315
rek.us.txt,market/Data/ETFs,.txt,83137,1921
srty.us.txt,market/Data/ETFs,.txt,89744,1953
dgz.us.txt,market/Data/ETFs,.txt,107085,2438
ephe.us.txt,market/Data/ETFs,.txt,86159,1791
fsta.us.txt,market/Data/ETFs,.txt,48508,1019
upw.us.txt,market/Data/ETFs,.txt,125923,2679
iyz.us.txt,market/Data/ETFs,.txt,155335,3202
cvy.us.txt,market/Data/ETFs,.txt,134803,2806
ewk.us.txt,market/Data/ETFs,.txt,152790,3202
dbko.us.txt,market/Data/ETFs,.txt,35612,764
dgaz.us.txt,market/Data/ETFs,.txt,63326,1447
xlg.us.txt,market/Data/ETFs,.txt,149669,3151
ihe.us.txt,market/Data/ETFs,.txt,137591,2902
tvix.us.txt,market/Data/ETFs,.txt,78022,1748
rcd.us.txt,market/Data/ETFs,.txt,128016,2738
drv.us.txt,market/Data/ETFs,.txt,91484,2098
csd.us.txt,market/Data/ETFs,.txt,127458,2712
hyem.us.txt,market/Data/ETFs,.txt,65572,1372
chau.us.txt,market/Data/ETFs,.txt,27419,619
pxr.us.txt,market/Data/ETFs,.txt,105077,2243
stpz.us.txt,market/Data/ETFs,.txt,99140,2072
nyf.us.txt,market/Data/ETFs,.txt,118894,2529
eemv.us.txt,market/Data/ETFs,.txt,73363,1521
fpe.us.txt,market/Data/ETFs,.txt,57553,1196
afk.us.txt,market/Data/ETFs,.txt,110219,2347
rola.us.txt,market/Data/ETFs,.txt,129,3
ylco.us.txt,market/Data/ETFs,.txt,27772,604
xes.us.txt,market/Data/ETFs,.txt,138153,2869
fidu.us.txt,market/Data/ETFs,.txt,48566,1019
qed.us.txt,market/Data/ETFs,.txt,5335,120
kfyp.us.txt,market/Data/ETFs,.txt,30824,680
xtl.us.txt,market/Data/ETFs,.txt,72675,1564
crbn.us.txt,market/Data/ETFs,.txt,33188,709
vwob.us.txt,market/Data/ETFs,.txt,53207,1119
pph.us.txt,market/Data/ETFs,.txt,155179,3202
lit.us.txt,market/Data/ETFs,.txt,86344,1841
sgdj.us.txt,market/Data/ETFs,.txt,28550,619
faz.us.txt,market/Data/ETFs,.txt,104484,2270
fei.us.txt,market/Data/ETFs,.txt,60443,1250
rom.us.txt,market/Data/ETFs,.txt,128206,2701
iwc.us.txt,market/Data/ETFs,.txt,147887,3083
gaz.us.txt,market/Data/ETFs,.txt,104655,2531
gru.us.txt,market/Data/ETFs,.txt,92502,2357
hyih.us.txt,market/Data/ETFs,.txt,23339,515
pgx.us.txt,market/Data/ETFs,.txt,119278,2465
dvyl.us.txt,market/Data/ETFs,.txt,62054,1330
emlc.us.txt,market/Data/ETFs,.txt,89604,1841
jhdg.us.txt,market/Data/ETFs,.txt,25680,556
fthi.us.txt,market/Data/ETFs,.txt,37630,810
fnde.us.txt,market/Data/ETFs,.txt,50643,1068
ldur.us.txt,market/Data/ETFs,.txt,39845,858
atmp.us.txt,market/Data/ETFs,.txt,55885,1175
tyo.us.txt,market/Data/ETFs,.txt,93177,2152
iwo.us.txt,market/Data/ETFs,.txt,157521,3202
qtec.us.txt,market/Data/ETFs,.txt,137880,2899
qdf.us.txt,market/Data/ETFs,.txt,58707,1231
pbe.us.txt,market/Data/ETFs,.txt,148525,3120
ipac.us.txt,market/Data/ETFs,.txt,40790,863
bis.us.txt,market/Data/ETFs,.txt,77798,1813
dxjh.us.txt,market/Data/ETFs,.txt,31947,689
fdiv.us.txt,market/Data/ETFs,.txt,34998,754
dbez.us.txt,market/Data/ETFs,.txt,33901,723
dbuk.us.txt,market/Data/ETFs,.txt,21960,481
dol.us.txt,market/Data/ETFs,.txt,136205,2870
cyb.us.txt,market/Data/ETFs,.txt,111645,2393
schp.us.txt,market/Data/ETFs,.txt,87529,1832
ibln.us.txt,market/Data/ETFs,.txt,37356,803
lrgf.us.txt,market/Data/ETFs,.txt,28027,595
fan.us.txt,market/Data/ETFs,.txt,84472,1796
icln.us.txt,market/Data/ETFs,.txt,110922,2364
idx.us.txt,market/Data/ETFs,.txt,105979,2216
dbgr.us.txt,market/Data/ETFs,.txt,57403,1221
eirl.us.txt,market/Data/ETFs,.txt,85910,1829
vrp.us.txt,market/Data/ETFs,.txt,42805,890
scif.us.txt,market/Data/ETFs,.txt,85698,1816
jkl.us.txt,market/Data/ETFs,.txt,150641,3202
blv.us.txt,market/Data/ETFs,.txt,127658,2670
ulst.us.txt,market/Data/ETFs,.txt,45302,984
iqdf.us.txt,market/Data/ETFs,.txt,54810,1148
ftlb.us.txt,market/Data/ETFs,.txt,32359,700
agq.us.txt,market/Data/ETFs,.txt,102620,2251
igf.us.txt,market/Data/ETFs,.txt,119443,2498
aadr.us.txt,market/Data/ETFs,.txt,72474,1566
iev.us.txt,market/Data/ETFs,.txt,155600,3202
econ.us.txt,market/Data/ETFs,.txt,86244,1802
schh.us.txt,market/Data/ETFs,.txt,82858,1717
effe.us.txt,market/Data/ETFs,.txt,23145,501
comt.us.txt,market/Data/ETFs,.txt,36287,767
pxsg.us.txt,market/Data/ETFs,.txt,73049,1572
skor.us.txt,market/Data/ETFs,.txt,29924,651
emif.us.txt,market/Data/ETFs,.txt,99332,2115
siz.us.txt,market/Data/ETFs,.txt,2957,70
enfr.us.txt,market/Data/ETFs,.txt,46902,1006
jo.us.txt,market/Data/ETFs,.txt,102478,2348
fgm.us.txt,market/Data/ETFs,.txt,62689,1340
jjn.us.txt,market/Data/ETFs,.txt,103210,2427
schd.us.txt,market/Data/ETFs,.txt,73893,1524
moo.us.txt,market/Data/ETFs,.txt,123980,2567
pick.us.txt,market/Data/ETFs,.txt,67547,1434
sdiv.us.txt,market/Data/ETFs,.txt,78166,1616
dxd.us.txt,market/Data/ETFs,.txt,131621,2855
syg.us.txt,market/Data/ETFs,.txt,32949,715
efad.us.txt,market/Data/ETFs,.txt,37049,791
iez.us.txt,market/Data/ETFs,.txt,139348,2902
gsc.us.txt,market/Data/ETFs,.txt,103068,2397
iai.us.txt,market/Data/ETFs,.txt,139130,2902
thd.us.txt,market/Data/ETFs,.txt,116860,2426
bsjj.us.txt,market/Data/ETFs,.txt,49726,1041
vpl.us.txt,market/Data/ETFs,.txt,154357,3193
oef.us.txt,market/Data/ETFs,.txt,156555,3202
scij.us.txt,market/Data/ETFs,.txt,14516,319
mna.us.txt,market/Data/ETFs,.txt,92758,1990
rxi.us.txt,market/Data/ETFs,.txt,130346,2775
fab.us.txt,market/Data/ETFs,.txt,118838,2532
cnxt.us.txt,market/Data/ETFs,.txt,36227,827
skf.us.txt,market/Data/ETFs,.txt,126460,2715
qdef.us.txt,market/Data/ETFs,.txt,55986,1191
ung.us.txt,market/Data/ETFs,.txt,120373,2664
umdd.us.txt,market/Data/ETFs,.txt,92635,1953
uvxy.us.txt,market/Data/ETFs,.txt,68399,1536
heco.us.txt,market/Data/ETFs,.txt,41401,900
ite.us.txt,market/Data/ETFs,.txt,122857,2604
fv.us.txt,market/Data/ETFs,.txt,45511,930
epol.us.txt,market/Data/ETFs,.txt,90437,1881
ewo.us.txt,market/Data/ETFs,.txt,153591,3202
mtum.us.txt,market/Data/ETFs,.txt,54942,1150
drr.us.txt,market/Data/ETFs,.txt,99408,2319
mvv.us.txt,market/Data/ETFs,.txt,138621,2870
usmv.us.txt,market/Data/ETFs,.txt,73978,1517
fni.us.txt,market/Data/ETFs,.txt,125340,2647
ixp.us.txt,market/Data/ETFs,.txt,152187,3202
ydiv.us.txt,market/Data/ETFs,.txt,47722,1026
eql.us.txt,market/Data/ETFs,.txt,98611,2103
futy.us.txt,market/Data/ETFs,.txt,48542,1019
dbc.us.txt,market/Data/ETFs,.txt,134295,2965
ibdd.us.txt,market/Data/ETFs,.txt,47195,1013
ubr.us.txt,market/Data/ETFs,.txt,82977,1876
eeb.us.txt,market/Data/ETFs,.txt,133783,2806
ibce.us.txt,market/Data/ETFs,.txt,48966,1055
bscn.us.txt,market/Data/ETFs,.txt,36574,781
qdyn.us.txt,market/Data/ETFs,.txt,48331,1043
weet.us.txt,market/Data/ETFs,.txt,1210,29
ibdh.us.txt,market/Data/ETFs,.txt,37049,791
dbo.us.txt,market/Data/ETFs,.txt,119306,2734
smdv.us.txt,market/Data/ETFs,.txt,31423,669
ewc.us.txt,market/Data/ETFs,.txt,157484,3202
srs.us.txt,market/Data/ETFs,.txt,124349,2716
vxf.us.txt,market/Data/ETFs,.txt,154378,3202
iyr.us.txt,market/Data/ETFs,.txt,159963,3202
labu.us.txt,market/Data/ETFs,.txt,27868,619
corn.us.txt,market/Data/ETFs,.txt,82146,1872
tdtt.us.txt,market/Data/ETFs,.txt,74096,1544
inxx.us.txt,market/Data/ETFs,.txt,85234,1827
ymlp.us.txt,market/Data/ETFs,.txt,67694,1426
emfm.us.txt,market/Data/ETFs,.txt,46118,988
pie.us.txt,market/Data/ETFs,.txt,119141,2487
sbb.us.txt,market/Data/ETFs,.txt,112343,2545
ilf.us.txt,market/Data/ETFs,.txt,156978,3202
rth.us.txt,market/Data/ETFs,.txt,155824,3202
tuz.us.txt,market/Data/ETFs,.txt,99892,2128
shyg.us.txt,market/Data/ETFs,.txt,48989,1022
ibdp.us.txt,market/Data/ETFs,.txt,29301,626
sgg.us.txt,market/Data/ETFs,.txt,101866,2351
tbf.us.txt,market/Data/ETFs,.txt,92735,2073
dgre.us.txt,market/Data/ETFs,.txt,50251,1073
ieus.us.txt,market/Data/ETFs,.txt,114235,2455
igih.us.txt,market/Data/ETFs,.txt,25538,557
sdy.us.txt,market/Data/ETFs,.txt,146324,3019
rsxj.us.txt,market/Data/ETFs,.txt,74939,1609
flm.us.txt,market/Data/ETFs,.txt,96649,2084
qmn.us.txt,market/Data/ETFs,.txt,51616,1114
epv.us.txt,market/Data/ETFs,.txt,94020,2109
slvo.us.txt,market/Data/ETFs,.txt,54094,1153
ttt.us.txt,market/Data/ETFs,.txt,61573,1414
gdxs.us.txt,market/Data/ETFs,.txt,30514,694
pscf.us.txt,market/Data/ETFs,.txt,78492,1674
iyj.us.txt,market/Data/ETFs,.txt,153168,3202
rew.us.txt,market/Data/ETFs,.txt,117289,2625
flag.us.txt,market/Data/ETFs,.txt,48446,1050
fxo.us.txt,market/Data/ETFs,.txt,121847,2540
ivov.us.txt,market/Data/ETFs,.txt,76528,1638
fxc.us.txt,market/Data/ETFs,.txt,136114,2867
gxc.us.txt,market/Data/ETFs,.txt,128635,2681
lmlp.us.txt,market/Data/ETFs,.txt,40029,850
eww.us.txt,market/Data/ETFs,.txt,158083,3202
iyf.us.txt,market/Data/ETFs,.txt,155677,3202
acwv.us.txt,market/Data/ETFs,.txt,71014,1492
dug.us.txt,market/Data/ETFs,.txt,122624,2715
bond.us.txt,market/Data/ETFs,.txt,69005,1434
ihy.us.txt,market/Data/ETFs,.txt,66862,1408
iqlt.us.txt,market/Data/ETFs,.txt,25572,555
eev.us.txt,market/Data/ETFs,.txt,112609,2526
bdd.us.txt,market/Data/ETFs,.txt,84515,2093
ftsl.us.txt,market/Data/ETFs,.txt,54496,1142
dvy.us.txt,market/Data/ETFs,.txt,156367,3202
pxmg.us.txt,market/Data/ETFs,.txt,74774,1604
vgt.us.txt,market/Data/ETFs,.txt,154269,3202
qwld.us.txt,market/Data/ETFs,.txt,22604,498
cefl.us.txt,market/Data/ETFs,.txt,47435,982
vcsh.us.txt,market/Data/ETFs,.txt,97318,2007
pff.us.txt,market/Data/ETFs,.txt,131814,2676
vonv.us.txt,market/Data/ETFs,.txt,81969,1743
pex.us.txt,market/Data/ETFs,.txt,46323,1009
ibmh.us.txt,market/Data/ETFs,.txt,44178,945
pak.us.txt,market/Data/ETFs,.txt,26599,584
gsg.us.txt,market/Data/ETFs,.txt,126075,2849
tza.us.txt,market/Data/ETFs,.txt,106713,2271
fud.us.txt,market/Data/ETFs,.txt,84519,2001
ycl.us.txt,market/Data/ETFs,.txt,90126,2081
ign.us.txt,market/Data/ETFs,.txt,152408,3202
tdiv.us.txt,market/Data/ETFs,.txt,63085,1319
usag.us.txt,market/Data/ETFs,.txt,296,7
vuse.us.txt,market/Data/ETFs,.txt,45429,959
vtwv.us.txt,market/Data/ETFs,.txt,78227,1679
ita.us.txt,market/Data/ETFs,.txt,138081,2902
scin.us.txt,market/Data/ETFs,.txt,85291,1829
fri.us.txt,market/Data/ETFs,.txt,122515,2574
jkd.us.txt,market/Data/ETFs,.txt,151241,3202
gyld.us.txt,market/Data/ETFs,.txt,66056,1387
fieg.us.txt,market/Data/ETFs,.txt,91,2
psj.us.txt,market/Data/ETFs,.txt,146052,3112
gri.us.txt,market/Data/ETFs,.txt,109771,2346
socl.us.txt,market/Data/ETFs,.txt,71141,1502
vaw.us.txt,market/Data/ETFs,.txt,152750,3202
myy.us.txt,market/Data/ETFs,.txt,125685,2870
feu.us.txt,market/Data/ETFs,.txt,150623,3188
eis.us.txt,market/Data/ETFs,.txt,114824,2426
itm.us.txt,market/Data/ETFs,.txt,119164,2487
fbt.us.txt,market/Data/ETFs,.txt,135586,2858
hold.us.txt,market/Data/ETFs,.txt,11840,259
cane.us.txt,market/Data/ETFs,.txt,58617,1395
iws.us.txt,market/Data/ETFs,.txt,156313,3202
lalt.us.txt,market/Data/ETFs,.txt,34514,744
hedj.us.txt,market/Data/ETFs,.txt,92978,1942
qual.us.txt,market/Data/ETFs,.txt,52026,1087
ebnd.us.txt,market/Data/ETFs,.txt,80152,1684
jkh.us.txt,market/Data/ETFs,.txt,149792,3195
dbef.us.txt,market/Data/ETFs,.txt,74133,1539
dln.us.txt,market/Data/ETFs,.txt,137389,2873
srln.us.txt,market/Data/ETFs,.txt,55848,1161
gwx.us.txt,market/Data/ETFs,.txt,127158,2658
eqws.us.txt,market/Data/ETFs,.txt,22972,500
pagg.us.txt,market/Data/ETFs,.txt,106238,2266
idlv.us.txt,market/Data/ETFs,.txt,68808,1448
fnda.us.txt,market/Data/ETFs,.txt,51234,1068
bick.us.txt,market/Data/ETFs,.txt,81322,1746
xmlv.us.txt,market/Data/ETFs,.txt,56298,1187
smll.us.txt,market/Data/ETFs,.txt,6202,142
fncl.us.txt,market/Data/ETFs,.txt,48789,1019
ici.us.txt,market/Data/ETFs,.txt,22784,525
icol.us.txt,market/Data/ETFs,.txt,44584,967
ive.us.txt,market/Data/ETFs,.txt,156174,3202
fcom.us.txt,market/Data/ETFs,.txt,48217,1019
nfra.us.txt,market/Data/ETFs,.txt,47715,1007
ltpz.us.txt,market/Data/ETFs,.txt,96939,2058
ext.us.txt,market/Data/ETFs,.txt,121458,2596
vgit.us.txt,market/Data/ETFs,.txt,94763,2004
schx.us.txt,market/Data/ETFs,.txt,98167,2021
ief.us.txt,market/Data/ETFs,.txt,156577,3202
uxi.us.txt,market/Data/ETFs,.txt,123991,2632
iau.us.txt,market/Data/ETFs,.txt,141335,3202
kbwr.us.txt,market/Data/ETFs,.txt,69745,1493
idhq.us.txt,market/Data/ETFs,.txt,118278,2532
amlp.us.txt,market/Data/ETFs,.txt,89388,1815
dod.us.txt,market/Data/ETFs,.txt,98767,2389
ipff.us.txt,market/Data/ETFs,.txt,71373,1502
fpa.us.txt,market/Data/ETFs,.txt,67934,1453
indl.us.txt,market/Data/ETFs,.txt,86926,1933
tybs.us.txt,market/Data/ETFs,.txt,48171,1135
pgal.us.txt,market/Data/ETFs,.txt,45647,994
sij.us.txt,market/Data/ETFs,.txt,108369,2449
totl.us.txt,market/Data/ETFs,.txt,32938,682
usfr.us.txt,market/Data/ETFs,.txt,2234,49
fem.us.txt,market/Data/ETFs,.txt,78764,1646
pdn.us.txt,market/Data/ETFs,.txt,119820,2547
uyg.us.txt,market/Data/ETFs,.txt,88215,1820
psr.us.txt,market/Data/ETFs,.txt,96451,2093
dig.us.txt,market/Data/ETFs,.txt,131990,2716
ifeu.us.txt,market/Data/ETFs,.txt,107991,2321
igv.us.txt,market/Data/ETFs,.txt,153491,3202
retl.us.txt,market/Data/ETFs,.txt,83940,1783
uhn.us.txt,market/Data/ETFs,.txt,98680,2316
figy.us.txt,market/Data/ETFs,.txt,52403,1126
dbaw.us.txt,market/Data/ETFs,.txt,38443,823
sjb.us.txt,market/Data/ETFs,.txt,73104,1672
xslv.us.txt,market/Data/ETFs,.txt,56549,1192
xrlv.us.txt,market/Data/ETFs,.txt,29221,619
xar.us.txt,market/Data/ETFs,.txt,66466,1414
sivr.us.txt,market/Data/ETFs,.txt,92741,2092
voov.us.txt,market/Data/ETFs,.txt,84326,1794
pgf.us.txt,market/Data/ETFs,.txt,133358,2756
emb.us.txt,market/Data/ETFs,.txt,120848,2492
qqxt.us.txt,market/Data/ETFs,.txt,121394,2591
hewg.us.txt,market/Data/ETFs,.txt,42810,890
huse.us.txt,market/Data/ETFs,.txt,47662,1038
jkj.us.txt,market/Data/ETFs,.txt,150143,3200
smlv.us.txt,market/Data/ETFs,.txt,53120,1140
vbk.us.txt,market/Data/ETFs,.txt,153953,3202
fbz.us.txt,market/Data/ETFs,.txt,67700,1459
pgj.us.txt,market/Data/ETFs,.txt,153516,3202
pcy.us.txt,market/Data/ETFs,.txt,123613,2541
cupm.us.txt,market/Data/ETFs,.txt,23518,554
chiq.us.txt,market/Data/ETFs,.txt,94756,2001
jxi.us.txt,market/Data/ETFs,.txt,132892,2806
fad.us.txt,market/Data/ETFs,.txt,117268,2518
tna.us.txt,market/Data/ETFs,.txt,111815,2271
kxi.us.txt,market/Data/ETFs,.txt,133166,2806
jkf.us.txt,market/Data/ETFs,.txt,151120,3202
tqqq.us.txt,market/Data/ETFs,.txt,94597,1953
slyv.us.txt,market/Data/ETFs,.txt,150947,3203
gush.us.txt,market/Data/ETFs,.txt,28953,618
fct.us.txt,market/Data/ETFs,.txt,153370,3202
dhs.us.txt,market/Data/ETFs,.txt,136839,2873
pbw.us.txt,market/Data/ETFs,.txt,150630,3198
bsjl.us.txt,market/Data/ETFs,.txt,37204,789
schb.us.txt,market/Data/ETFs,.txt,98104,2021
hao.us.txt,market/Data/ETFs,.txt,117321,2466
prf.us.txt,market/Data/ETFs,.txt,144041,2996
qai.us.txt,market/Data/ETFs,.txt,103659,2176
rjn.us.txt,market/Data/ETFs,.txt,101243,2518
pez.us.txt,market/Data/ETFs,.txt,128519,2748
lmbs.us.txt,market/Data/ETFs,.txt,31212,660
pwc.us.txt,market/Data/ETFs,.txt,150320,3192
psp.us.txt,market/Data/ETFs,.txt,132854,2783
feo.us.txt,market/Data/ETFs,.txt,126184,2823
fwdi.us.txt,market/Data/ETFs,.txt,50005,1083
chii.us.txt,market/Data/ETFs,.txt,76444,1657
ezj.us.txt,market/Data/ETFs,.txt,83005,1941
gbb.us.txt,market/Data/ETFs,.txt,54013,1278
xvz.us.txt,market/Data/ETFs,.txt,61485,1427
kbwp.us.txt,market/Data/ETFs,.txt,60242,1294
cure.us.txt,market/Data/ETFs,.txt,72658,1574
jjp.us.txt,market/Data/ETFs,.txt,79724,1884
schz.us.txt,market/Data/ETFs,.txt,76511,1593
qus.us.txt,market/Data/ETFs,.txt,18787,409
rzg.us.txt,market/Data/ETFs,.txt,131882,2822
efav.us.txt,market/Data/ETFs,.txt,72732,1516
inco.us.txt,market/Data/ETFs,.txt,64916,1400
ryu.us.txt,market/Data/ETFs,.txt,122146,2610
schv.us.txt,market/Data/ETFs,.txt,95884,1994
rjz.us.txt,market/Data/ETFs,.txt,99799,2449
ring.us.txt,market/Data/ETFs,.txt,68790,1452
bjk.us.txt,market/Data/ETFs,.txt,114481,2447
fdm.us.txt,market/Data/ETFs,.txt,142655,3040
hyls.us.txt,market/Data/ETFs,.txt,56678,1187
ifv.us.txt,market/Data/ETFs,.txt,40178,834
szk.us.txt,market/Data/ETFs,.txt,98758,2266
bndx.us.txt,market/Data/ETFs,.txt,54107,1119
ule.us.txt,market/Data/ETFs,.txt,93643,2168
ciu.us.txt,market/Data/ETFs,.txt,131567,2726
cmf.us.txt,market/Data/ETFs,.txt,120318,2542
fndc.us.txt,market/Data/ETFs,.txt,50352,1068
fvl.us.txt,market/Data/ETFs,.txt,150337,3198
scix.us.txt,market/Data/ETFs,.txt,16912,372
rly.us.txt,market/Data/ETFs,.txt,64923,1377
olem.us.txt,market/Data/ETFs,.txt,47833,1114
sly.us.txt,market/Data/ETFs,.txt,138570,2952
chie.us.txt,market/Data/ETFs,.txt,69220,1507
sdog.us.txt,market/Data/ETFs,.txt,65060,1350
rem.us.txt,market/Data/ETFs,.txt,126573,2645
vox.us.txt,market/Data/ETFs,.txt,152105,3197
croc.us.txt,market/Data/ETFs,.txt,54471,1270
uslv.us.txt,market/Data/ETFs,.txt,67517,1527
sphd.us.txt,market/Data/ETFs,.txt,61174,1272
ewa.us.txt,market/Data/ETFs,.txt,157751,3202
mdy.us.txt,market/Data/ETFs,.txt,158494,3202
fxu.us.txt,market/Data/ETFs,.txt,121456,2545
spxu.us.txt,market/Data/ETFs,.txt,95497,2112
wdti.us.txt,market/Data/ETFs,.txt,75912,1723
uga.us.txt,market/Data/ETFs,.txt,106609,2447
smez.us.txt,market/Data/ETFs,.txt,37782,817
dgp.us.txt,market/Data/ETFs,.txt,108852,2446
dirt.us.txt,market/Data/ETFs,.txt,1331,31
sdem.us.txt,market/Data/ETFs,.txt,27270,590
cjnk.us.txt,market/Data/ETFs,.txt,28779,618
finu.us.txt,market/Data/ETFs,.txt,59913,1284
rwl.us.txt,market/Data/ETFs,.txt,116213,2447
bscl.us.txt,market/Data/ETFs,.txt,51140,1082
ibdj.us.txt,market/Data/ETFs,.txt,28824,618
cafe.us.txt,market/Data/ETFs,.txt,65223,1518
rigs.us.txt,market/Data/ETFs,.txt,48964,1030
mlpx.us.txt,market/Data/ETFs,.txt,50965,1072
adra.us.txt,market/Data/ETFs,.txt,139642,2987
fmy.us.txt,market/Data/ETFs,.txt,145357,3131
tan.us.txt,market/Data/ETFs,.txt,115208,2414
fnk.us.txt,market/Data/ETFs,.txt,74638,1593
frak.us.txt,market/Data/ETFs,.txt,67777,1444
dxge.us.txt,market/Data/ETFs,.txt,48110,1016
minc.us.txt,market/Data/ETFs,.txt,55342,1171
ura.us.txt,market/Data/ETFs,.txt,83680,1764
mcro.us.txt,market/Data/ETFs,.txt,92588,1990
dba.us.txt,market/Data/ETFs,.txt,122785,2734
dgrs.us.txt,market/Data/ETFs,.txt,50491,1080
fif.us.txt,market/Data/ETFs,.txt,73783,1541
btal.us.txt,market/Data/ETFs,.txt,56421,1282
dwm.us.txt,market/Data/ETFs,.txt,136697,2873
fxy.us.txt,market/Data/ETFs,.txt,124708,2708
fone.us.txt,market/Data/ETFs,.txt,68798,1492
uso.us.txt,market/Data/ETFs,.txt,133788,2920
ewm.us.txt,market/Data/ETFs,.txt,155720,3202
vclt.us.txt,market/Data/ETFs,.txt,95941,2003
ijs.us.txt,market/Data/ETFs,.txt,154532,3202
sea.us.txt,market/Data/ETFs,.txt,88595,1869
vot.us.txt,market/Data/ETFs,.txt,135413,2825
wood.us.txt,market/Data/ETFs,.txt,111416,2363
feeu.us.txt,market/Data/ETFs,.txt,51077,1126
mgk.us.txt,market/Data/ETFs,.txt,119202,2491
pzd.us.txt,market/Data/ETFs,.txt,130558,2783
mrgr.us.txt,market/Data/ETFs,.txt,29178,652
xly.us.txt,market/Data/ETFs,.txt,158567,3202
rdiv.us.txt,market/Data/ETFs,.txt,49036,1037
sret.us.txt,market/Data/ETFs,.txt,31218,664
adru.us.txt,market/Data/ETFs,.txt,140874,3020
scz.us.txt,market/Data/ETFs,.txt,120842,2498
dfj.us.txt,market/Data/ETFs,.txt,136180,2871
rgi.us.txt,market/Data/ETFs,.txt,121566,2608
cwi.us.txt,market/Data/ETFs,.txt,130491,2731
vthr.us.txt,market/Data/ETFs,.txt,78630,1689
argt.us.txt,market/Data/ETFs,.txt,75296,1621
rwx.us.txt,market/Data/ETFs,.txt,133328,2746
aoa.us.txt,market/Data/ETFs,.txt,107375,2266
dag.us.txt,market/Data/ETFs,.txt,99073,2410
lvl.us.txt,market/Data/ETFs,.txt,120227,2584
eet.us.txt,market/Data/ETFs,.txt,91935,2124
ixj.us.txt,market/Data/ETFs,.txt,152671,3202
rfg.us.txt,market/Data/ETFs,.txt,135353,2863
hyd.us.txt,market/Data/ETFs,.txt,106586,2209
psch.us.txt,market/Data/ETFs,.txt,78577,1674
edz.us.txt,market/Data/ETFs,.txt,99028,2242
fxa.us.txt,market/Data/ETFs,.txt,137421,2865
drip.us.txt,market/Data/ETFs,.txt,27577,617
ewu.us.txt,market/Data/ETFs,.txt,156045,3202
ijk.us.txt,market/Data/ETFs,.txt,154414,3202
inkm.us.txt,market/Data/ETFs,.txt,65050,1387
enzl.us.txt,market/Data/ETFs,.txt,85827,1809
vtip.us.txt,market/Data/ETFs,.txt,60965,1276
ewy.us.txt,market/Data/ETFs,.txt,157546,3202
pxlg.us.txt,market/Data/ETFs,.txt,69310,1490
pscd.us.txt,market/Data/ETFs,.txt,78429,1674
iyh.us.txt,market/Data/ETFs,.txt,153711,3202
yyy.us.txt,market/Data/ETFs,.txt,61516,1300
edv.us.txt,market/Data/ETFs,.txt,117523,2476
gunr.us.txt,market/Data/ETFs,.txt,74558,1544
ipkw.us.txt,market/Data/ETFs,.txt,43635,929
acwx.us.txt,market/Data/ETFs,.txt,117012,2425
ftcs.us.txt,market/Data/ETFs,.txt,134252,2853
xlu.us.txt,market/Data/ETFs,.txt,159831,3202
spy.us.txt,market/Data/ETFs,.txt,163787,3202
mbb.us.txt,market/Data/ETFs,.txt,129843,2685
frel.us.txt,market/Data/ETFs,.txt,33055,697
aom.us.txt,market/Data/ETFs,.txt,107414,2262
fcan.us.txt,market/Data/ETFs,.txt,58984,1263
cbnd.us.txt,market/Data/ETFs,.txt,72194,1551
cper.us.txt,market/Data/ETFs,.txt,52287,1220
xmpt.us.txt,market/Data/ETFs,.txt,73535,1562
bsv.us.txt,market/Data/ETFs,.txt,129942,2670
ssg.us.txt,market/Data/ETFs,.txt,117504,2674
fyc.us.txt,market/Data/ETFs,.txt,73986,1585
ewh.us.txt,market/Data/ETFs,.txt,157751,3202
pxlv.us.txt,market/Data/ETFs,.txt,65925,1418
mbsd.us.txt,market/Data/ETFs,.txt,33491,724
kroo.us.txt,market/Data/ETFs,.txt,79958,1726
fmat.us.txt,market/Data/ETFs,.txt,48368,1019
iyy.us.txt,market/Data/ETFs,.txt,152526,3202
pscu.us.txt,market/Data/ETFs,.txt,77771,1666
pjp.us.txt,market/Data/ETFs,.txt,149307,3120
ddg.us.txt,market/Data/ETFs,.txt,89975,2110
pza.us.txt,market/Data/ETFs,.txt,122759,2541
fill.us.txt,market/Data/ETFs,.txt,61172,1314
pin.us.txt,market/Data/ETFs,.txt,118629,2442
pxq.us.txt,market/Data/ETFs,.txt,143621,3064
ioil.us.txt,market/Data/ETFs,.txt,53856,1182
ibdc.us.txt,market/Data/ETFs,.txt,48189,1036
qls.us.txt,market/Data/ETFs,.txt,1757,40
acwi.us.txt,market/Data/ETFs,.txt,118067,2426
vgsh.us.txt,market/Data/ETFs,.txt,95174,2007
erus.us.txt,market/Data/ETFs,.txt,84490,1761
remx.us.txt,market/Data/ETFs,.txt,83281,1771
nugt.us.txt,market/Data/ETFs,.txt,77526,1742
ihf.us.txt,market/Data/ETFs,.txt,138506,2902
bwx.us.txt,market/Data/ETFs,.txt,123744,2545
ery.us.txt,market/Data/ETFs,.txt,101994,2270
uag.us.txt,market/Data/ETFs,.txt,3365,80
bsci.us.txt,market/Data/ETFs,.txt,67073,1411
adrd.us.txt,market/Data/ETFs,.txt,149787,3187
ibdo.us.txt,market/Data/ETFs,.txt,29094,623
emag.us.txt,market/Data/ETFs,.txt,56098,1210
fxp.us.txt,market/Data/ETFs,.txt,112077,2521
jpmv.us.txt,market/Data/ETFs,.txt,37539,810
ewd.us.txt,market/Data/ETFs,.txt,154541,3202
axjv.us.txt,market/Data/ETFs,.txt,26945,589
tltd.us.txt,market/Data/ETFs,.txt,60962,1284
rfv.us.txt,market/Data/ETFs,.txt,135922,2902
ugaz.us.txt,market/Data/ETFs,.txt,66750,1448
epi.us.txt,market/Data/ETFs,.txt,120749,2450
slvp.us.txt,market/Data/ETFs,.txt,65866,1404
cntr.us.txt,market/Data/ETFs,.txt,12173,266
dbp.us.txt,market/Data/ETFs,.txt,119505,2734
fiw.us.txt,market/Data/ETFs,.txt,125067,2647
robo.us.txt,market/Data/ETFs,.txt,47833,1021
xlp.us.txt,market/Data/ETFs,.txt,159062,3202
mbg.us.txt,market/Data/ETFs,.txt,100588,2148
lemb.us.txt,market/Data/ETFs,.txt,70159,1519
ixc.us.txt,market/Data/ETFs,.txt,154319,3202
trsk.us.txt,market/Data/ETFs,.txt,42933,928
carz.us.txt,market/Data/ETFs,.txt,71842,1539
pxe.us.txt,market/Data/ETFs,.txt,143832,3033
zmlp.us.txt,market/Data/ETFs,.txt,44852,947
vt.us.txt,market/Data/ETFs,.txt,114150,2363
qqqe.us.txt,market/Data/ETFs,.txt,63470,1350
fhy.us.txt,market/Data/ETFs,.txt,138905,2929
spxh.us.txt,market/Data/ETFs,.txt,49290,1059
uco.us.txt,market/Data/ETFs,.txt,99088,2257
fxh.us.txt,market/Data/ETFs,.txt,119844,2588
twm.us.txt,market/Data/ETFs,.txt,127203,2721
near.us.txt,market/Data/ETFs,.txt,50397,1040
uwm.us.txt,market/Data/ETFs,.txt,132146,2721
imtm.us.txt,market/Data/ETFs,.txt,26539,576
voe.us.txt,market/Data/ETFs,.txt,136000,2825
iym.us.txt,market/Data/ETFs,.txt,154967,3202
ucc.us.txt,market/Data/ETFs,.txt,114556,2453
tflo.us.txt,market/Data/ETFs,.txt,35413,772
gdxx.us.txt,market/Data/ETFs,.txt,30066,691
eufx.us.txt,market/Data/ETFs,.txt,48105,1118
asea.us.txt,market/Data/ETFs,.txt,77446,1658
mgv.us.txt,market/Data/ETFs,.txt,118601,2491
dtn.us.txt,market/Data/ETFs,.txt,136989,2873
pscm.us.txt,market/Data/ETFs,.txt,66174,1427
udn.us.txt,market/Data/ETFs,.txt,119129,2704
ewp.us.txt,market/Data/ETFs,.txt,155293,3202
fxd.us.txt,market/Data/ETFs,.txt,120370,2510
oil.us.txt,market/Data/ETFs,.txt,124464,2832
lqd.us.txt,market/Data/ETFs,.txt,157151,3202
ubm.us.txt,market/Data/ETFs,.txt,1868,44
efo.us.txt,market/Data/ETFs,.txt,78474,1814
mlpi.us.txt,market/Data/ETFs,.txt,92626,1919
vcit.us.txt,market/Data/ETFs,.txt,97097,2007
weat.us.txt,market/Data/ETFs,.txt,64953,1540
dbem.us.txt,market/Data/ETFs,.txt,67263,1433
mchi.us.txt,market/Data/ETFs,.txt,79890,1656
bsji.us.txt,market/Data/ETFs,.txt,66427,1394
tlt.us.txt,market/Data/ETFs,.txt,158900,3202
fgb.us.txt,market/Data/ETFs,.txt,125228,2637
jjm.us.txt,market/Data/ETFs,.txt,99157,2323
schg.us.txt,market/Data/ETFs,.txt,95965,1994
ivv.us.txt,market/Data/ETFs,.txt,158371,3202
dsum.us.txt,market/Data/ETFs,.txt,72283,1532
xrt.us.txt,market/Data/ETFs,.txt,142821,2867
amjl.us.txt,market/Data/ETFs,.txt,12195,264
cly.us.txt,market/Data/ETFs,.txt,93869,1968
hgi.us.txt,market/Data/ETFs,.txt,120101,2566
gaa.us.txt,market/Data/ETFs,.txt,33965,728
iwx.us.txt,market/Data/ETFs,.txt,94506,2004
grn.us.txt,market/Data/ETFs,.txt,77026,1931
frn.us.txt,market/Data/ETFs,.txt,111848,2371
qyld.us.txt,market/Data/ETFs,.txt,45997,979
grwn.us.txt,market/Data/ETFs,.txt,293,7
ige.us.txt,market/Data/ETFs,.txt,155354,3202
chix.us.txt,market/Data/ETFs,.txt,91708,1960
tmv.us.txt,market/Data/ETFs,.txt,97208,2161
iqde.us.txt,market/Data/ETFs,.txt,49768,1063
egpt.us.txt,market/Data/ETFs,.txt,88694,1927
xph.us.txt,market/Data/ETFs,.txt,135860,2845
qjpn.us.txt,market/Data/ETFs,.txt,26486,578
rdvy.us.txt,market/Data/ETFs,.txt,44299,947
fam.us.txt,market/Data/ETFs,.txt,151176,3202
eny.us.txt,market/Data/ETFs,.txt,123316,2610
vioo.us.txt,market/Data/ETFs,.txt,83367,1778
qlta.us.txt,market/Data/ETFs,.txt,67730,1437
dxjs.us.txt,market/Data/ETFs,.txt,52205,1101
pfm.us.txt,market/Data/ETFs,.txt,145736,3062
fta.us.txt,market/Data/ETFs,.txt,122905,2588
xbi.us.txt,market/Data/ETFs,.txt,144713,2964
eema.us.txt,market/Data/ETFs,.txt,65102,1392
qqq.us.txt,market/Data/ETFs,.txt,239012,4702
rzv.us.txt,market/Data/ETFs,.txt,137510,2919
fcor.us.txt,market/Data/ETFs,.txt,35828,770
jja.us.txt,market/Data/ETFs,.txt,107263,2488
ryh.us.txt,market/Data/ETFs,.txt,128004,2721
iemg.us.txt,market/Data/ETFs,.txt,62333,1271
iwl.us.txt,market/Data/ETFs,.txt,90443,1941
fbnd.us.txt,market/Data/ETFs,.txt,36670,777
ashr.us.txt,market/Data/ETFs,.txt,48529,1010
jnug.us.txt,market/Data/ETFs,.txt,49878,1033
gvi.us.txt,market/Data/ETFs,.txt,129617,2729
fndf.us.txt,market/Data/ETFs,.txt,50832,1068
xpp.us.txt,market/Data/ETFs,.txt,92226,2126
kold.us.txt,market/Data/ETFs,.txt,70260,1530
hyzd.us.txt,market/Data/ETFs,.txt,40630,871
nfo.us.txt,market/Data/ETFs,.txt,131169,2793
stip.us.txt,market/Data/ETFs,.txt,81701,1745
acim.us.txt,market/Data/ETFs,.txt,57258,1233
sagg.us.txt,market/Data/ETFs,.txt,4727,107
choc.us.txt,market/Data/ETFs,.txt,60174,1419
yao.us.txt,market/Data/ETFs,.txt,93480,1996
doo.us.txt,market/Data/ETFs,.txt,136490,2873
pek.us.txt,market/Data/ETFs,.txt,80258,1721
eqwl.us.txt,market/Data/ETFs,.txt,26410,572
gltr.us.txt,market/Data/ETFs,.txt,77605,1774
ziv.us.txt,market/Data/ETFs,.txt,73275,1675
plnd.us.txt,market/Data/ETFs,.txt,93457,1994
slyg.us.txt,market/Data/ETFs,.txt,150247,3197
gce.us.txt,market/Data/ETFs,.txt,83236,1807
vone.us.txt,market/Data/ETFs,.txt,82552,1749
fdd.us.txt,market/Data/ETFs,.txt,116044,2485
qat.us.txt,market/Data/ETFs,.txt,34250,740
jju.us.txt,market/Data/ETFs,.txt,78840,1870
pbj.us.txt,market/Data/ETFs,.txt,147816,3116
nobl.us.txt,market/Data/ETFs,.txt,49453,1028
vgk.us.txt,market/Data/ETFs,.txt,156606,3193
dbeu.us.txt,market/Data/ETFs,.txt,49909,1033
fpf.us.txt,market/Data/ETFs,.txt,54739,1128
cmdt.us.txt,market/Data/ETFs,.txt,35720,821
vegi.us.txt,market/Data/ETFs,.txt,67207,1444
viix.us.txt,market/Data/ETFs,.txt,74380,1716
ycs.us.txt,market/Data/ETFs,.txt,99552,2257
wdiv.us.txt,market/Data/ETFs,.txt,51593,1104
voog.us.txt,market/Data/ETFs,.txt,85229,1805
sjnk.us.txt,market/Data/ETFs,.txt,69731,1424
agf.us.txt,market/Data/ETFs,.txt,70811,1689
ftc.us.txt,market/Data/ETFs,.txt,123659,2616
dbap.us.txt,market/Data/ETFs,.txt,30996,672
smh.us.txt,market/Data/ETFs,.txt,159075,3202
midz.us.txt,market/Data/ETFs,.txt,98202,2227
jjc.us.txt,market/Data/ETFs,.txt,110197,2522
ryj.us.txt,market/Data/ETFs,.txt,136375,2892
exi.us.txt,market/Data/ETFs,.txt,131689,2793
muni.us.txt,market/Data/ETFs,.txt,94467,2001
vdc.us.txt,market/Data/ETFs,.txt,152898,3202
mort.us.txt,market/Data/ETFs,.txt,74548,1569
div.us.txt,market/Data/ETFs,.txt,56163,1177
hymb.us.txt,market/Data/ETFs,.txt,78208,1641
ezy.us.txt,market/Data/ETFs,.txt,116927,2524
iwv.us.txt,market/Data/ETFs,.txt,155462,3202
rxd.us.txt,market/Data/ETFs,.txt,102830,2348
reet.us.txt,market/Data/ETFs,.txt,39457,836
ezu.us.txt,market/Data/ETFs,.txt,156684,3202
rals.us.txt,market/Data/ETFs,.txt,79291,1698
pgm.us.txt,market/Data/ETFs,.txt,86348,2034
shy.us.txt,market/Data/ETFs,.txt,156849,3202
idu.us.txt,market/Data/ETFs,.txt,153502,3202
bkln.us.txt,market/Data/ETFs,.txt,82779,1685
vglt.us.txt,market/Data/ETFs,.txt,94187,1991
vea.us.txt,market/Data/ETFs,.txt,128126,2595
fep.us.txt,market/Data/ETFs,.txt,69318,1455
pbp.us.txt,market/Data/ETFs,.txt,119147,2491
bsjk.us.txt,market/Data/ETFs,.txt,49313,1039
phdg.us.txt,market/Data/ETFs,.txt,58396,1232
rji.us.txt,market/Data/ETFs,.txt,104058,2535
heem.us.txt,market/Data/ETFs,.txt,36364,770
roof.us.txt,market/Data/ETFs,.txt,75047,1591
yinn.us.txt,market/Data/ETFs,.txt,75546,1615
ryf.us.txt,market/Data/ETFs,.txt,123901,2631
sche.us.txt,market/Data/ETFs,.txt,95033,1972
vlue.us.txt,market/Data/ETFs,.txt,50184,1069
dgld.us.txt,market/Data/ETFs,.txt,66441,1521
vss.us.txt,market/Data/ETFs,.txt,103733,2168
iwb.us.txt,market/Data/ETFs,.txt,156589,3202
dno.us.txt,market/Data/ETFs,.txt,88620,2047
viiz.us.txt,market/Data/ETFs,.txt,50370,1199
edog.us.txt,market/Data/ETFs,.txt,42121,903
ipo.us.txt,market/Data/ETFs,.txt,47339,1017
dvya.us.txt,market/Data/ETFs,.txt,65931,1413
mzz.us.txt,market/Data/ETFs,.txt,128056,2826
qefa.us.txt,market/Data/ETFs,.txt,30479,662
hdge.us.txt,market/Data/ETFs,.txt,74622,1708
ezm.us.txt,market/Data/ETFs,.txt,127227,2681
imlp.us.txt,market/Data/ETFs,.txt,56581,1200
fsz.us.txt,market/Data/ETFs,.txt,62709,1343
hap.us.txt,market/Data/ETFs,.txt,109196,2315
math.us.txt,market/Data/ETFs,.txt,62658,1362
bzq.us.txt,market/Data/ETFs,.txt,93524,2112
vpu.us.txt,market/Data/ETFs,.txt,153524,3202
ftw.us.txt,market/Data/ETFs,.txt,31415,681
fxch.us.txt,market/Data/ETFs,.txt,658,15
ifgl.us.txt,market/Data/ETFs,.txt,120277,2513
morl.us.txt,market/Data/ETFs,.txt,61362,1272
ieo.us.txt,market/Data/ETFs,.txt,139674,2902
dls.us.txt,market/Data/ETFs,.txt,136840,2873
fcg.us.txt,market/Data/ETFs,.txt,126412,2646
pbd.us.txt,market/Data/ETFs,.txt,124086,2625
vong.us.txt,market/Data/ETFs,.txt,82614,1756
hspx.us.txt,market/Data/ETFs,.txt,50072,1079
ibb.us.txt,market/Data/ETFs,.txt,157104,3202
kie.us.txt,market/Data/ETFs,.txt,144597,3010
hynd.us.txt,market/Data/ETFs,.txt,36113,780
veu.us.txt,market/Data/ETFs,.txt,132040,2692
djp.us.txt,market/Data/ETFs,.txt,128456,2881
fwdb.us.txt,market/Data/ETFs,.txt,56078,1211
iwn.us.txt,market/Data/ETFs,.txt,157782,3202
spuu.us.txt,market/Data/ETFs,.txt,38782,830
guru.us.txt,market/Data/ETFs,.txt,62971,1333
skyy.us.txt,market/Data/ETFs,.txt,76444,1600
eza.us.txt,market/Data/ETFs,.txt,154977,3202
shm.us.txt,market/Data/ETFs,.txt,122092,2537
vtwg.us.txt,market/Data/ETFs,.txt,82082,1754
fxr.us.txt,market/Data/ETFs,.txt,117724,2474
usd.us.txt,market/Data/ETFs,.txt,129131,2711
tyns.us.txt,market/Data/ETFs,.txt,183,4
eurl.us.txt,market/Data/ETFs,.txt,42755,950
iyw.us.txt,market/Data/ETFs,.txt,154708,3202
eufn.us.txt,market/Data/ETFs,.txt,91639,1920
dpk.us.txt,market/Data/ETFs,.txt,96787,2238
kba.us.txt,market/Data/ETFs,.txt,39012,845
ivog.us.txt,market/Data/ETFs,.txt,84629,1799
qaba.us.txt,market/Data/ETFs,.txt,98475,2099
igov.us.txt,market/Data/ETFs,.txt,104235,2208
sdd.us.txt,market/Data/ETFs,.txt,111253,2501
vnq.us.txt,market/Data/ETFs,.txt,157363,3202
aor.us.txt,market/Data/ETFs,.txt,107655,2265
uae.us.txt,market/Data/ETFs,.txt,38949,838
iefa.us.txt,market/Data/ETFs,.txt,61682,1269
bsck.us.txt,market/Data/ETFs,.txt,66427,1396
vym.us.txt,market/Data/ETFs,.txt,133674,2766
rsx.us.txt,market/Data/ETFs,.txt,130746,2656
pxmv.us.txt,market/Data/ETFs,.txt,75263,1611
bwz.us.txt,market/Data/ETFs,.txt,103981,2206
rwk.us.txt,market/Data/ETFs,.txt,114854,2432
ibdm.us.txt,market/Data/ETFs,.txt,28689,613
emsh.us.txt,market/Data/ETFs,.txt,34510,761
vxus.us.txt,market/Data/ETFs,.txt,82647,1708
bwv.us.txt,market/Data/ETFs,.txt,75725,1804
drw.us.txt,market/Data/ETFs,.txt,124727,2631
byld.us.txt,market/Data/ETFs,.txt,38031,823
cn.us.txt,market/Data/ETFs,.txt,35624,779
xlf.us.txt,market/Data/ETFs,.txt,162192,3202
wip.us.txt,market/Data/ETFs,.txt,116661,2432
efu.us.txt,market/Data/ETFs,.txt,107112,2431
phb.us.txt,market/Data/ETFs,.txt,121699,2512
mlps.us.txt,market/Data/ETFs,.txt,353,8
cew.us.txt,market/Data/ETFs,.txt,94320,2145
ftec.us.txt,market/Data/ETFs,.txt,48776,1019
sef.us.txt,market/Data/ETFs,.txt,103693,2372
ewj.us.txt,market/Data/ETFs,.txt,158983,3202
tusa.us.txt,market/Data/ETFs,.txt,25526,553
ijt.us.txt,market/Data/ETFs,.txt,154521,3202
ech.us.txt,market/Data/ETFs,.txt,121155,2515
upv.us.txt,market/Data/ETFs,.txt,76596,1794
vb.us.txt,market/Data/ETFs,.txt,154901,3202
fltb.us.txt,market/Data/ETFs,.txt,36346,777
ees.us.txt,market/Data/ETFs,.txt,127733,2687
zroz.us.txt,market/Data/ETFs,.txt,94346,1998
des.us.txt,market/Data/ETFs,.txt,138073,2873
sdp.us.txt,market/Data/ETFs,.txt,115886,2638
ero.us.txt,market/Data/ETFs,.txt,17564,413
boil.us.txt,market/Data/ETFs,.txt,68155,1534
tolz.us.txt,market/Data/ETFs,.txt,41981,902
lowc.us.txt,market/Data/ETFs,.txt,26970,591
gld.us.txt,market/Data/ETFs,.txt,154879,3202
vlu.us.txt,market/Data/ETFs,.txt,26628,582
gxf.us.txt,market/Data/ETFs,.txt,96766,2073
fxf.us.txt,market/Data/ETFs,.txt,129893,2867
ayt.us.txt,market/Data/ETFs,.txt,19698,426
iyc.us.txt,market/Data/ETFs,.txt,152744,3202
labd.us.txt,market/Data/ETFs,.txt,27470,619
crop.us.txt,market/Data/ETFs,.txt,73503,1587
vidi.us.txt,market/Data/ETFs,.txt,48030,1012
axjl.us.txt,market/Data/ETFs,.txt,73429,1582
vv.us.txt,market/Data/ETFs,.txt,154854,3202
hygh.us.txt,market/Data/ETFs,.txt,38192,822
eps.us.txt,market/Data/ETFs,.txt,126328,2683
dcng.us.txt,market/Data/ETFs,.txt,383,9
saa.us.txt,market/Data/ETFs,.txt,121932,2597
ctnn.us.txt,market/Data/ETFs,.txt,27399,656
pscc.us.txt,market/Data/ETFs,.txt,77601,1662
grid.us.txt,market/Data/ETFs,.txt,85517,1845
pfig.us.txt,market/Data/ETFs,.txt,71482,1531
nib.us.txt,market/Data/ETFs,.txt,100805,2333
rtm.us.txt,market/Data/ETFs,.txt,124498,2670
mlpg.us.txt,market/Data/ETFs,.txt,77116,1664
fmf.us.txt,market/Data/ETFs,.txt,39854,910
oneq.us.txt,market/Data/ETFs,.txt,151411,3202
gmf.us.txt,market/Data/ETFs,.txt,127476,2680
ubc.us.txt,market/Data/ETFs,.txt,8980,206
wmw.us.txt,market/Data/ETFs,.txt,97389,2329
efa.us.txt,market/Data/ETFs,.txt,160717,3202
cnda.us.txt,market/Data/ETFs,.txt,84642,1820
cwb.us.txt,market/Data/ETFs,.txt,104847,2161
urr.us.txt,market/Data/ETFs,.txt,23616,551
fnx.us.txt,market/Data/ETFs,.txt,124383,2623
llsc.us.txt,market/Data/ETFs,.txt,5470,120
fdis.us.txt,market/Data/ETFs,.txt,48556,1019
vcr.us.txt,market/Data/ETFs,.txt,152574,3202
biv.us.txt,market/Data/ETFs,.txt,129092,2670
gcc.us.txt,market/Data/ETFs,.txt,108364,2470
vixm.us.txt,market/Data/ETFs,.txt,76354,1724
fpl.us.txt,market/Data/ETFs,.txt,44063,917
inda.us.txt,market/Data/ETFs,.txt,65591,1353
ixus.us.txt,market/Data/ETFs,.txt,60694,1268
fdn.us.txt,market/Data/ETFs,.txt,131947,2856
dbbr.us.txt,market/Data/ETFs,.txt,58763,1273
norw.us.txt,market/Data/ETFs,.txt,83107,1761
syv.us.txt,market/Data/ETFs,.txt,21272,465
ppa.us.txt,market/Data/ETFs,.txt,144298,3033
fas.us.txt,market/Data/ETFs,.txt,110669,2270
bkf.us.txt,market/Data/ETFs,.txt,120164,2515
dvye.us.txt,market/Data/ETFs,.txt,68303,1437
vtwo.us.txt,market/Data/ETFs,.txt,83679,1760
ftls.us.txt,market/Data/ETFs,.txt,36097,767
ffr.us.txt,market/Data/ETFs,.txt,119216,2548
slv.us.txt,market/Data/ETFs,.txt,133162,2907
iwf.us.txt,market/Data/ETFs,.txt,158002,3202
xsd.us.txt,market/Data/ETFs,.txt,141702,2960
sgar.us.txt,market/Data/ETFs,.txt,81,2
gldi.us.txt,market/Data/ETFs,.txt,56156,1206
eems.us.txt,market/Data/ETFs,.txt,69613,1487
pxsv.us.txt,market/Data/ETFs,.txt,75700,1614
iat.us.txt,market/Data/ETFs,.txt,138890,2902
jjs.us.txt,market/Data/ETFs,.txt,10387,238
eido.us.txt,market/Data/ETFs,.txt,91414,1891
rxl.us.txt,market/Data/ETFs,.txt,127075,2696
psk.us.txt,market/Data/ETFs,.txt,97863,2054
eqal.us.txt,market/Data/ETFs,.txt,34109,723
sbio.us.txt,market/Data/ETFs,.txt,31936,721
jke.us.txt,market/Data/ETFs,.txt,151847,3202
fue.us.txt,market/Data/ETFs,.txt,1557,40
tipz.us.txt,market/Data/ETFs,.txt,95239,2042
bno.us.txt,market/Data/ETFs,.txt,83029,1852
ibmi.us.txt,market/Data/ETFs,.txt,37893,810
pey.us.txt,market/Data/ETFs,.txt,154389,3202
scha.us.txt,market/Data/ETFs,.txt,97924,2021
ghii.us.txt,market/Data/ETFs,.txt,26355,569
bib.us.txt,market/Data/ETFs,.txt,85571,1873
dust.us.txt,market/Data/ETFs,.txt,77119,1742
fgd.us.txt,market/Data/ETFs,.txt,117347,2469
itot.us.txt,market/Data/ETFs,.txt,153817,3201
hyld.us.txt,market/Data/ETFs,.txt,83272,1744
regl.us.txt,market/Data/ETFs,.txt,31642,675
vixy.us.txt,market/Data/ETFs,.txt,72414,1724
fpx.us.txt,market/Data/ETFs,.txt,136032,2885
jjg.us.txt,market/Data/ETFs,.txt,110189,2530
schm.us.txt,market/Data/ETFs,.txt,82735,1717
qinc.us.txt,market/Data/ETFs,.txt,39771,858
picb.us.txt,market/Data/ETFs,.txt,89036,1876
rja.us.txt,market/Data/ETFs,.txt,103811,2534
paf.us.txt,market/Data/ETFs,.txt,115293,2480
russ.us.txt,market/Data/ETFs,.txt,68212,1617
eumv.us.txt,market/Data/ETFs,.txt,39429,846
cza.us.txt,market/Data/ETFs,.txt,111988,2409
vtv.us.txt,market/Data/ETFs,.txt,155683,3202
indy.us.txt,market/Data/ETFs,.txt,96390,2008
airr.us.txt,market/Data/ETFs,.txt,43369,922
fex.us.txt,market/Data/ETFs,.txt,124587,2614
iwr.us.txt,market/Data/ETFs,.txt,155417,3202
gex.us.txt,market/Data/ETFs,.txt,124252,2648
bom.us.txt,market/Data/ETFs,.txt,325,9
jki.us.txt,market/Data/ETFs,.txt,149679,3194
spff.us.txt,market/Data/ETFs,.txt,63893,1339
fndx.us.txt,market/Data/ETFs,.txt,51415,1068
iyk.us.txt,market/Data/ETFs,.txt,152316,3202
silj.us.txt,market/Data/ETFs,.txt,56229,1208
fxn.us.txt,market/Data/ETFs,.txt,125560,2628
dsi.us.txt,market/Data/ETFs,.txt,128845,2742
ewz.us.txt,market/Data/ETFs,.txt,160691,3202
ymli.us.txt,market/Data/ETFs,.txt,56071,1194
uci.us.txt,market/Data/ETFs,.txt,100050,2312
ause.us.txt,market/Data/ETFs,.txt,74191,1594
gll.us.txt,market/Data/ETFs,.txt,99371,2252
dbjp.us.txt,market/Data/ETFs,.txt,69188,1446
dtd.us.txt,market/Data/ETFs,.txt,136012,2873
qqqc.us.txt,market/Data/ETFs,.txt,62350,1347
mint.us.txt,market/Data/ETFs,.txt,97248,2011
ieur.us.txt,market/Data/ETFs,.txt,41063,862
rww.us.txt,market/Data/ETFs,.txt,100414,2165
prfz.us.txt,market/Data/ETFs,.txt,133416,2806
vnm.us.txt,market/Data/ETFs,.txt,99542,2077
xhe.us.txt,market/Data/ETFs,.txt,76837,1647
xlv.us.txt,market/Data/ETFs,.txt,158941,3202
flge.us.txt,market/Data/ETFs,.txt,40160,859
ftgc.us.txt,market/Data/ETFs,.txt,45173,1010
fmb.us.txt,market/Data/ETFs,.txt,38430,821
dbv.us.txt,market/Data/ETFs,.txt,123415,2809
cgw.us.txt,market/Data/ETFs,.txt,125634,2646
mlpc.us.txt,market/Data/ETFs,.txt,45183,968
dfe.us.txt,market/Data/ETFs,.txt,134594,2845
ibdq.us.txt,market/Data/ETFs,.txt,28351,605
ubg.us.txt,market/Data/ETFs,.txt,133,3
dew.us.txt,market/Data/ETFs,.txt,134094,2858
evx.us.txt,market/Data/ETFs,.txt,110933,2408
ftsm.us.txt,market/Data/ETFs,.txt,37581,793
rpv.us.txt,market/Data/ETFs,.txt,139392,2929
soxx.us.txt,market/Data/ETFs,.txt,155080,3203
ewv.us.txt,market/Data/ETFs,.txt,110444,2497
ust.us.txt,market/Data/ETFs,.txt,91798,1940
ijh.us.txt,market/Data/ETFs,.txt,156459,3202
fxb.us.txt,market/Data/ETFs,.txt,135655,2861
iyg.us.txt,market/Data/ETFs,.txt,153339,3202
rez.us.txt,market/Data/ETFs,.txt,123636,2602
hyg.us.txt,market/Data/ETFs,.txt,131649,2669
voo.us.txt,market/Data/ETFs,.txt,88437,1805
dth.us.txt,market/Data/ETFs,.txt,136190,2873
aia.us.txt,market/Data/ETFs,.txt,118988,2514
xlb.us.txt,market/Data/ETFs,.txt,159629,3202
dbb.us.txt,market/Data/ETFs,.txt,120791,2734
ald.us.txt,market/Data/ETFs,.txt,73559,1562
rsp.us.txt,market/Data/ETFs,.txt,156132,3202
finz.us.txt,market/Data/ETFs,.txt,29697,704
dslv.us.txt,market/Data/ETFs,.txt,67386,1527
fyt.us.txt,market/Data/ETFs,.txt,72394,1544
pghy.us.txt,market/Data/ETFs,.txt,51999,1106
ivoo.us.txt,market/Data/ETFs,.txt,84357,1791
fhk.us.txt,market/Data/ETFs,.txt,44742,963
amj.us.txt,market/Data/ETFs,.txt,106405,2170
olo.us.txt,market/Data/ETFs,.txt,92477,2221
gmom.us.txt,market/Data/ETFs,.txt,35169,751
fku.us.txt,market/Data/ETFs,.txt,63665,1358
usl.us.txt,market/Data/ETFs,.txt,107835,2491
ewn.us.txt,market/Data/ETFs,.txt,153449,3202
splx.us.txt,market/Data/ETFs,.txt,26367,615
fxz.us.txt,market/Data/ETFs,.txt,123906,2599
vnqi.us.txt,market/Data/ETFs,.txt,84696,1760
gdxj.us.txt,market/Data/ETFs,.txt,98769,2015
soyb.us.txt,market/Data/ETFs,.txt,66089,1527
kbe.us.txt,market/Data/ETFs,.txt,148702,3019
qid.us.txt,market/Data/ETFs,.txt,133137,2855
dgs.us.txt,market/Data/ETFs,.txt,121394,2528
hys.us.txt,market/Data/ETFs,.txt,77771,1611
ddm.us.txt,market/Data/ETFs,.txt,140675,2870
bal.us.txt,market/Data/ETFs,.txt,101029,2340
qemm.us.txt,market/Data/ETFs,.txt,34017,737
gii.us.txt,market/Data/ETFs,.txt,125551,2688
fltr.us.txt,market/Data/ETFs,.txt,74803,1592
soxl.us.txt,market/Data/ETFs,.txt,93679,1934
ibcd.us.txt,market/Data/ETFs,.txt,50322,1084
snln.us.txt,market/Data/ETFs,.txt,59712,1256
bsco.us.txt,market/Data/ETFs,.txt,36867,784
xop.us.txt,market/Data/ETFs,.txt,141799,2868
fyx.us.txt,market/Data/ETFs,.txt,122514,2589
csm.us.txt,market/Data/ETFs,.txt,99751,2100
rwo.us.txt,market/Data/ETFs,.txt,114814,2392
psci.us.txt,market/Data/ETFs,.txt,77737,1667
iye.us.txt,market/Data/ETFs,.txt,156065,3202
pall.us.txt,market/Data/ETFs,.txt,86356,1976
fko.us.txt,market/Data/ETFs,.txt,50194,1094
fm.us.txt,market/Data/ETFs,.txt,62395,1301
ewt.us.txt,market/Data/ETFs,.txt,157828,3202
sphq.us.txt,market/Data/ETFs,.txt,143492,3005
usv.us.txt,market/Data/ETFs,.txt,69631,1650
ijj.us.txt,market/Data/ETFs,.txt,154371,3202
pkb.us.txt,market/Data/ETFs,.txt,143113,3032
alfa.us.txt,market/Data/ETFs,.txt,61601,1354
gnr.us.txt,market/Data/ETFs,.txt,85996,1802
ounz.us.txt,market/Data/ETFs,.txt,39072,880
fdts.us.txt,market/Data/ETFs,.txt,39311,856
oih.us.txt,market/Data/ETFs,.txt,159674,3202
emcg.us.txt,market/Data/ETFs,.txt,38999,844
ttfs.us.txt,market/Data/ETFs,.txt,67493,1448
nini.us.txt,market/Data/ETFs,.txt,7278,161
ixg.us.txt,market/Data/ETFs,.txt,152194,3202
mlpa.us.txt,market/Data/ETFs,.txt,66559,1399
psau.us.txt,market/Data/ETFs,.txt,108020,2304
spyb.us.txt,market/Data/ETFs,.txt,24404,532
efg.us.txt,market/Data/ETFs,.txt,148194,3090
cpi.us.txt,market/Data/ETFs,.txt,88304,1915
shyd.us.txt,market/Data/ETFs,.txt,44903,950
cqqq.us.txt,market/Data/ETFs,.txt,93537,1994
dwx.us.txt,market/Data/ETFs,.txt,117882,2453
fxl.us.txt,market/Data/ETFs,.txt,124196,2604
ewx.us.txt,market/Data/ETFs,.txt,113684,2387
psce.us.txt,market/Data/ETFs,.txt,78434,1672
cut.us.txt,market/Data/ETFs,.txt,119503,2520
epu.us.txt,market/Data/ETFs,.txt,101252,2115
iusb.us.txt,market/Data/ETFs,.txt,38487,817
fln.us.txt,market/Data/ETFs,.txt,62950,1357
spxl.us.txt,market/Data/ETFs,.txt,111720,2271
bbh.us.txt,market/Data/ETFs,.txt,154529,3202
tecs.us.txt,market/Data/ETFs,.txt,94756,2242
bfor.us.txt,market/Data/ETFs,.txt,52513,1119
tilt.us.txt,market/Data/ETFs,.txt,71765,1523
pfxf.us.txt,market/Data/ETFs,.txt,64029,1339
sco.us.txt,market/Data/ETFs,.txt,105808,2257
mlpy.us.txt,market/Data/ETFs,.txt,74882,1614
ibdk.us.txt,market/Data/ETFs,.txt,28970,617
rwm.us.txt,market/Data/ETFs,.txt,124716,2721
bscm.us.txt,market/Data/ETFs,.txt,51015,1080
vht.us.txt,market/Data/ETFs,.txt,153687,3202
ewzs.us.txt,market/Data/ETFs,.txt,84356,1791
bbp.us.txt,market/Data/ETFs,.txt,33524,731
jdst.us.txt,market/Data/ETFs,.txt,44810,1033
jpnl.us.txt,market/Data/ETFs,.txt,48276,1101
bbrc.us.txt,market/Data/ETFs,.txt,60202,1282
pzi.us.txt,market/Data/ETFs,.txt,143432,3053
scto.us.txt,market/Data/ETFs,.txt,30486,658
splv.us.txt,market/Data/ETFs,.txt,80651,1642
hezu.us.txt,market/Data/ETFs,.txt,38456,796
iusv.us.txt,market/Data/ETFs,.txt,153670,3202
fbgx.us.txt,market/Data/ETFs,.txt,40289,859
ugl.us.txt,market/Data/ETFs,.txt,99376,2252
sbm.us.txt,market/Data/ETFs,.txt,935,21
braq.us.txt,market/Data/ETFs,.txt,81063,1748
ewl.us.txt,market/Data/ETFs,.txt,154801,3202
ijr.us.txt,market/Data/ETFs,.txt,158350,3202
bdcl.us.txt,market/Data/ETFs,.txt,78305,1627
qqew.us.txt,market/Data/ETFs,.txt,138079,2909
edc.us.txt,market/Data/ETFs,.txt,105325,2242
bab.us.txt,market/Data/ETFs,.txt,97033,2011
lqdh.us.txt,market/Data/ETFs,.txt,35695,772
spyv.us.txt,market/Data/ETFs,.txt,151262,3199
scc.us.txt,market/Data/ETFs,.txt,399,9
kce.us.txt,market/Data/ETFs,.txt,143179,3013
mfd.us.txt,market/Data/ETFs,.txt,151246,3202
xhs.us.txt,market/Data/ETFs,.txt,69113,1471
eem.us.txt,market/Data/ETFs,.txt,161618,3202
tao.us.txt,market/Data/ETFs,.txt,116953,2481
dem.us.txt,market/Data/ETFs,.txt,126009,2604
ioo.us.txt,market/Data/ETFs,.txt,152861,3202
dxjc.us.txt,market/Data/ETFs,.txt,27284,592
tlh.us.txt,market/Data/ETFs,.txt,129666,2730
cmbs.us.txt,market/Data/ETFs,.txt,67388,1432
wps.us.txt,market/Data/ETFs,.txt,122192,2587
hilo.us.txt,market/Data/ETFs,.txt,71892,1531
mln.us.txt,market/Data/ETFs,.txt,116707,2461
dog.us.txt,market/Data/ETFs,.txt,128149,2870
pnqi.us.txt,market/Data/ETFs,.txt,104851,2303
yang.us.txt,market/Data/ETFs,.txt,72673,1615
mdyv.us.txt,market/Data/ETFs,.txt,129414,2778
sgdm.us.txt,market/Data/ETFs,.txt,39553,839
icf.us.txt,market/Data/ETFs,.txt,156088,3202
dzk.us.txt,market/Data/ETFs,.txt,101054,2239
vbr.us.txt,market/Data/ETFs,.txt,154216,3202
tmf.us.txt,market/Data/ETFs,.txt,104541,2161
kol.us.txt,market/Data/ETFs,.txt,118889,2477
ecns.us.txt,market/Data/ETFs,.txt,81581,1752
pwb.us.txt,market/Data/ETFs,.txt,152671,3198
psq.us.txt,market/Data/ETFs,.txt,131681,2870
tyd.us.txt,market/Data/ETFs,.txt,89250,1921
sciu.us.txt,market/Data/ETFs,.txt,25364,552
iwd.us.txt,market/Data/ETFs,.txt,158213,3202
cred.us.txt,market/Data/ETFs,.txt,129554,2725
iqdy.us.txt,market/Data/ETFs,.txt,44095,946
slx.us.txt,market/Data/ETFs,.txt,133063,2789
ipe.us.txt,market/Data/ETFs,.txt,125083,2630
cow.us.txt,market/Data/ETFs,.txt,109994,2527
djci.us.txt,market/Data/ETFs,.txt,83076,1935
qdeu.us.txt,market/Data/ETFs,.txt,30352,664
fwdd.us.txt,market/Data/ETFs,.txt,52624,1144
dyy.us.txt,market/Data/ETFs,.txt,86216,2189
vega.us.txt,market/Data/ETFs,.txt,48415,1047
hdg.us.txt,market/Data/ETFs,.txt,66319,1501
fndb.us.txt,market/Data/ETFs,.txt,50678,1068
nge.us.txt,market/Data/ETFs,.txt,53285,1160
fca.us.txt,market/Data/ETFs,.txt,55528,1202
femb.us.txt,market/Data/ETFs,.txt,21345,460
hefa.us.txt,market/Data/ETFs,.txt,41376,854
gres.us.txt,market/Data/ETFs,.txt,94145,2015
gsp.us.txt,market/Data/ETFs,.txt,125257,2878
iei.us.txt,market/Data/ETFs,.txt,131556,2730
ryt.us.txt,market/Data/ETFs,.txt,127938,2712
cny.us.txt,market/Data/ETFs,.txt,96571,2274
fdl.us.txt,market/Data/ETFs,.txt,140843,2938
rinf.us.txt,market/Data/ETFs,.txt,33820,725
jkk.us.txt,market/Data/ETFs,.txt,149154,3189
pwv.us.txt,market/Data/ETFs,.txt,153193,3196
fez.us.txt,market/Data/ETFs,.txt,155524,3202
iwp.us.txt,market/Data/ETFs,.txt,155849,3202
unl.us.txt,market/Data/ETFs,.txt,85730,1999
ihdg.us.txt,market/Data/ETFs,.txt,41720,875
rhs.us.txt,market/Data/ETFs,.txt,119087,2546
fdt.us.txt,market/Data/ETFs,.txt,77234,1635
nash.us.txt,market/Data/ETFs,.txt,31913,694
vde.us.txt,market/Data/ETFs,.txt,154172,3202
ibmg.us.txt,market/Data/ETFs,.txt,54582,1163
vmbs.us.txt,market/Data/ETFs,.txt,95571,2006
ewem.us.txt,market/Data/ETFs,.txt,72219,1563
jje.us.txt,market/Data/ETFs,.txt,90424,2170
scho.us.txt,market/Data/ETFs,.txt,86540,1832
dvhl.us.txt,market/Data/ETFs,.txt,47342,1003
smn.us.txt,market/Data/ETFs,.txt,119956,2713
usdu.us.txt,market/Data/ETFs,.txt,40798,881
sdyl.us.txt,market/Data/ETFs,.txt,57648,1245
grek.us.txt,market/Data/ETFs,.txt,70033,1486
bil.us.txt,market/Data/ETFs,.txt,118323,2635
ediv.us.txt,market/Data/ETFs,.txt,80471,1685
urth.us.txt,market/Data/ETFs,.txt,59144,1266
schc.us.txt,market/Data/ETFs,.txt,93688,1972
fsd.us.txt,market/Data/ETFs,.txt,86207,1792
gdx.us.txt,market/Data/ETFs,.txt,144032,2891
angl.us.txt,market/Data/ETFs,.txt,64863,1374
intf.us.txt,market/Data/ETFs,.txt,27138,581
qcan.us.txt,market/Data/ETFs,.txt,33248,725
smmu.us.txt,market/Data/ETFs,.txt,87586,1882
fxsg.us.txt,market/Data/ETFs,.txt,25723,557
xsoe.us.txt,market/Data/ETFs,.txt,19881,432
bsjm.us.txt,market/Data/ETFs,.txt,37009,788
idog.us.txt,market/Data/ETFs,.txt,52279,1101
viog.us.txt,market/Data/ETFs,.txt,81596,1754
smb.us.txt,market/Data/ETFs,.txt,114480,2411
ishg.us.txt,market/Data/ETFs,.txt,101564,2196
pwz.us.txt,market/Data/ETFs,.txt,118741,2526
psi.us.txt,market/Data/ETFs,.txt,147160,3108
hewj.us.txt,market/Data/ETFs,.txt,44453,926
fxeu.us.txt,market/Data/ETFs,.txt,27419,584
jkg.us.txt,market/Data/ETFs,.txt,150544,3202
tipx.us.txt,market/Data/ETFs,.txt,41503,899
itb.us.txt,market/Data/ETFs,.txt,142012,2902
emlp.us.txt,market/Data/ETFs,.txt,65560,1356
tags.us.txt,market/Data/ETFs,.txt,2201,50
agz.us.txt,market/Data/ETFs,.txt,106789,2266
igm.us.txt,market/Data/ETFs,.txt,152604,3202
